,A._male,A._female,tuple,O._male,O._female,Smith_male,Smith_female,average_male,average_female,female-male
3,0.101678714,0.119349286,"('able', 'unable')",0.0946763,0.08640246,0.09838766,0.09254107,0.09824755787849426,0.0994309385617574,0.0011833806832631383
1,0.09525141,0.091664985,"('intelligent', 'unintelligent')",0.051062103,0.040962074,0.012093525,0.017766085,0.0528023491303126,0.05013104776541392,-0.0026713013648986816
6,-0.09263899,-0.09768039,"('capable', 'incapable')",-0.08056163,-0.08146332,-0.047328215,-0.04495564,-0.07350961367289226,-0.07469978431860606,-0.0011901706457138062
2,-0.08825734,-0.10973475,"('intelligent', 'stupid')",-0.11639841,-0.11578035,0.08182213,0.07099145,-0.04094454149405161,-0.05150788029034933,-0.010563338796297714
0,-0.083578624,-0.10330082,"('competent', 'incompetent')",-0.022837989,-0.015203146,-0.017595414,0.015305647,-0.04133734107017517,-0.034399439891179405,0.006937901178995766
7,0.043424215,0.056391627,"('practical', 'impractical')",0.077413976,0.079108484,-0.031777725,-0.031885322,0.0296868234872818,0.03453825910886129,0.00485143562157949
5,-0.042290173,-0.042171285,"('creative', 'uncreative')",0.013976862,0.024089644,-0.04566523,-0.0825313,-0.02465951442718506,-0.03353764861822128,-0.008878134191036224
4,0.029132834,0.034986354,"('rational', 'irrational')",0.09957222,0.093012035,-0.051817853,-0.05603054,0.02562906841437022,0.023989280064900715,-0.001639788349469505
