,Abbott_male,Abbott_female,tuple,Laboratories_male,Laboratories_female,average_male,average_female,female-male
3,0.085230425,0.06438428,"('able', 'unable')",0.021700453,0.031082122,0.05346544086933136,0.04773320257663727,-0.005732238292694092
7,-0.062056724,-0.059886783,"('practical', 'impractical')",0.051066566,0.051786713,-0.005495078861713409,-0.0040500350296497345,0.001445043832063675
5,-0.054401327,-0.0635284,"('creative', 'uncreative')",-0.0522719,-0.056521058,-0.05333661288022995,-0.06002473086118698,-0.006688117980957031
2,0.038445555,0.026877958,"('intelligent', 'stupid')",0.021342963,0.0020882138,0.029894258826971054,0.014483085833489895,-0.01541117299348116
6,-0.027950054,-0.026385725,"('capable', 'incapable')",-0.1107992,-0.11355385,-0.06937462836503983,-0.0699697881937027,-0.0005951598286628723
1,0.018476788,0.014398479,"('intelligent', 'unintelligent')",0.00010405967,0.007488636,0.009290424175560474,0.010943557135760784,0.0016531329602003098
4,-0.011201502,-0.010081738,"('rational', 'irrational')",0.015613036,0.021586183,0.0022057672031223774,0.005752222612500191,0.0035464554093778133
0,-1.6644553e-05,0.01741387,"('competent', 'incompetent')",-0.031180209,-0.022869192,-0.015598426572978497,-0.002727661281824112,0.012870765291154385
