,Abiomed_male,Abiomed_female,tuple,average_male,average_female,female-male
5,-0.07641381,-0.054988876,"('creative', 'uncreative')",-0.07641381025314331,-0.05498887598514557,0.02142493426799774
7,-0.044352964,-0.035923176,"('practical', 'impractical')",-0.04435296356678009,-0.035923175513744354,0.008429788053035736
4,0.03994994,0.046358023,"('rational', 'irrational')",0.0399499386548996,0.04635802283883095,0.006408084183931351
2,0.0380648,0.0071952473,"('intelligent', 'stupid')",0.03806480020284653,0.007195247337222099,-0.030869552865624428
6,-0.02732374,-0.033896964,"('capable', 'incapable')",-0.027323739603161812,-0.03389696404337883,-0.006573224440217018
0,0.025695847,0.028041173,"('competent', 'incompetent')",0.02569584734737873,0.02804117277264595,0.0023453254252672195
1,0.0025965367,0.0026660783,"('intelligent', 'unintelligent')",0.0025965366512537003,0.0026660782750695944,6.954162381589413e-05
3,0.0017088546,0.015047573,"('able', 'unable')",0.001708854571916163,0.015047572553157806,0.013338717981241643
