,Accenture_male,Accenture_female,tuple,average_male,average_female,female-male
5,-0.0868814,-0.099825315,"('creative', 'uncreative')",-0.08688139915466309,-0.09982531517744064,-0.012943916022777557
4,-0.07485219,-0.08015647,"('rational', 'irrational')",-0.07485219091176987,-0.08015646785497665,-0.005304276943206787
0,0.052257825,0.0547699,"('competent', 'incompetent')",0.05225782468914986,0.05476989969611168,0.0025120750069618225
2,0.030138671,0.027311713,"('intelligent', 'stupid')",0.030138671398162842,0.027311712503433228,-0.0028269588947296143
3,0.009998364,0.014069541,"('able', 'unable')",0.009998364374041557,0.014069541357457638,0.0040711769834160805
7,-0.009711872,-0.013174565,"('practical', 'impractical')",-0.009711871854960918,-0.013174564577639103,-0.0034626927226781845
1,0.007961004,-0.003961523,"('intelligent', 'unintelligent')",0.007961004041135311,-0.003961523063480854,-0.011922527104616165
6,0.0004831821,0.008333719,"('capable', 'incapable')",0.00048318211338482797,0.008333719335496426,0.007850537222111598
