,Activision_male,Activision_female,tuple,Blizzard_male,Blizzard_female,average_male,average_female,female-male
0,0.16055813,0.16535549,"('competent', 'incompetent')",0.025909847,-0.0008794318,0.09323398768901825,0.08223802596330643,-0.010995961725711823
5,-0.11886471,-0.11600188,"('creative', 'uncreative')",-0.09852322,-0.105908416,-0.10869396477937698,-0.110955148935318,-0.0022611841559410095
6,0.09267089,0.088039055,"('capable', 'incapable')",-0.07140058,-0.07160037,0.010635152459144592,0.008219342678785324,-0.002415809780359268
7,-0.08992284,-0.09601358,"('practical', 'impractical')",0.04493749,0.07305892,-0.022492673248052597,-0.011477332562208176,0.011015340685844421
1,-0.07380578,-0.071359076,"('intelligent', 'unintelligent')",0.015648272,0.020566115,-0.029078753665089607,-0.025396481156349182,0.003682272508740425
3,-0.067181416,-0.05706545,"('able', 'unable')",0.08420249,0.11686703,0.008510537445545197,0.029900789260864258,0.02139025181531906
4,-0.06502741,-0.05852978,"('rational', 'irrational')",-0.018286074,-0.008852995,-0.0416567400097847,-0.03369138762354851,0.00796535238623619
2,-0.050889615,-0.057959598,"('intelligent', 'stupid')",-0.03493472,-0.04160481,-0.04291216656565666,-0.049782201647758484,-0.006870035082101822
