,ADM_male,ADM_female,tuple,average_male,average_female,female-male
3,0.10142684,0.10518185,"('able', 'unable')",0.10142683982849121,0.10518185049295425,0.003755010664463043
5,-0.09210728,-0.09844479,"('creative', 'uncreative')",-0.09210728108882904,-0.09844478964805603,-0.00633750855922699
6,-0.05331533,-0.05039303,"('capable', 'incapable')",-0.05331533029675484,-0.05039303004741669,0.00292230024933815
0,-0.032331616,-0.027547814,"('competent', 'incompetent')",-0.032331615686416626,-0.027547813951969147,0.004783801734447479
4,0.019712223,0.022006212,"('rational', 'irrational')",0.01971222274005413,0.022006211802363396,0.002293989062309265
2,0.011934217,0.01651062,"('intelligent', 'stupid')",0.011934217065572739,0.016510620713233948,0.004576403647661209
1,0.0062502217,0.006424156,"('intelligent', 'unintelligent')",0.006250221747905016,0.00642415601760149,0.00017393426969647408
7,0.0044352426,-0.008504612,"('practical', 'impractical')",0.004435242619365454,-0.008504612371325493,-0.012939854990690947
