,Adobe_male,Adobe_female,tuple,average_male,average_female,female-male
4,-0.1421538,-0.14276434,"('rational', 'irrational')",-0.142153799533844,-0.14276434481143951,-0.00061054527759552
5,-0.12329201,-0.14248748,"('creative', 'uncreative')",-0.12329200655221939,-0.14248748123645782,-0.019195474684238434
0,0.081227474,0.07431429,"('competent', 'incompetent')",0.08122747391462326,0.07431428879499435,-0.006913185119628906
3,-0.055988356,-0.05659037,"('able', 'unable')",-0.05598835647106171,-0.05659037083387375,-0.0006020143628120422
6,0.025731709,0.035056278,"('capable', 'incapable')",0.025731708854436874,0.035056278109550476,0.009324569255113602
2,-0.012195851,-0.011566358,"('intelligent', 'stupid')",-0.012195850722491741,-0.01156635768711567,0.0006294930353760719
7,0.009817296,0.0009811377,"('practical', 'impractical')",0.009817295707762241,0.0009811377385631204,-0.008836157969199121
1,0.0034027658,0.0027019235,"('intelligent', 'unintelligent')",0.003402765840291977,0.0027019234839826822,-0.0007008423563092947
