,Advance_male,Advance_female,tuple,Auto_male,Auto_female,Parts_male,Parts_female,average_male,average_female,female-male
3,0.14526269,0.129075,"('able', 'unable')",0.0050126174,0.03684238,0.07529609,0.08906463,0.07519046465555827,0.08499399820963542,0.009803533554077148
6,-0.11812446,-0.091233484,"('capable', 'incapable')",-0.09200601,-0.096326254,-0.078742474,-0.08667589,-0.09629098574320476,-0.09141187866528828,0.0048791070779164725
5,-0.09977432,-0.09478696,"('creative', 'uncreative')",-0.08254516,-0.06799358,-0.095995605,-0.065817684,-0.09277169903119405,-0.0761994073788325,0.016572291652361543
0,-0.06954189,-0.04827237,"('competent', 'incompetent')",0.0018889853,-0.0036796203,-0.07452879,-0.064800456,-0.04739389816919962,-0.038917481899261475,0.008476416269938149
7,0.05916415,0.056637138,"('practical', 'impractical')",0.002771438,0.0058446447,0.041408803,0.059192725,0.034448131918907166,0.04055816928545634,0.006110037366549172
4,0.0488898,0.026285818,"('rational', 'irrational')",0.00980394,0.009855975,0.043147523,0.02726923,0.033947087824344635,0.021137009064356487,-0.012810078759988148
1,0.018261014,0.020724328,"('intelligent', 'unintelligent')",-0.026945177,-0.017509999,0.051594056,0.059942774,0.0143032968044281,0.021052367985248566,0.006749071180820465
2,0.0028300236,-0.036555,"('intelligent', 'stupid')",0.05735748,0.043940853,0.033267327,-0.008734791,0.03115161011616389,-0.00044964564343293506,-0.031601255759596825
