,Advanced_male,Advanced_female,tuple,Micro_male,Micro_female,Devices_male,Devices_female,average_male,average_female,female-male
5,-0.140736,-0.11200735,"('creative', 'uncreative')",-0.09531419,-0.06947441,0.09535314,0.120198116,-0.04689901570479075,-0.02042787770430247,0.026471138000488278
3,0.09244631,0.11030434,"('able', 'unable')",0.04474813,0.06977167,0.04245597,0.06373781,0.05988347033659617,0.08127127091089885,0.02138780057430268
7,0.08516353,0.08357597,"('practical', 'impractical')",0.029045988,0.036106154,0.08781307,0.0746995,0.06734086076418559,0.06479387482007344,-0.002546985944112151
0,-0.07942264,-0.053826183,"('competent', 'incompetent')",0.009792611,0.0010564876,-0.0068730703,0.019709354,-0.025501032670338947,-0.011020114024480184,0.014480918645858763
6,-0.054181796,-0.037358142,"('capable', 'incapable')",-0.077191,-0.074826844,-0.098264374,-0.07085065,-0.07654572526613872,-0.06101188063621521,0.015533844629923507
4,0.035190064,0.009453049,"('rational', 'irrational')",0.017724713,0.01772367,-0.021992402,-0.04242223,0.010307457918922106,-0.00508183737595876,-0.015389295294880867
2,-0.0262658,-0.038714513,"('intelligent', 'stupid')",-0.0071279095,-0.019740382,-0.052783962,-0.079310805,-0.028725892305374146,-0.045921901861826576,-0.01719600955645243
1,-0.019967517,-0.02534241,"('intelligent', 'unintelligent')",-0.027120268,-0.020571291,-0.025112322,-0.034916963,-0.024066701531410217,-0.026943554480870564,-0.0028768529494603463
