,AES_male,AES_female,tuple,Corp_male,Corp_female,average_male,average_female,female-male
3,0.06775684,0.07379584,"('able', 'unable')",0.0999496,0.11479322,0.08385321497917175,0.09429453313350677,0.010441318154335022
5,-0.057179652,-0.061495528,"('creative', 'uncreative')",-0.11412648,-0.11047702,-0.08565306663513184,-0.08598627150058746,-0.00033320486545562744
6,-0.033449326,-0.027424838,"('capable', 'incapable')",-0.041310117,-0.038715057,-0.03737971931695938,-0.03306994587182999,0.0043097734451293945
1,0.03108946,0.030983282,"('intelligent', 'unintelligent')",0.0010721454,-0.007177876,0.01608080230653286,0.0119027029722929,-0.00417809933423996
2,-0.021555632,-0.034910943,"('intelligent', 'stupid')",-0.012201122,-0.012562309,-0.01687837764620781,-0.023736625909805298,-0.006858248263597488
4,-0.0019624748,-0.010059776,"('rational', 'irrational')",-0.0029861457,0.0074518984,-0.002474310342222452,-0.0013039386831223965,0.0011703716591000557
0,0.001763921,0.013060656,"('competent', 'incompetent')",0.013359732,0.0104339365,0.00756182661280036,0.011747296899557114,0.004185470286756754
7,-0.000503623,-0.010822413,"('practical', 'impractical')",0.027091606,0.03626745,0.01329399086534977,0.012722518295049667,-0.0005714725703001022
