,Aflac_male,Aflac_female,tuple,average_male,average_female,female-male
3,0.067624226,0.05938487,"('able', 'unable')",0.06762422621250153,0.059384871274232864,-0.008239354938268661
5,-0.050177544,-0.060792,"('creative', 'uncreative')",-0.050177544355392456,-0.060791999101638794,-0.010614454746246338
7,-0.040128812,-0.046972476,"('practical', 'impractical')",-0.040128812193870544,-0.046972475945949554,-0.00684366375207901
6,-0.038658734,-0.027661918,"('capable', 'incapable')",-0.038658734411001205,-0.027661917731165886,0.01099681667983532
4,0.024286017,0.019941283,"('rational', 'irrational')",0.024286016821861267,0.019941283389925957,-0.00434473343193531
1,0.016764598,0.017775225,"('intelligent', 'unintelligent')",0.016764597967267036,0.017775224521756172,0.0010106265544891357
2,0.0099076545,0.0054766205,"('intelligent', 'stupid')",0.009907654486596584,0.005476620513945818,-0.004431033972650766
0,0.009035402,0.01198191,"('competent', 'incompetent')",0.009035401977598667,0.011981910094618797,0.00294650811702013
