,Agilent_male,Agilent_female,tuple,Technologies_male,Technologies_female,average_male,average_female,female-male
5,-0.11953962,-0.12599663,"('creative', 'uncreative')",-0.055901635,-0.041397434,-0.08772062510251999,-0.08369703590869904,0.004023589193820953
0,0.10777849,0.11631035,"('competent', 'incompetent')",0.03510259,0.054882664,0.07144054025411606,0.08559650927782059,0.014155969023704529
4,-0.09328084,-0.09228647,"('rational', 'irrational')",-0.048406024,-0.06244943,-0.07084342837333679,-0.07736794650554657,-0.006524518132209778
1,-0.03704617,-0.041895,"('intelligent', 'unintelligent')",-0.030000392,-0.024963813,-0.033523283898830414,-0.033429406583309174,9.387731552124023e-05
7,-0.036432266,-0.045320097,"('practical', 'impractical')",0.045350242,0.041509427,0.004458988085389137,-0.0019053351134061813,-0.006364323198795319
3,-0.02263982,-0.020558698,"('able', 'unable')",0.049809396,0.0571437,0.013584787957370281,0.01829250156879425,0.004707713611423969
6,0.011614338,0.020014418,"('capable', 'incapable')",-0.058701407,-0.061793387,-0.02354353480041027,-0.020889483392238617,0.0026540514081716537
2,-0.010661746,-0.018199382,"('intelligent', 'stupid')",-0.060219824,-0.07023267,-0.03544078394770622,-0.04421602562069893,-0.008775241672992706
