,Air_male,Air_female,tuple,Products_male,Products_female,&_male,&_female,Chemicals_male,Chemicals_female,average_male,average_female,female-male
5,-0.077831574,-0.08102372,"('creative', 'uncreative')",-0.028423253,-0.015991727,-0.043580506,-0.054771464,-0.06530855,-0.06960606,-0.05378597229719162,-0.055348239839076996,-0.001562267541885376
3,0.06769941,0.08079036,"('able', 'unable')",0.040547457,0.078411855,0.04109473,0.042220853,0.03961274,0.07780866,0.047238584607839584,0.06980793178081512,0.02256934717297554
6,-0.060258348,-0.04927382,"('capable', 'incapable')",-0.12931879,-0.12231267,-0.01493015,-0.0071977274,-0.09259981,-0.1103867,-0.07427677512168884,-0.07229273021221161,0.001984044909477234
0,0.028235048,0.04311063,"('competent', 'incompetent')",-0.05413221,-0.036787733,-0.009155776,0.0012747109,-0.065904945,-0.059695635,-0.025239471346139908,-0.013024506159126759,0.01221496518701315
7,-0.023991214,-0.041604713,"('practical', 'impractical')",0.08213177,0.08808911,-0.048612878,-0.06842974,0.07659907,0.083663836,0.021531688049435616,0.015429623425006866,-0.006102064624428749
1,0.020655189,0.025380768,"('intelligent', 'unintelligent')",0.017159436,0.018522851,0.045052934,0.049999837,0.041438058,0.04632995,0.031076405197381973,0.03505834937095642,0.003981944173574448
2,-0.015683671,-0.015742071,"('intelligent', 'stupid')",0.01038675,-0.024018079,0.051717956,0.04445349,0.049668867,0.02699454,0.024022474884986877,0.007921969518065453,-0.016100505366921425
4,0.00435253,-0.00031289595,"('rational', 'irrational')",0.039354105,0.025657043,-0.13764003,-0.14945811,-0.015721336,-0.011426634,-0.027413683012127876,-0.03388514742255211,-0.0064714644104242325
