,Akamai_male,Akamai_female,tuple,Technologies_male,Technologies_female,average_male,average_female,female-male
5,-0.083116375,-0.09376034,"('creative', 'uncreative')",-0.055901635,-0.041397434,-0.06950900703668594,-0.06757888942956924,0.0019301176071166992
2,0.058170635,0.040454596,"('intelligent', 'stupid')",-0.060219824,-0.07023267,-0.0010245945304632187,-0.014889035373926163,-0.013864440843462944
4,0.056184325,0.05954751,"('rational', 'irrational')",-0.048406024,-0.06244943,0.00388915091753006,-0.0014509595930576324,-0.005340110510587692
7,-0.040116142,-0.04039222,"('practical', 'impractical')",0.045350242,0.041509427,0.002617049962282181,0.0005586035549640656,-0.0020584464073181152
0,0.030839162,0.0282902,"('competent', 'incompetent')",0.03510259,0.054882664,0.03297087550163269,0.04158643260598183,0.008615557104349136
6,-0.004364947,-0.005630764,"('capable', 'incapable')",-0.058701407,-0.061793387,-0.03153317794203758,-0.03371207416057587,-0.0021788962185382843
1,-0.003513334,-0.00299477,"('intelligent', 'unintelligent')",-0.030000392,-0.024963813,-0.01675686240196228,-0.013979291543364525,0.0027775708585977554
3,-0.0033781428,-0.0010322799,"('able', 'unable')",0.049809396,0.0571437,0.023215627297759056,0.02805570885539055,0.004840081557631493
