,Alaska_male,Alaska_female,tuple,Air_male,Air_female,Group_male,Group_female,average_male,average_female,female-male
3,0.09188056,0.099814445,"('able', 'unable')",0.06769941,0.08079036,0.07223469,0.08965085,0.07727155089378357,0.09008521835009257,0.012813667456309005
2,0.06423096,0.049006578,"('intelligent', 'stupid')",-0.015683671,-0.015742071,0.006392564,0.0035066525,0.01831328496336937,0.012257053206364313,-0.006056231757005056
7,-0.05595935,-0.049646668,"('practical', 'impractical')",-0.023991214,-0.041604713,0.07082706,0.06171128,-0.0030411680539449057,-0.00984669973452886,-0.006805531680583954
4,-0.040581442,-0.027999202,"('rational', 'irrational')",0.00435253,-0.00031289595,0.003967365,-0.004109691,-0.01075385014216105,-0.010807263354460398,-5.3413212299346924e-05
0,-0.036234412,-0.033111546,"('competent', 'incompetent')",0.028235048,0.04311063,-0.018240994,-0.013088708,-0.008746786043047905,-0.0010298741981387138,0.007716911844909191
5,-0.034835342,-0.049803,"('creative', 'uncreative')",-0.077831574,-0.08102372,-0.045939427,-0.050667785,-0.052868783473968506,-0.060498168071111046,-0.00762938459714254
6,-0.026928097,-0.036798213,"('capable', 'incapable')",-0.060258348,-0.04927382,-0.1054052,-0.10317491,-0.06419721245765686,-0.0630823125441869,0.001114899913469955
1,-0.01964907,-0.0012511706,"('intelligent', 'unintelligent')",0.020655189,0.025380768,0.021084711,0.026755482,0.007363609969615936,0.01696169376373291,0.009598083794116974
