,Albemarle_male,Albemarle_female,tuple,Corporation_male,Corporation_female,average_male,average_female,female-male
0,0.08191034,0.09019356,"('competent', 'incompetent')",-0.0069387513,0.00029346623,0.037485796958208084,0.0452435128390789,0.007757715880870819
5,-0.07916451,-0.08544693,"('creative', 'uncreative')",-0.08197817,-0.07486644,-0.08057133853435516,-0.08015668392181396,0.00041465461254119873
7,-0.07585195,-0.08033815,"('practical', 'impractical')",0.058297187,0.0635866,-0.008777379989624023,-0.008375775068998337,0.00040160492062568665
6,0.04233412,0.029702513,"('capable', 'incapable')",-0.08914686,-0.09466634,-0.023406369611620903,-0.03248191252350807,-0.009075542911887169
2,0.029584957,0.020622242,"('intelligent', 'stupid')",0.013934675,-0.0056333407,0.021759815514087677,0.00749445054680109,-0.014265364967286587
4,-0.008990685,-0.0016596753,"('rational', 'irrational')",-0.006659922,-0.005100324,-0.007825303822755814,-0.0033799996599555016,0.004445304162800312
3,0.008780646,0.021713724,"('able', 'unable')",0.02245296,0.04172615,0.015616802498698235,0.031719937920570374,0.01610313542187214
1,-0.003791216,0.0054059033,"('intelligent', 'unintelligent')",0.025585327,0.033832077,0.010897055268287659,0.019618989899754524,0.008721934631466866
