,Alexandria_male,Alexandria_female,tuple,Real_male,Real_female,Estate_male,Estate_female,Equities_male,Equities_female,average_male,average_female,female-male
4,-0.059444334,-0.04651065,"('rational', 'irrational')",-0.024414575,-0.0076927687,0.01176677,0.002909326,0.010411556,0.00829612,-0.015420145355165005,-0.010749493725597858,0.004670651629567146
5,-0.053844806,-0.053373013,"('creative', 'uncreative')",-0.16628687,-0.14554241,-0.090688586,-0.10234546,-0.044068433,-0.035580628,-0.08872217684984207,-0.08421038091182709,0.004511795938014984
0,0.04087704,0.04447658,"('competent', 'incompetent')",0.07212207,0.057566743,-0.03719225,-0.01979039,0.09521813,0.094708234,0.04275624454021454,0.04424029216170311,0.0014840476214885712
7,-0.040080752,-0.03230452,"('practical', 'impractical')",0.006368172,0.013617525,0.06943682,0.07224524,-0.06442488,-0.08329274,-0.007175160571932793,-0.0074336230754852295,-0.00025846250355243683
2,0.027858363,0.023780797,"('intelligent', 'stupid')",0.046554446,0.017326713,0.038641308,0.020171879,0.00592747,0.0072775297,0.029745396226644516,0.01713922992348671,-0.012606166303157806
3,-0.02373835,-0.026487129,"('able', 'unable')",-0.028020073,0.034205783,0.16928297,0.18479864,-0.00012912649,0.01567484,0.02934885583817959,0.052048034965991974,0.022699179127812386
6,-0.010623102,-0.025741337,"('capable', 'incapable')",-0.050043568,-0.08479114,-0.12200405,-0.123691544,-0.018307125,-0.005469704,-0.05024445801973343,-0.059923432767391205,-0.009678974747657776
1,0.0027333999,0.013076422,"('intelligent', 'unintelligent')",0.03481007,0.04264147,0.023598244,0.033284873,0.059878085,0.057932135,0.030254948884248734,0.0367337241768837,0.006478775292634964
