,Align_male,Align_female,tuple,Technology_male,Technology_female,average_male,average_female,female-male
5,-0.1299477,-0.1347587,"('creative', 'uncreative')",-0.13270712,-0.10357038,-0.13132742047309875,-0.11916454136371613,0.01216287910938263
3,0.11357986,0.097976275,"('able', 'unable')",-0.00589931,0.008344942,0.0538402758538723,0.05316060781478882,-0.0006796680390834808
6,-0.06586906,-0.058892116,"('capable', 'incapable')",-0.082549855,-0.087200075,-0.07420945912599564,-0.07304609566926956,0.0011633634567260742
1,0.03437863,0.03656354,"('intelligent', 'unintelligent')",-0.017232906,-0.013442564,0.008572861552238464,0.011560488492250443,0.002987626940011978
2,-0.02420686,-0.02243276,"('intelligent', 'stupid')",0.0021123162,-0.013178409,-0.011047272011637688,-0.017805583775043488,-0.0067583117634058
0,0.008579364,0.0019064405,"('competent', 'incompetent')",0.077857524,0.087146685,0.04321844503283501,0.044526562094688416,0.0013081170618534088
4,-0.005771021,-0.0046576387,"('rational', 'irrational')",-0.063927725,-0.07325588,-0.0348493717610836,-0.03895676136016846,-0.004107389599084854
7,0.0042867144,0.0018227021,"('practical', 'impractical')",-0.023970129,-0.020227615,-0.009841707535088062,-0.00920245610177517,0.0006392514333128929
