,Allegion_male,Allegion_female,tuple,average_male,average_female,female-male
4,0.06634334,0.06721247,"('rational', 'irrational')",0.06634333729743958,0.06721246987581253,0.0008691325783729553
5,0.06473036,0.086674,"('creative', 'uncreative')",0.06473036110401154,0.08667399734258652,0.02194363623857498
0,0.06238861,0.06452547,"('competent', 'incompetent')",0.06238861009478569,0.06452547013759613,0.00213686004281044
7,-0.04889329,-0.034498587,"('practical', 'impractical')",-0.048893291503190994,-0.034498587250709534,0.01439470425248146
3,-0.031292185,-0.045180213,"('able', 'unable')",-0.03129218518733978,-0.04518021270632744,-0.013888027518987656
2,-0.028197687,-0.047897644,"('intelligent', 'stupid')",-0.02819768711924553,-0.047897644340991974,-0.019699957221746445
6,-0.026932098,-0.013369585,"('capable', 'incapable')",-0.02693209797143936,-0.013369585387408733,0.013562512584030628
1,0.013939904,0.0026572254,"('intelligent', 'unintelligent')",0.013939904049038887,0.0026572253555059433,-0.011282678693532944
