,Alliant_male,Alliant_female,tuple,Energy_male,Energy_female,average_male,average_female,female-male
0,0.10051502,0.087576985,"('competent', 'incompetent')",0.039062213,0.042480562,0.0697886198759079,0.06502877175807953,-0.004759848117828369
5,-0.06245052,-0.04471827,"('creative', 'uncreative')",-0.005074311,-0.02356725,-0.03376241773366928,-0.03414275869727135,-0.00038034096360206604
4,0.059181843,0.0646319,"('rational', 'irrational')",-0.05856218,-0.055049308,0.0003098323941230774,0.004791297018527985,0.004481464624404907
3,-0.04192519,-0.013369742,"('able', 'unable')",0.03048999,0.053108077,-0.005717598833143711,0.019869167357683182,0.025586766190826893
6,-0.03347617,-0.017417435,"('capable', 'incapable')",-0.06564437,-0.06611495,-0.049560271203517914,-0.04176618903875351,0.007794082164764404
7,-0.011099924,-0.012603091,"('practical', 'impractical')",-0.03488957,-0.029364854,-0.022994747385382652,-0.020983971655368805,0.0020107757300138474
1,0.006588915,5.86373e-05,"('intelligent', 'unintelligent')",0.0046072626,0.010602739,0.005598088726401329,0.00533068785443902,-0.0002674008719623089
2,-0.0040123356,-0.013855155,"('intelligent', 'stupid')",-0.065077595,-0.07664522,-0.034544967114925385,-0.04525018483400345,-0.010705217719078064
