,Allstate_male,Allstate_female,tuple,Corp_male,Corp_female,average_male,average_female,female-male
0,0.0886002,0.07418737,"('competent', 'incompetent')",0.013359732,0.0104339365,0.050979968160390854,0.042310651391744614,-0.00866931676864624
5,-0.054733925,-0.0527963,"('creative', 'uncreative')",-0.11412648,-0.11047702,-0.08443020284175873,-0.08163665980100632,0.002793543040752411
7,-0.04598022,-0.049913708,"('practical', 'impractical')",0.027091606,0.03626745,-0.00944430660456419,-0.006823129951953888,0.002621176652610302
4,0.0313602,0.030083293,"('rational', 'irrational')",-0.0029861457,0.0074518984,0.01418702770024538,0.018767595291137695,0.004580567590892315
1,0.019257693,0.008300385,"('intelligent', 'unintelligent')",0.0010721454,-0.007177876,0.010164919309318066,0.0005612547975033522,-0.009603664511814713
6,-0.017342396,-0.008345709,"('capable', 'incapable')",-0.041310117,-0.038715057,-0.02932625636458397,-0.02353038266301155,0.005795873701572418
3,0.011141639,0.016730696,"('able', 'unable')",0.0999496,0.11479322,0.0555456206202507,0.06576195359230042,0.010216332972049713
2,-0.0007301259,-0.0054399846,"('intelligent', 'stupid')",-0.012201122,-0.012562309,-0.006465624086558819,-0.009001147001981735,-0.0025355229154229164
