,Alphabet_male,Alphabet_female,tuple,(Class_male,(Class_female,C)_male,C)_female,average_male,average_female,female-male
3,0.12096363,0.122173876,"('able', 'unable')",0.17448343,0.19871874,0.030459715,0.044430364,0.10863558451334636,0.12177433570226033,0.013138751188913972
6,-0.09694572,-0.08493735,"('capable', 'incapable')",-0.1314472,-0.1336964,-0.05150457,-0.059213478,-0.09329916040102641,-0.09261574347813924,0.0006834169228871756
5,-0.07278718,-0.065291196,"('creative', 'uncreative')",0.04402673,0.018332925,-0.023490516,0.018075036,-0.01741698880990346,-0.009627745176355043,0.007789243633548418
4,-0.042676095,-0.043007523,"('rational', 'irrational')",0.016083097,0.008118572,0.023837721,0.020028595,-0.0009184256196022034,-0.004953452696402867,-0.004035027076800664
0,0.026850238,0.020887801,"('competent', 'incompetent')",-0.11206448,-0.10064655,-0.10370773,-0.10003078,-0.0629739910364151,-0.05992984275023142,0.0030441482861836774
7,0.020457648,0.040202964,"('practical', 'impractical')",0.11315178,0.09748604,0.07935402,0.056123003,0.07098781565825145,0.06460400422414143,-0.006383811434110015
2,0.0145666,-0.008812274,"('intelligent', 'stupid')",-0.041183397,-0.0369232,0.0014192748,0.0034100767,-0.008399174238244692,-0.014108466605345408,-0.005709292367100716
1,-0.0070756087,0.004243668,"('intelligent', 'unintelligent')",0.061842702,0.07000121,0.06674457,0.07243831,0.040503889322280884,0.048894395430882774,0.00839050610860189
