,Alphabet_male,Alphabet_female,tuple,(Class_male,(Class_female,A)_male,A)_female,average_male,average_female,female-male
3,0.12096363,0.122173876,"('able', 'unable')",0.17448343,0.19871874,0.065938644,0.082216226,0.120461901028951,0.13436962167421976,0.013907720645268754
6,-0.09694572,-0.08493735,"('capable', 'incapable')",-0.1314472,-0.1336964,-0.11728098,-0.10834561,-0.11522462964057922,-0.10899312297503154,0.006231506665547684
5,-0.07278718,-0.065291196,"('creative', 'uncreative')",0.04402673,0.018332925,-0.035963476,-0.040092994,-0.0215746412674586,-0.02901708831389745,-0.007442447046438851
4,-0.042676095,-0.043007523,"('rational', 'irrational')",0.016083097,0.008118572,0.06515643,0.033136457,0.012854476769765219,-0.0005841652552286783,-0.013438642024993896
0,0.026850238,0.020887801,"('competent', 'incompetent')",-0.11206448,-0.10064655,-0.09084427,-0.09227567,-0.05868617196877798,-0.057344804207483925,0.0013413677612940517
7,0.020457648,0.040202964,"('practical', 'impractical')",0.11315178,0.09748604,0.0029052966,0.00568902,0.045504907766977944,0.04779267807801565,0.002287770311037704
2,0.0145666,-0.008812274,"('intelligent', 'stupid')",-0.041183397,-0.0369232,-0.012446848,-0.017661806,-0.013021214554707209,-0.02113242695728938,-0.00811121240258217
1,-0.0070756087,0.004243668,"('intelligent', 'unintelligent')",0.061842702,0.07000121,0.12534745,0.12241906,0.06003817915916443,0.06555464367071788,0.005516464511553451
