,Altria_male,Altria_female,tuple,Group_male,Group_female,average_male,average_female,female-male
7,-0.07915961,-0.049238376,"('practical', 'impractical')",0.07082706,0.06171128,-0.004166275262832642,0.006236452609300613,0.010402727872133255
5,-0.073881924,-0.03896556,"('creative', 'uncreative')",-0.045939427,-0.050667785,-0.05991067737340927,-0.044816672801971436,0.015094004571437836
3,0.06285306,0.12866396,"('able', 'unable')",0.07223469,0.08965085,0.0675438791513443,0.10915739834308624,0.04161351919174194
2,0.049073204,0.0052815513,"('intelligent', 'stupid')",0.006392564,0.0035066525,0.027732884511351585,0.004394101910293102,-0.023338782601058483
4,-0.029684616,-0.0007363009,"('rational', 'irrational')",0.003967365,-0.004109691,-0.012858625501394272,-0.0024229958653450012,0.01043562963604927
0,0.016027844,0.0038140102,"('competent', 'incompetent')",-0.018240994,-0.013088708,-0.0011065751314163208,-0.004637348931282759,-0.003530773799866438
1,0.008658305,0.0007144186,"('intelligent', 'unintelligent')",0.021084711,0.026755482,0.0148715078830719,0.013734950684010983,-0.001136557199060917
6,-0.005144209,-0.029570306,"('capable', 'incapable')",-0.1054052,-0.10317491,-0.05527470260858536,-0.06637261062860489,-0.011097908020019531
