,Amazon_male,Amazon_female,tuple,average_male,average_female,female-male
4,-0.20366749,-0.21138427,"('rational', 'irrational')",-0.20366749167442322,-0.21138426661491394,-0.007716774940490723
7,-0.08500021,-0.09129435,"('practical', 'impractical')",-0.08500020951032639,-0.09129434823989868,-0.006294138729572296
0,0.084500454,0.06872777,"('competent', 'incompetent')",0.08450045436620712,0.0687277689576149,-0.015772685408592224
5,-0.045310568,-0.04251824,"('creative', 'uncreative')",-0.04531056806445122,-0.042518239468336105,0.0027923285961151123
6,0.025693346,0.029053438,"('capable', 'incapable')",0.025693345814943314,0.02905343845486641,0.0033600926399230957
2,-0.024494616,-0.04025578,"('intelligent', 'stupid')",-0.02449461631476879,-0.04025578126311302,-0.01576116494834423
3,0.015675656,0.020914836,"('able', 'unable')",0.015675656497478485,0.0209148358553648,0.005239179357886314
1,0.010082495,0.017605895,"('intelligent', 'unintelligent')",0.010082495398819447,0.017605895176529884,0.007523399777710438
