,Amcor_male,Amcor_female,tuple,average_male,average_female,female-male
6,-0.07073563,-0.0625726,"('capable', 'incapable')",-0.0707356333732605,-0.06257259845733643,0.008163034915924072
4,0.039656147,0.040143013,"('rational', 'irrational')",0.0396561473608017,0.04014301300048828,0.00048686563968658447
3,0.038915806,0.046798978,"('able', 'unable')",0.03891580551862717,0.04679897800087929,0.007883172482252121
5,-0.03724569,-0.023142483,"('creative', 'uncreative')",-0.03724569082260132,-0.023142483085393906,0.014103207737207413
2,0.021762965,0.0060694627,"('intelligent', 'stupid')",0.021762965247035027,0.00606946274638176,-0.015693502500653267
0,-0.019408451,-0.023479534,"('competent', 'incompetent')",-0.01940845139324665,-0.023479534313082695,-0.004071082919836044
1,-0.01117935,-0.0068062986,"('intelligent', 'unintelligent')",-0.011179350316524506,-0.00680629862472415,0.004373051691800356
7,-0.007661721,-0.017640041,"('practical', 'impractical')",-0.007661721203476191,-0.017640041187405586,-0.009978319983929396
