,American_male,American_female,tuple,Water_male,Water_female,Works_male,Works_female,average_male,average_female,female-male
5,-0.09241387,-0.114184074,"('creative', 'uncreative')",-0.059856545,-0.052233726,-0.026981985,-0.0031647885,-0.059750800331433616,-0.05652753015359243,0.0032232701778411865
0,0.04904533,0.05732846,"('competent', 'incompetent')",-0.072884746,-0.057275802,0.05113877,0.060777236,0.00909978523850441,0.020276630918184917,0.011176845679680508
1,-0.040102903,-0.032606423,"('intelligent', 'unintelligent')",0.03560235,0.030931547,0.029737497,0.047719743,0.0084123145788908,0.015348289161920547,0.006935974583029747
6,-0.02709776,-0.021029994,"('capable', 'incapable')",-0.09919197,-0.11003904,-0.14104745,-0.13198765,-0.08911239107449849,-0.08768556515375774,0.001426825920740754
4,-0.01719567,-0.019604245,"('rational', 'irrational')",0.0015673162,0.004573105,-0.038975082,-0.04075882,-0.018201145033041637,-0.018596652895212173,-0.00039550786217053616
3,0.016736785,0.009401002,"('able', 'unable')",0.10263749,0.107802995,0.021943744,0.0344023,0.04710600773493449,0.05053543051083883,0.003429422775904342
2,0.0128632905,0.010276532,"('intelligent', 'stupid')",0.026748816,0.014694518,0.06305123,0.041026674,0.034221112728118896,0.021999239921569824,-0.012221872806549072
7,0.0098472815,0.0065276395,"('practical', 'impractical')",-0.023535011,-0.017911805,0.018239567,0.0026699738,0.0015172790735960007,-0.0029047305385271707,-0.004422009612123171
