,AmerisourceBergen_male,AmerisourceBergen_female,tuple,average_male,average_female,female-male
0,0.06083132,0.057588175,"('competent', 'incompetent')",0.06083131954073906,0.05758817493915558,-0.003243144601583481
6,-0.036655013,-0.03774976,"('capable', 'incapable')",-0.036655012518167496,-0.0377497598528862,-0.0010947473347187042
2,0.034738388,0.021002607,"('intelligent', 'stupid')",0.034738387912511826,0.02100260742008686,-0.013735780492424965
5,-0.034589134,-0.027731773,"('creative', 'uncreative')",-0.03458913415670395,-0.027731772512197495,0.0068573616445064545
4,0.03395078,0.040585745,"('rational', 'irrational')",0.03395077958703041,0.04058574512600899,0.006634965538978577
7,-0.029913593,-0.032927196,"('practical', 'impractical')",-0.02991359308362007,-0.032927196472883224,-0.003013603389263153
3,0.024150511,0.030865697,"('able', 'unable')",0.024150511249899864,0.03086569719016552,0.0067151859402656555
1,-0.022185737,-0.021321649,"('intelligent', 'unintelligent')",-0.022185737267136574,-0.021321648731827736,0.0008640885353088379
