,American_male,American_female,tuple,Electric_male,Electric_female,Power_male,Power_female,average_male,average_female,female-male
5,-0.09241387,-0.114184074,"('creative', 'uncreative')",-0.0006147137,0.002010007,-0.002861085,-0.010598521,-0.03196322172880173,-0.040924193958441414,-0.008960972229639687
0,0.04904533,0.05732846,"('competent', 'incompetent')",-0.0012769358,0.010272332,-0.020550527,-0.010895386,0.00907262290517489,0.018901800115903217,0.009829177210728327
1,-0.040102903,-0.032606423,"('intelligent', 'unintelligent')",-0.010765913,0.0005947954,0.0109979985,0.008646115,-0.013290272404750189,-0.007788504163424174,0.0055017682413260145
6,-0.02709776,-0.021029994,"('capable', 'incapable')",-0.1405225,-0.13152732,-0.088375226,-0.0735167,-0.08533182740211487,-0.07535800337791443,0.00997382402420044
4,-0.01719567,-0.019604245,"('rational', 'irrational')",-0.029140668,-0.028673075,-0.0168437,-0.010288601,-0.02106001228094101,-0.019521972785393398,0.0015380394955476114
3,0.016736785,0.009401002,"('able', 'unable')",0.1140415,0.14348763,0.0861146,0.103861324,0.07229762772719066,0.08558331926663716,0.013285691539446504
2,0.0128632905,0.010276532,"('intelligent', 'stupid')",-4.644655e-05,-0.020719552,-0.031335086,-0.06714884,-0.006172747661670049,-0.02586395541826884,-0.019691207756598793
7,0.0098472815,0.0065276395,"('practical', 'impractical')",0.038852498,0.044588745,-0.020879885,0.0067573045,0.009273298705617586,0.0192912295460701,0.010017930840452513
