,Ameren_male,Ameren_female,tuple,Corp_male,Corp_female,average_male,average_female,female-male
0,0.11175683,0.10855605,"('competent', 'incompetent')",0.013359732,0.0104339365,0.06255827844142914,0.0594949908554554,-0.0030632875859737396
5,-0.109722145,-0.10343965,"('creative', 'uncreative')",-0.11412648,-0.11047702,-0.11192431300878525,-0.10695833712816238,0.004965975880622864
3,-0.10566614,-0.079276875,"('able', 'unable')",0.0999496,0.11479322,-0.0028582699596881866,0.017758172005414963,0.02061644196510315
7,-0.08014053,-0.06869466,"('practical', 'impractical')",0.027091606,0.03626745,-0.026524461805820465,-0.01621360518038273,0.010310856625437737
1,0.02228411,0.018077167,"('intelligent', 'unintelligent')",0.0010721454,-0.007177876,0.011678127571940422,0.005449645221233368,-0.006228482350707054
4,-0.021489665,0.0052948147,"('rational', 'irrational')",-0.0029861457,0.0074518984,-0.012237905524671078,0.0063733565621078014,0.01861126208677888
2,0.015532135,0.0074970447,"('intelligent', 'stupid')",-0.012201122,-0.012562309,0.001665506511926651,-0.0025326323229819536,-0.004198138834908605
6,0.009465516,0.0047159046,"('capable', 'incapable')",-0.041310117,-0.038715057,-0.01592230051755905,-0.01699957624077797,-0.0010772757232189178
