,American_male,American_female,tuple,Airlines_male,Airlines_female,Group_male,Group_female,average_male,average_female,female-male
5,-0.09241387,-0.114184074,"('creative', 'uncreative')",-0.03076258,-0.037774235,-0.045939427,-0.050667785,-0.05637196203072866,-0.06754203637440999,-0.011170074343681329
0,0.04904533,0.05732846,"('competent', 'incompetent')",0.024403404,0.028779866,-0.018240994,-0.013088708,0.01840257893006007,0.0243398721019427,0.005937293171882629
1,-0.040102903,-0.032606423,"('intelligent', 'unintelligent')",0.025789605,0.031607773,0.021084711,0.026755482,0.0022571378697951636,0.008585610737403234,0.00632847286760807
6,-0.02709776,-0.021029994,"('capable', 'incapable')",-0.06931506,-0.071424104,-0.1054052,-0.10317491,-0.06727267305056255,-0.06520966688791911,0.0020630061626434326
4,-0.01719567,-0.019604245,"('rational', 'irrational')",-0.026189182,-0.023825536,0.003967365,-0.004109691,-0.013139162212610245,-0.01584649085998535,-0.002707328647375107
3,0.016736785,0.009401002,"('able', 'unable')",0.017097525,0.024926906,0.07223469,0.08965085,0.035356332858403526,0.041326252122720085,0.005969919264316559
2,0.0128632905,0.010276532,"('intelligent', 'stupid')",-0.025667215,-0.026146011,0.006392564,0.0035066525,-0.0021371200370291867,-0.004120942205190659,-0.001983822168161472
7,0.0098472815,0.0065276395,"('practical', 'impractical')",0.032122914,0.023513313,0.07082706,0.06171128,0.037599084277947746,0.030584077040354412,-0.007015007237593334
