,Ameriprise_male,Ameriprise_female,tuple,Financial_male,Financial_female,average_male,average_female,female-male
4,0.076946005,0.07277416,"('rational', 'irrational')",-0.05656872,-0.06376427,0.010188642889261246,0.004504945129156113,-0.005683697760105133
0,0.062330313,0.054492824,"('competent', 'incompetent')",0.007329611,0.01521931,0.034829962998628616,0.03485606610774994,2.6103109121322632e-05
6,-0.06160528,-0.056661252,"('capable', 'incapable')",-0.054879494,-0.05356338,-0.05824238806962967,-0.0551123172044754,0.0031300708651542664
3,0.03766738,0.040509935,"('able', 'unable')",0.05265288,0.06768411,0.04516012966632843,0.054097019135951996,0.008936889469623566
2,-0.027060451,-0.037131533,"('intelligent', 'stupid')",0.054200027,0.05260942,0.013569788075983524,0.0077389441430568695,-0.005830843932926655
1,0.022632288,0.018832648,"('intelligent', 'unintelligent')",0.0011748647,0.003082894,0.01190357655286789,0.010957770980894566,-0.0009458055719733238
5,-0.019143773,-0.014986238,"('creative', 'uncreative')",-0.13608731,-0.1424287,-0.07761554419994354,-0.07870746403932571,-0.0010919198393821716
7,-0.018926857,-0.014040432,"('practical', 'impractical')",-0.012875622,-0.009891839,-0.015901239588856697,-0.01196613535284996,0.003935104236006737
