,American_male,American_female,tuple,Tower_male,Tower_female,average_male,average_female,female-male
5,-0.09241387,-0.114184074,"('creative', 'uncreative')",-0.106416225,-0.11125499,-0.09941504895687103,-0.11271953582763672,-0.013304486870765686
0,0.04904533,0.05732846,"('competent', 'incompetent')",-0.028278494,-0.015896654,0.010383418761193752,0.020715903490781784,0.010332484729588032
1,-0.040102903,-0.032606423,"('intelligent', 'unintelligent')",0.02019968,0.02003036,-0.009951611049473286,-0.006288031116127968,0.003663579933345318
6,-0.02709776,-0.021029994,"('capable', 'incapable')",-0.06174482,-0.070487075,-0.04442128911614418,-0.04575853422284126,-0.0013372451066970825
4,-0.01719567,-0.019604245,"('rational', 'irrational')",-0.013635297,-0.011750931,-0.015415484085679054,-0.015677588060498238,-0.00026210397481918335
3,0.016736785,0.009401002,"('able', 'unable')",0.0919748,0.111502856,0.054355792701244354,0.0604519285261631,0.006096135824918747
2,0.0128632905,0.010276532,"('intelligent', 'stupid')",0.04426248,0.020019151,0.028562884777784348,0.015147841535508633,-0.013415043242275715
7,0.0098472815,0.0065276395,"('practical', 'impractical')",0.0241272,0.036632292,0.016987241804599762,0.021579965949058533,0.004592724144458771
