,American_male,American_female,tuple,Express_male,Express_female,average_male,average_female,female-male
5,-0.09241387,-0.114184074,"('creative', 'uncreative')",-0.08896641,-0.096857354,-0.09069013595581055,-0.10552071034908295,-0.0148305743932724
0,0.04904533,0.05732846,"('competent', 'incompetent')",-0.017334297,-0.010639992,0.015855517238378525,0.023344233632087708,0.007488716393709183
1,-0.040102903,-0.032606423,"('intelligent', 'unintelligent')",0.0317538,0.035626423,-0.004174550995230675,0.001509999856352806,0.005684550851583481
6,-0.02709776,-0.021029994,"('capable', 'incapable')",-0.053592127,-0.03530171,-0.04034494236111641,-0.028165852651000023,0.012179089710116386
4,-0.01719567,-0.019604245,"('rational', 'irrational')",0.0075777173,-0.004480208,-0.00480897631496191,-0.012042226269841194,-0.007233249954879284
3,0.016736785,0.009401002,"('able', 'unable')",0.08846117,0.094582,0.0525989755988121,0.051991499960422516,-0.0006074756383895874
2,0.0128632905,0.010276532,"('intelligent', 'stupid')",-0.01616137,-0.03200601,-0.0016490393318235874,-0.010864739306271076,-0.009215699974447489
7,0.0098472815,0.0065276395,"('practical', 'impractical')",0.068768814,0.057470076,0.03930804878473282,0.031998857855796814,-0.007309190928936005
