,American_male,American_female,tuple,International_male,International_female,Group_male,Group_female,average_male,average_female,female-male
5,-0.09241387,-0.114184074,"('creative', 'uncreative')",-0.12200729,-0.11464056,-0.045939427,-0.050667785,-0.08678685625394185,-0.09316413601239522,-0.006377279758453369
0,0.04904533,0.05732846,"('competent', 'incompetent')",-0.0115038045,-0.0039770664,-0.018240994,-0.013088708,0.0064335111528635025,0.013420894742012024,0.006987383589148521
1,-0.040102903,-0.032606423,"('intelligent', 'unintelligent')",-0.026011018,-0.014023297,0.021084711,0.026755482,-0.015009736021359762,-0.006624745825926463,0.0083849901954333
6,-0.02709776,-0.021029994,"('capable', 'incapable')",-0.11211831,-0.09682173,-0.1054052,-0.10317491,-0.08154042065143585,-0.07367554306983948,0.007864877581596375
4,-0.01719567,-0.019604245,"('rational', 'irrational')",0.027949685,0.019367075,0.003967365,-0.004109691,0.004907126848896344,-0.0014489538346727688,-0.006356080683569113
3,0.016736785,0.009401002,"('able', 'unable')",0.1131766,0.09824854,0.07223469,0.08965085,0.06738269329071045,0.06576679646968842,-0.0016158968210220337
2,0.0128632905,0.010276532,"('intelligent', 'stupid')",0.0011695327,-0.0063489676,0.006392564,0.0035066525,0.006808462242285411,0.0024780722645421824,-0.004330389977743229
7,0.0098472815,0.0065276395,"('practical', 'impractical')",0.008239,0.000655524,0.07082706,0.06171128,0.029637778798739117,0.02296481529871623,-0.006672963500022888
