,Ametek_male,Ametek_female,tuple,average_male,average_female,female-male
5,-0.058735155,-0.041989088,"('creative', 'uncreative')",-0.05873515456914902,-0.04198908805847168,0.016746066510677338
7,-0.041896388,-0.034829132,"('practical', 'impractical')",-0.04189638793468475,-0.03482913225889206,0.007067255675792694
0,0.039422855,0.041438434,"('competent', 'incompetent')",0.03942285478115082,0.04143843427300453,0.002015579491853714
4,0.036728412,0.045977477,"('rational', 'irrational')",0.03672841191291809,0.045977476984262466,0.009249065071344376
6,-0.024865353,-0.028732369,"('capable', 'incapable')",-0.024865353479981422,-0.02873236872255802,-0.003867015242576599
2,0.019780647,-0.01106262,"('intelligent', 'stupid')",0.01978064700961113,-0.01106262020766735,-0.03084326721727848
1,0.008572435,0.009936269,"('intelligent', 'unintelligent')",0.00857243500649929,0.009936269372701645,0.0013638343662023544
3,-0.0038679915,0.0071293134,"('able', 'unable')",-0.00386799150146544,0.007129313424229622,0.010997304925695062
