,Amgen_male,Amgen_female,tuple,average_male,average_female,female-male
5,-0.08627691,-0.08200121,"('creative', 'uncreative')",-0.08627691119909286,-0.0820012092590332,0.004275701940059662
7,-0.06594621,-0.06085969,"('practical', 'impractical')",-0.06594620645046234,-0.060859691351652145,0.005086515098810196
0,0.055217095,0.058917,"('competent', 'incompetent')",0.05521709471940994,0.05891700088977814,0.0036999061703681946
2,0.046855163,0.024412587,"('intelligent', 'stupid')",0.04685516282916069,0.02441258728504181,-0.02244257554411888
1,0.03790042,0.038042836,"('intelligent', 'unintelligent')",0.037900421768426895,0.038042835891246796,0.0001424141228199005
3,-0.030913534,-0.015445531,"('able', 'unable')",-0.03091353364288807,-0.015445531345903873,0.015468002296984196
4,-0.009373552,0.0027146519,"('rational', 'irrational')",-0.009373552165925503,0.002714651869609952,0.012088204035535455
6,-0.0074232966,-0.014728212,"('capable', 'incapable')",-0.007423296570777893,-0.014728211797773838,-0.007304915226995945
