,Amphenol_male,Amphenol_female,tuple,average_male,average_female,female-male
5,0.038738005,0.0575012,"('creative', 'uncreative')",0.038738004863262177,0.05750120058655739,0.018763195723295212
0,0.03392596,0.04436211,"('competent', 'incompetent')",0.03392596170306206,0.044362109154462814,0.010436147451400757
6,-0.03280969,-0.024776652,"('capable', 'incapable')",-0.03280968964099884,-0.024776652455329895,0.008033037185668945
3,0.03259376,0.050339922,"('able', 'unable')",0.03259376063942909,0.050339922308921814,0.01774616166949272
4,0.031694856,0.042179603,"('rational', 'irrational')",0.03169485554099083,0.04217960312962532,0.010484747588634491
2,-0.022352241,-0.05703959,"('intelligent', 'stupid')",-0.02235224097967148,-0.05703958868980408,-0.0346873477101326
7,-0.021877112,-0.014175032,"('practical', 'impractical')",-0.021877111867070198,-0.014175032265484333,0.007702079601585865
1,0.011930667,0.00047976192,"('intelligent', 'unintelligent')",0.011930666863918304,0.000479761918541044,-0.01145090494537726
