,Analog_male,Analog_female,tuple,Devices_male,Devices_female,average_male,average_female,female-male
4,-0.08280888,-0.09715456,"('rational', 'irrational')",-0.021992402,-0.04242223,-0.05240064114332199,-0.06978839635848999,-0.017387755215168
5,0.048212897,0.053539585,"('creative', 'uncreative')",0.09535314,0.120198116,0.07178302109241486,0.08686885237693787,0.01508583128452301
7,0.04803055,0.03662161,"('practical', 'impractical')",0.08781307,0.0746995,0.06792180985212326,0.05566055327653885,-0.012261256575584412
6,-0.04456318,-0.027055277,"('capable', 'incapable')",-0.098264374,-0.07085065,-0.07141377776861191,-0.04895296320319176,0.02246081456542015
1,-0.03200801,-0.019322572,"('intelligent', 'unintelligent')",-0.025112322,-0.034916963,-0.02856016531586647,-0.027119766920804977,0.001440398395061493
0,0.027062086,0.029177008,"('competent', 'incompetent')",-0.0068730703,0.019709354,0.010094508528709412,0.024443181231617928,0.014348672702908516
3,-0.009244496,0.0093705505,"('able', 'unable')",0.04245597,0.06373781,0.016605738550424576,0.03655418008565903,0.01994844153523445
2,-0.0073440536,-0.013448676,"('intelligent', 'stupid')",-0.052783962,-0.079310805,-0.03006400726735592,-0.04637974128127098,-0.016315734013915062
