,Ansys_male,Ansys_female,tuple,average_male,average_female,female-male
5,-0.06585952,-0.047428463,"('creative', 'uncreative')",-0.06585951894521713,-0.04742846265435219,0.018431056290864944
6,-0.04663009,-0.047147978,"('capable', 'incapable')",-0.04663008823990822,-0.047147978097200394,-0.0005178898572921753
4,0.04129115,0.055902615,"('rational', 'irrational')",0.04129115119576454,0.05590261518955231,0.014611463993787766
0,0.030192837,0.013818946,"('competent', 'incompetent')",0.030192837119102478,0.013818945735692978,-0.0163738913834095
2,-0.027417613,-0.043059207,"('intelligent', 'stupid')",-0.027417613193392754,-0.04305920749902725,-0.0156415943056345
1,0.021217406,0.021931669,"('intelligent', 'unintelligent')",0.021217405796051025,0.021931668743491173,0.0007142629474401474
7,0.015405944,0.015258707,"('practical', 'impractical')",0.015405943617224693,0.015258707106113434,-0.00014723651111125946
3,-0.0025898325,0.02423315,"('able', 'unable')",-0.0025898325257003307,0.024233149364590645,0.026822981890290976
