,Anthem_male,Anthem_female,tuple,average_male,average_female,female-male
5,-0.13827719,-0.13452858,"('creative', 'uncreative')",-0.13827718794345856,-0.13452857732772827,0.0037486106157302856
3,0.12503672,0.12512083,"('able', 'unable')",0.12503671646118164,0.1251208335161209,8.411705493927002e-05
6,-0.053969257,-0.030294616,"('capable', 'incapable')",-0.053969256579875946,-0.030294615775346756,0.02367464080452919
1,0.04502362,0.044341847,"('intelligent', 'unintelligent')",0.04502362012863159,0.04434184730052948,-0.0006817728281021118
0,0.039329097,0.02825642,"('competent', 'incompetent')",0.03932909667491913,0.02825642004609108,-0.011072676628828049
7,-0.021194912,-0.01755017,"('practical', 'impractical')",-0.021194912493228912,-0.017550170421600342,0.0036447420716285706
4,-0.0056342883,-0.00970491,"('rational', 'irrational')",-0.005634288303554058,-0.009704910218715668,-0.00407062191516161
2,-0.0037817406,-0.017875751,"('intelligent', 'stupid')",-0.003781740553677082,-0.017875751480460167,-0.014094010926783085
