,Aon_male,Aon_female,tuple,average_male,average_female,female-male
5,-0.055526383,-0.07272022,"('creative', 'uncreative')",-0.055526383221149445,-0.07272022217512131,-0.017193838953971863
6,-0.047492076,-0.03692027,"('capable', 'incapable')",-0.047492075711488724,-0.036920271813869476,0.010571803897619247
4,0.03487714,0.03660257,"('rational', 'irrational')",0.03487714007496834,0.03660257160663605,0.0017254315316677094
2,0.014163669,0.0077652177,"('intelligent', 'stupid')",0.01416366919875145,0.007765217684209347,-0.006398451514542103
3,-0.0047707306,0.00094571576,"('able', 'unable')",-0.004770730622112751,0.0009457157575525343,0.005716446379665285
7,0.0026806735,-0.002402756,"('practical', 'impractical')",0.002680673496797681,-0.0024027558974921703,-0.005083429394289851
1,0.00071426155,0.00069950585,"('intelligent', 'unintelligent')",0.0007142615504562855,0.0006995058502070606,-1.4755700249224901e-05
0,0.0004953631,0.009314552,"('competent', 'incompetent')",0.000495363085065037,0.009314551949501038,0.008819188864436
