,Applied_male,Applied_female,tuple,Materials_male,Materials_female,average_male,average_female,female-male
5,-0.12734768,-0.09874836,"('creative', 'uncreative')",0.05070476,0.07814936,-0.03832145780324936,-0.010299500077962875,0.028021957725286484
0,0.04253142,0.0542976,"('competent', 'incompetent')",-0.031369645,-0.015695322,0.005580887198448181,0.019301138818264008,0.013720251619815826
4,-0.038484167,-0.050371416,"('rational', 'irrational')",-0.049103893,-0.063611165,-0.04379402846097946,-0.05699129030108452,-0.013197261840105057
7,0.03358387,0.02978566,"('practical', 'impractical')",0.048187163,0.041006528,0.04088551551103592,0.035396091639995575,-0.005489423871040344
3,0.03157822,0.044821654,"('able', 'unable')",-0.0028133998,0.0096497,0.014382410794496536,0.02723567560315132,0.012853264808654785
6,-0.012946462,-0.009098768,"('capable', 'incapable')",-0.10427107,-0.10915026,-0.0586087666451931,-0.05912451446056366,-0.0005157478153705597
2,0.0092944335,0.0146609135,"('intelligent', 'stupid')",0.03115487,0.028787583,0.02022465132176876,0.021724248304963112,0.0014995969831943512
1,-0.0092938095,-0.013366257,"('intelligent', 'unintelligent')",0.019534366,0.029206105,0.005120278336107731,0.007919924333691597,0.002799645997583866
