,Apple_male,Apple_female,tuple,average_male,average_female,female-male
4,-0.083553046,-0.07813575,"('rational', 'irrational')",-0.08355304598808289,-0.07813575118780136,0.005417294800281525
2,-0.057303995,-0.05759188,"('intelligent', 'stupid')",-0.05730399489402771,-0.05759188160300255,-0.00028788670897483826
0,0.049641512,0.050834868,"('competent', 'incompetent')",0.04964151233434677,0.05083486810326576,0.001193355768918991
1,-0.042699885,-0.035464033,"('intelligent', 'unintelligent')",-0.04269988462328911,-0.03546403348445892,0.007235851138830185
7,-0.020657048,-0.01553901,"('practical', 'impractical')",-0.020657047629356384,-0.015539010055363178,0.005118037573993206
5,-0.016509451,-0.04183004,"('creative', 'uncreative')",-0.01650945097208023,-0.04183004051446915,-0.025320589542388916
3,0.010200011,0.010604142,"('able', 'unable')",0.010200010612607002,0.01060414221137762,0.00040413159877061844
6,0.0044126445,0.0031017968,"('capable', 'incapable')",0.0044126445427536964,0.003101796843111515,-0.0013108476996421814
