,Aptiv_male,Aptiv_female,tuple,average_male,average_female,female-male
5,-0.12092398,-0.10016184,"('creative', 'uncreative')",-0.1209239810705185,-0.1001618430018425,0.020762138068675995
6,-0.04326497,-0.037904657,"('capable', 'incapable')",-0.0432649701833725,-0.037904657423496246,0.005360312759876251
3,0.03278955,0.063313685,"('able', 'unable')",0.032789550721645355,0.06331368535757065,0.030524134635925293
7,0.03199643,0.0088457605,"('practical', 'impractical')",0.03199642896652222,0.008845760487020016,-0.0231506684795022
0,0.01677269,0.020791665,"('competent', 'incompetent')",0.016772689297795296,0.020791664719581604,0.004018975421786308
2,-0.01407912,-0.010509523,"('intelligent', 'stupid')",-0.014079120010137558,-0.010509522631764412,0.003569597378373146
1,0.0050347815,0.0022649032,"('intelligent', 'unintelligent')",0.005034781526774168,0.0022649031598120928,-0.0027698783669620752
4,-0.0039222785,-0.0017386427,"('rational', 'irrational')",-0.00392227852717042,-0.0017386426916345954,0.0021836358355358243
