,Arista_male,Arista_female,tuple,Networks_male,Networks_female,average_male,average_female,female-male
0,0.14674482,0.15192522,"('competent', 'incompetent')",0.038672302,0.05051603,0.09270855784416199,0.10122062265872955,0.008512064814567566
4,-0.100219265,-0.09531361,"('rational', 'irrational')",-0.06761412,-0.06757028,-0.08391669392585754,-0.08144193887710571,0.002474755048751831
7,-0.05903103,-0.055439778,"('practical', 'impractical')",-0.0012453933,-0.015178284,-0.030138211324810982,-0.03530903160572052,-0.005170820280909538
6,0.05734459,0.061378583,"('capable', 'incapable')",-0.04670962,-0.04562275,0.005317484959959984,0.007877916097640991,0.0025604311376810074
3,-0.036098823,-0.02024413,"('able', 'unable')",-0.04826699,-0.009374253,-0.042182907462120056,-0.014809192158281803,0.027373715303838253
5,-0.028311642,-0.046040148,"('creative', 'uncreative')",-0.026257303,-0.015863724,-0.027284473180770874,-0.030951935797929764,-0.0036674626171588898
1,-0.011157838,-0.017862048,"('intelligent', 'unintelligent')",0.002100404,0.015646067,-0.004528717137873173,-0.0011079907417297363,0.0034207263961434364
2,0.004065076,-0.0075171054,"('intelligent', 'stupid')",-0.0035509127,-0.023424815,0.00025708158500492573,-0.015470960177481174,-0.0157280417624861
