,Arthur_male,Arthur_female,tuple,J._male,J._female,Gallagher_male,Gallagher_female,&_male,&_female,Co._male,Co._female,average_male,average_female,female-male
5,-0.14309989,-0.1626002,"('creative', 'uncreative')",0.012105407,-0.0026191361,-0.12007836,-0.12345629,-0.043580506,-0.054771464,-0.020686034,0.008349297,-0.06306787729263305,-0.06701955795288086,-0.003951680660247814
3,0.0697569,0.08803497,"('able', 'unable')",0.10897819,0.1123752,0.1175154,0.1066531,0.04109473,0.042220853,0.15887192,0.16347444,0.099243426322937,0.10255172252655029,0.0033082962036132812
6,-0.044207525,-0.042206943,"('capable', 'incapable')",-0.0411916,-0.038405813,-0.061336223,-0.05479553,-0.01493015,-0.0071977274,-0.044010535,-0.045968223,-0.041135203838348386,-0.037714844942092894,0.0034203588962554918
2,0.038016297,0.040460467,"('intelligent', 'stupid')",-0.07199957,-0.06617094,0.017708812,0.016150845,0.051717956,0.04445349,0.023643412,-0.0009600426,0.011817380785942078,0.006786764413118362,-0.005030616372823715
0,0.029541763,0.034765657,"('competent', 'incompetent')",-0.106614456,-0.10835396,0.01839361,0.0120832035,-0.009155776,0.0012747109,-0.011914944,-0.02575045,-0.01594996154308319,-0.01719616651535034,-0.0012462049722671495
4,0.021527693,0.033784892,"('rational', 'irrational')",-0.010834323,-0.024211241,-0.035418805,-0.030002907,-0.13764003,-0.14945811,0.0032827188,-0.0019118163,-0.031816548109054564,-0.03435983657836914,-0.002543288469314578
1,0.013430702,0.010189193,"('intelligent', 'unintelligent')",0.074922845,0.06857618,0.016225908,0.01764154,0.045052934,0.049999837,0.014016381,0.017424155,0.032729750871658324,0.032766178250312805,3.642737865448137e-05
7,-0.0030634785,-0.01881312,"('practical', 'impractical')",0.08432011,0.091440074,0.023595408,0.02251981,-0.048612878,-0.06842974,-0.016795175,-0.0071545164,0.007888798415660859,0.003912502527236938,-0.003976295888423921
