,Assurant_male,Assurant_female,tuple,average_male,average_female,female-male
5,-0.06848324,-0.07445764,"('creative', 'uncreative')",-0.06848324090242386,-0.07445763796567917,-0.00597439706325531
0,0.049642444,0.06480696,"('competent', 'incompetent')",0.04964244365692139,0.06480696052312851,0.015164516866207123
4,0.045976885,0.033380933,"('rational', 'irrational')",0.04597688466310501,0.03338093310594559,-0.012595951557159424
3,0.036791548,0.006713378,"('able', 'unable')",0.03679154813289642,0.0067133777774870396,-0.030078170355409384
6,-0.028934518,0.0037088378,"('capable', 'incapable')",-0.02893451787531376,0.0037088377866894007,0.03264335566200316
1,0.013230968,-0.001113229,"('intelligent', 'unintelligent')",0.01323096826672554,-0.001113228965550661,-0.014344197232276201
7,-0.012661864,-0.015352278,"('practical', 'impractical')",-0.012661864049732685,-0.015352278016507626,-0.0026904139667749405
2,0.00795686,0.001896465,"('intelligent', 'stupid')",0.007956859655678272,0.0018964649643748999,-0.006060394691303372
