,AT&T_male,AT&T_female,tuple,average_male,average_female,female-male
6,0.12044871,0.1262688,"('capable', 'incapable')",0.12044870853424072,0.12626880407333374,0.005820095539093018
3,-0.08536464,-0.06926893,"('able', 'unable')",-0.08536463975906372,-0.06926892697811127,0.016095712780952454
4,-0.06605664,-0.056494907,"('rational', 'irrational')",-0.06605663895606995,-0.056494906544685364,0.009561732411384583
7,-0.06527445,-0.0867214,"('practical', 'impractical')",-0.0652744472026825,-0.08672139793634415,-0.02144695073366165
5,-0.058396686,-0.09010979,"('creative', 'uncreative')",-0.05839668586850166,-0.09010978788137436,-0.031713102012872696
0,0.054637685,0.08036711,"('competent', 'incompetent')",0.05463768541812897,0.08036711066961288,0.025729425251483917
1,-0.036187544,-0.03805123,"('intelligent', 'unintelligent')",-0.036187544465065,-0.03805122897028923,-0.001863684505224228
2,0.017992258,0.019599544,"('intelligent', 'stupid')",0.017992258071899414,0.019599543884396553,0.001607285812497139
