,Atmos_male,Atmos_female,tuple,Energy_male,Energy_female,average_male,average_female,female-male
4,0.06258996,0.06278911,"('rational', 'irrational')",-0.05856218,-0.055049308,0.0020138900727033615,0.003869902342557907,0.0018560122698545456
3,0.054081224,0.0638247,"('able', 'unable')",0.03048999,0.053108077,0.042285606265068054,0.058466389775276184,0.01618078351020813
6,-0.053833663,-0.04167975,"('capable', 'incapable')",-0.06564437,-0.06611495,-0.059739015996456146,-0.053897351026535034,0.005841664969921112
5,-0.037148144,-0.03061705,"('creative', 'uncreative')",-0.005074311,-0.02356725,-0.021111227571964264,-0.02709215134382248,-0.005980923771858215
7,-0.010641148,-0.012069505,"('practical', 'impractical')",-0.03488957,-0.029364854,-0.02276536077260971,-0.020717179402709007,0.0020481813699007034
1,-0.0075328494,-0.010766827,"('intelligent', 'unintelligent')",0.0046072626,0.010602739,-0.001462793443351984,-8.204393088817596e-05,0.001380749512463808
0,0.001522608,-9.7659904e-05,"('competent', 'incompetent')",0.039062213,0.042480562,0.020292410627007484,0.02119145169854164,0.0008990410715341568
2,-0.00083899254,-0.014133417,"('intelligent', 'stupid')",-0.065077595,-0.07664522,-0.032958295196294785,-0.045389316976070404,-0.01243102177977562
