,Automatic_male,Automatic_female,tuple,Data_male,Data_female,Processing_male,Processing_female,average_male,average_female,female-male
7,0.09422104,0.1042894,"('practical', 'impractical')",-0.029231269,-0.025164118,0.03702309,0.04972431,0.03400428841511408,0.04294986526171366,0.008945576846599579
6,-0.087386996,-0.06055535,"('capable', 'incapable')",-0.06091803,-0.058503926,-0.073415585,-0.09010394,-0.07390686869621277,-0.06972107291221619,0.004185795783996582
5,-0.06390499,-0.07483269,"('creative', 'uncreative')",-0.027481975,-0.022430412,-0.11561665,-0.098746575,-0.06900120774904887,-0.06533656020959218,0.0036646475394566946
3,0.0253506,0.0472179,"('able', 'unable')",-0.018065339,0.007609523,0.0060399985,0.03473311,0.004441753340264161,0.02985351284344991,0.02541175950318575
1,-0.019172158,-0.021782294,"('intelligent', 'unintelligent')",-0.029229047,-0.033624485,-0.00086238707,0.015015298,-0.016421197603146236,-0.013463827470938364,0.0029573701322078722
0,-0.018789941,-0.020621631,"('competent', 'incompetent')",0.021909937,0.017618211,-0.04913351,-0.04474344,-0.015337837239106497,-0.015915619830290478,-0.0005777825911839809
4,0.007489682,0.0079991575,"('rational', 'irrational')",-0.062153187,-0.047266696,0.037400275,0.03225909,-0.005754409978787105,-0.0023361494143803916,0.003418260564406713
2,-0.0019495604,-0.00079428527,"('intelligent', 'stupid')",0.013056793,-0.0061950986,0.021857105,0.0011300484,0.010988112539052963,-0.0019531119614839554,-0.012941224500536919
