,Autodesk_male,Autodesk_female,tuple,average_male,average_female,female-male
3,-0.109942585,-0.08814645,"('able', 'unable')",-0.10994258522987366,-0.08814644813537598,0.02179613709449768
0,0.10169203,0.10614566,"('competent', 'incompetent')",0.10169202834367752,0.10614565759897232,0.0044536292552948
7,-0.0736694,-0.07746633,"('practical', 'impractical')",-0.07366939634084702,-0.07746633142232895,-0.0037969350814819336
5,-0.06468184,-0.057753008,"('creative', 'uncreative')",-0.06468184292316437,-0.05775300785899162,0.006928835064172745
2,0.05123816,0.037633654,"('intelligent', 'stupid')",0.05123816058039665,0.03763365373015404,-0.013604506850242615
1,-0.032462567,-0.03173005,"('intelligent', 'unintelligent')",-0.03246256709098816,-0.0317300483584404,0.00073251873254776
4,-0.022868471,-0.021506658,"('rational', 'irrational')",-0.02286847122013569,-0.02150665782392025,0.0013618133962154388
6,0.008566886,0.011158953,"('capable', 'incapable')",0.008566886186599731,0.011158953420817852,0.0025920672342181206
