,AutoZone_male,AutoZone_female,tuple,average_male,average_female,female-male
3,-0.097848915,-0.06879306,"('able', 'unable')",-0.09784891456365585,-0.06879305839538574,0.02905585616827011
5,-0.09480205,-0.09396004,"('creative', 'uncreative')",-0.09480205178260803,-0.09396003931760788,0.0008420124650001526
0,0.06438839,0.06406567,"('competent', 'incompetent')",0.06438838690519333,0.06406567245721817,-0.0003227144479751587
2,0.054579645,0.05136028,"('intelligent', 'stupid')",0.05457964539527893,0.05136027932167053,-0.0032193660736083984
4,-0.048882574,-0.02363582,"('rational', 'irrational')",-0.04888257384300232,-0.02363581955432892,0.0252467542886734
7,-0.048273847,-0.05000906,"('practical', 'impractical')",-0.04827384650707245,-0.05000906065106392,-0.0017352141439914703
1,-0.02286023,-0.022207685,"('intelligent', 'unintelligent')",-0.02286023087799549,-0.022207684814929962,0.0006525460630655289
6,-0.004125477,-0.0049491455,"('capable', 'incapable')",-0.004125476814806461,-0.0049491454847157,-0.0008236686699092388
