,AvalonBay_male,AvalonBay_female,tuple,Communities_male,Communities_female,average_male,average_female,female-male
2,0.06676019,0.057062816,"('intelligent', 'stupid')",0.007941996,-0.01224437,0.037351094186306,0.02240922302007675,-0.014941871166229248
5,-0.06521045,-0.06818794,"('creative', 'uncreative')",0.021649843,0.023364259,-0.02178030088543892,-0.022411838173866272,-0.0006315372884273529
6,-0.04887348,-0.048022225,"('capable', 'incapable')",-0.1377901,-0.13639411,-0.09333179146051407,-0.09220816940069199,0.0011236220598220825
3,0.018885344,0.027452448,"('able', 'unable')",0.023199644,0.022399645,0.021042494103312492,0.024926047772169113,0.003883553668856621
0,-0.015087792,-0.009350384,"('competent', 'incompetent')",-0.025989607,-0.01992209,-0.020538698881864548,-0.014636237174272537,0.0059024617075920105
4,-0.01092541,-0.0138971275,"('rational', 'irrational')",-0.06338171,-0.061127927,-0.03715356066823006,-0.03751252591609955,-0.0003589652478694916
1,-0.009466966,-0.0086402325,"('intelligent', 'unintelligent')",0.039644837,0.044215344,0.015088936313986778,0.01778755523264408,0.002698618918657303
7,0.0011127724,-0.004119376,"('practical', 'impractical')",-0.02193729,-0.033231243,-0.01041225902736187,-0.018675310537219048,-0.008263051509857178
