,Avery_male,Avery_female,tuple,Dennison_male,Dennison_female,average_male,average_female,female-male
5,-0.09631677,-0.114006005,"('creative', 'uncreative')",-0.022428537,-0.029473167,-0.05937265232205391,-0.07173958420753479,-0.01236693188548088
3,0.0780101,0.08656202,"('able', 'unable')",0.027508749,0.06126721,0.05275942385196686,0.07391461730003357,0.02115519344806671
6,-0.053738493,-0.074575976,"('capable', 'incapable')",-0.002885682,-0.0025712952,-0.028312087059020996,-0.03857363387942314,-0.010261546820402145
2,0.047819614,0.045537103,"('intelligent', 'stupid')",0.024915757,0.013697876,0.03636768460273743,0.029617488384246826,-0.006750196218490601
4,-0.04064497,-0.008703401,"('rational', 'irrational')",-0.01960298,-0.010815416,-0.03012397512793541,-0.009759409353137016,0.020364565774798393
0,-0.015068789,-0.023030693,"('competent', 'incompetent')",-0.06620979,-0.04040582,-0.04063929244875908,-0.03171825781464577,0.008921034634113312
7,0.008515614,0.01701827,"('practical', 'impractical')",-0.0063956217,-0.016733248,0.001059996197000146,0.00014251098036766052,-0.0009174852166324854
1,-0.0076198406,0.0033341814,"('intelligent', 'unintelligent')",-0.012059911,-0.01494453,-0.009839875623583794,-0.005805174354463816,0.004034701269119978
