,Baker_male,Baker_female,tuple,Hughes_male,Hughes_female,average_male,average_female,female-male
5,-0.13959417,-0.14765346,"('creative', 'uncreative')",-0.043898344,-0.05808257,-0.0917462557554245,-0.10286801308393478,-0.011121757328510284
2,0.08383443,0.06266473,"('intelligent', 'stupid')",-0.021024551,-0.02727839,0.03140494227409363,0.01769317127764225,-0.013711770996451378
3,0.038585488,0.0399592,"('able', 'unable')",0.011495207,0.029871564,0.02504034712910652,0.03491538017988205,0.009875033050775528
6,-0.03418454,-0.043072328,"('capable', 'incapable')",-0.03656592,-0.029218702,-0.03537523001432419,-0.036145515739917755,-0.0007702857255935669
7,-0.027251257,-0.014555663,"('practical', 'impractical')",0.027910762,0.027914466,0.00032975245267152786,0.006679401732981205,0.006349649280309677
4,-0.015896626,-0.008996056,"('rational', 'irrational')",-0.020034133,-0.008978012,-0.01796538010239601,-0.008987033739686012,0.008978346362709999
1,0.014364231,0.017446673,"('intelligent', 'unintelligent')",0.0011015782,0.007357709,0.0077329049818217754,0.012402190826833248,0.004669285845011473
0,-0.006995667,0.0027333042,"('competent', 'incompetent')",0.009939163,0.015140677,0.0014717481099069118,0.008936990052461624,0.007465241942554712
