,Ball_male,Ball_female,tuple,Corp_male,Corp_female,average_male,average_female,female-male
5,-0.1428951,-0.13375176,"('creative', 'uncreative')",-0.11412648,-0.11047702,-0.12851078808307648,-0.1221143901348114,0.006396397948265076
1,0.028778993,0.029757934,"('intelligent', 'unintelligent')",0.0010721454,-0.007177876,0.014925569295883179,0.011290028691291809,-0.0036355406045913696
4,-0.019343581,-0.0035700265,"('rational', 'irrational')",-0.0029861457,0.0074518984,-0.011164863593876362,0.0019409359665587544,0.013105799560435116
3,0.018691836,0.06576458,"('able', 'unable')",0.0999496,0.11479322,0.05932071805000305,0.09027890115976334,0.030958183109760284
7,0.016386986,0.015998544,"('practical', 'impractical')",0.027091606,0.03626745,0.02173929661512375,0.026132997125387192,0.004393700510263443
6,0.016110418,-0.009115962,"('capable', 'incapable')",-0.041310117,-0.038715057,-0.01259984914213419,-0.02391551062464714,-0.011315661482512951
2,0.009982035,-0.01908755,"('intelligent', 'stupid')",-0.012201122,-0.012562309,-0.0011095437221229076,-0.015824928879737854,-0.014715385157614946
0,0.00976814,0.025314847,"('competent', 'incompetent')",0.013359732,0.0104339365,0.011563936248421669,0.01787439174950123,0.006310455501079559
