,Bank_male,Bank_female,tuple,of_male,of_female,America_male,America_female,average_male,average_female,female-male
5,-0.18535803,-0.18389966,"('creative', 'uncreative')",-0.19309443,-0.18292557,-0.06754546,-0.08298127,-0.148665984471639,-0.14993550380071005,-0.001269519329071045
6,-0.07135972,-0.08020852,"('capable', 'incapable')",-0.109745756,-0.12693688,-0.07840258,-0.08016012,-0.08650268117586772,-0.09576850136121114,-0.009265820185343415
2,0.03549127,0.027231926,"('intelligent', 'stupid')",-0.019132983,-0.045366336,0.00899222,-0.0037769822,0.008450169116258621,-0.0073037973294655485,-0.01575396644572417
3,0.033815406,0.044275653,"('able', 'unable')",0.15607685,0.179784,0.09456905,0.11935654,0.09482043981552124,0.11447207132975261,0.01965163151423137
1,0.02780075,0.037176967,"('intelligent', 'unintelligent')",0.03386574,0.04203477,-0.026904102,-0.021715114,0.011587462077538172,0.019165543218453724,0.007578081140915552
7,0.017761733,0.014150849,"('practical', 'impractical')",0.05129931,0.08018512,0.006596461,0.0074684806,0.02521916727224986,0.0339348167181015,0.008715649445851643
4,0.0024981454,-0.0025484879,"('rational', 'irrational')",0.08843486,0.06986225,-0.0026647912,-0.0024914935,0.029422737658023834,0.021607421338558197,-0.007815316319465637
0,-0.0021903922,0.0018128012,"('competent', 'incompetent')",-0.023143522,-0.008195696,0.017323272,0.01799085,-0.002670214201013247,0.003869318092862765,0.006539532293876012
