,Bath_male,Bath_female,tuple,&_male,&_female,Body_male,Body_female,Works_male,Works_female,Inc._male,Inc._female,average_male,average_female,female-male
4,-0.08929434,-0.06671436,"('rational', 'irrational')",-0.13764003,-0.14945811,0.03596648,0.045463435,-0.038975082,-0.04075882,-0.021074219,-0.026053516,-0.05020343661308289,-0.047504276037216187,0.0026991605758667006
5,-0.05028318,-0.047431387,"('creative', 'uncreative')",-0.043580506,-0.054771464,-0.058451913,-0.039618365,-0.026981985,-0.0031647885,-0.04907112,-0.058734547,-0.045673736929893495,-0.04074410796165466,0.004929628968238835
0,-0.03467941,-0.029974876,"('competent', 'incompetent')",-0.009155776,0.0012747109,-0.031923454,-0.055098943,0.05113877,0.060777236,0.087389074,0.083880335,0.01255384087562561,0.01217169240117073,-0.00038214847445488045
6,-0.025187146,-0.043898012,"('capable', 'incapable')",-0.01493015,-0.0071977274,-0.114533156,-0.13388595,-0.14104745,-0.13198765,-0.037288684,-0.03357129,-0.066597318649292,-0.07010812759399414,-0.00351080894470214
1,0.009290524,0.016503522,"('intelligent', 'unintelligent')",0.045052934,0.049999837,-0.0028232986,0.0050724023,0.029737497,0.047719743,-0.06445829,-0.06336725,0.003359873592853546,0.011185652017593384,0.007825778424739839
3,0.0050318134,0.02623904,"('able', 'unable')",0.04109473,0.042220853,0.11947309,0.14579268,0.021943744,0.0344023,0.08772865,0.09920702,0.05505440831184387,0.06957237720489502,0.014517968893051153
2,-0.0019399012,-0.013550972,"('intelligent', 'stupid')",0.051717956,0.04445349,-0.027187577,-0.054731615,0.06305123,0.041026674,-0.095627554,-0.0953964,-0.0019971683621406557,-0.015639764070510865,-0.01364259570837021
7,0.0015563949,0.0081325555,"('practical', 'impractical')",-0.048612878,-0.06842974,0.022303427,0.04136317,0.018239567,0.0026699738,0.0019047167,0.0059159575,-0.0009217541664838791,-0.0020696168765425684,-0.0011478627100586893
