,Baxter_male,Baxter_female,tuple,International_male,International_female,average_male,average_female,female-male
5,-0.14718248,-0.16566639,"('creative', 'uncreative')",-0.12200729,-0.11464056,-0.1345948874950409,-0.14015346765518188,-0.005558580160140991
7,-0.09405814,-0.098108545,"('practical', 'impractical')",0.008239,0.000655524,-0.042909570038318634,-0.048726510256528854,-0.00581694021821022
4,-0.050559588,-0.03929829,"('rational', 'irrational')",0.027949685,0.019367075,-0.011304951272904873,-0.009965606965124607,0.0013393443077802658
0,0.05002931,0.057842765,"('competent', 'incompetent')",-0.0115038045,-0.0039770664,0.019262753427028656,0.0269328486174345,0.007670095190405846
2,0.04579447,0.043094713,"('intelligent', 'stupid')",0.0011695327,-0.0063489676,0.023482000455260277,0.018372872844338417,-0.00510912761092186
6,0.035027083,0.032486755,"('capable', 'incapable')",-0.11211831,-0.09682173,-0.03854561597108841,-0.03216748684644699,0.0063781291246414185
1,0.01695934,0.016906885,"('intelligent', 'unintelligent')",-0.026011018,-0.014023297,-0.004525839351117611,0.0014417944476008415,0.0059676337987184525
3,-0.0032733665,-0.00023000887,"('able', 'unable')",0.1131766,0.09824854,0.05495161563158035,0.04900926724076271,-0.005942348390817642
