,Becton_male,Becton_female,tuple,Dickinson_male,Dickinson_female,average_male,average_female,female-male
3,-0.055581693,0.0021235887,"('able', 'unable')",-0.0501425,-0.038760938,-0.05286209657788277,-0.018318675458431244,0.03454342111945152
0,-0.046770368,-0.046349347,"('competent', 'incompetent')",0.058179542,0.057387255,0.005704587325453758,0.005518954247236252,-0.0001856330782175064
5,-0.04005038,-0.07040852,"('creative', 'uncreative')",0.0007099552,-0.0043609072,-0.019670212641358376,-0.03738471493124962,-0.017714502289891243
6,0.036741197,-0.007619613,"('capable', 'incapable')",0.010382601,0.009479047,0.02356189861893654,0.0009297169744968414,-0.022632181644439697
7,-0.035362065,-0.026238834,"('practical', 'impractical')",0.05210061,0.062720306,0.008369272574782372,0.018240734934806824,0.009871462360024452
1,-0.011589412,0.008664665,"('intelligent', 'unintelligent')",0.024103398,0.027316613,0.006256992928683758,0.017990639433264732,0.011733646504580975
2,0.008619086,0.010508467,"('intelligent', 'stupid')",0.0061154747,-0.006401201,0.007367280311882496,0.0020536333322525024,-0.0053136469796299934
4,-0.0063682077,0.009305558,"('rational', 'irrational')",-0.13996753,-0.13174963,-0.07316786795854568,-0.06122203543782234,0.011945832520723343
