,Berkshire_male,Berkshire_female,tuple,Hathaway_male,Hathaway_female,average_male,average_female,female-male
4,-0.14716914,-0.12907825,"('rational', 'irrational')",-0.037897926,-0.04328516,-0.09253353625535965,-0.08618170768022537,0.006351828575134277
5,-0.12062612,-0.11292151,"('creative', 'uncreative')",-0.03636608,-0.064663194,-0.07849609851837158,-0.0887923538684845,-0.010296255350112915
1,0.029146302,0.034900315,"('intelligent', 'unintelligent')",0.013426815,0.013781697,0.021286558359861374,0.024341005831956863,0.0030544474720954895
2,0.025146158,0.011167974,"('intelligent', 'stupid')",0.0074676042,-0.0005515865,0.016306880861520767,0.00530819408595562,-0.010998686775565147
0,-0.013726784,-0.01378938,"('competent', 'incompetent')",0.10011188,0.11800392,0.0431925468146801,0.05210727080702782,0.008914723992347717
3,0.010601373,0.02054173,"('able', 'unable')",-0.085434034,-0.08405335,-0.037416331470012665,-0.03175581246614456,0.005660519003868103
7,-0.009576267,0.00096844335,"('practical', 'impractical')",-0.06738282,-0.06632235,-0.03847954422235489,-0.032676953822374344,0.005802590399980545
6,0.008405738,-0.006674428,"('capable', 'incapable')",0.07065059,0.08295247,0.03952816501259804,0.038139019161462784,-0.001389145851135254
