,Best_male,Best_female,tuple,Buy_male,Buy_female,average_male,average_female,female-male
0,-0.14971085,-0.13654336,"('competent', 'incompetent')",0.0121656405,-0.011999994,-0.06877260655164719,-0.07427167892456055,-0.005499072372913361
1,0.13735431,0.15975174,"('intelligent', 'unintelligent')",0.04947927,0.052151885,0.09341679513454437,0.10595181584358215,0.01253502070903778
3,0.09315375,0.09778045,"('able', 'unable')",0.0752601,0.12358336,0.08420692384243011,0.11068190634250641,0.026474982500076294
7,0.0679581,0.051291816,"('practical', 'impractical')",0.051924266,0.070113435,0.059941183775663376,0.060702625662088394,0.0007614418864250183
4,0.04088154,0.048076726,"('rational', 'irrational')",0.016271591,0.014096194,0.02857656590640545,0.031086459755897522,0.002509893849492073
2,-0.0371081,-0.04951872,"('intelligent', 'stupid')",-0.018775372,-0.045448627,-0.027941737323999405,-0.04748367518186569,-0.019541937857866287
6,-0.031795185,-0.048002526,"('capable', 'incapable')",-0.057086885,-0.067290656,-0.04444103688001633,-0.05764659121632576,-0.013205554336309433
5,0.011557352,-0.00929577,"('creative', 'uncreative')",-0.14397214,-0.14291894,-0.0662073940038681,-0.07610736042261124,-0.009899966418743134
