,Bio-Rad_male,Bio-Rad_female,tuple,Laboratories_male,Laboratories_female,average_male,average_female,female-male
1,-0.09128014,-0.09483413,"('intelligent', 'unintelligent')",0.00010405967,0.007488636,-0.045588038861751556,-0.04367274418473244,0.0019152946770191193
4,0.07040119,0.076136,"('rational', 'irrational')",0.015613036,0.021586183,0.04300711303949356,0.04886109381914139,0.005853980779647827
0,0.067365944,0.06936689,"('competent', 'incompetent')",-0.031180209,-0.022869192,0.018092866986989975,0.02324884757399559,0.005155980587005615
3,-0.06172536,-0.04191519,"('able', 'unable')",0.021700453,0.031082122,-0.020012453198432922,-0.005416533909738064,0.014595919288694859
7,-0.05063694,-0.047356203,"('practical', 'impractical')",0.051066566,0.051786713,0.00021481327712535858,0.0022152550518512726,0.002000441774725914
6,-0.04381176,-0.03791634,"('capable', 'incapable')",-0.1107992,-0.11355385,-0.07730548083782196,-0.07573509216308594,0.001570388674736023
2,-0.026412325,-0.040155668,"('intelligent', 'stupid')",0.021342963,0.0020882138,-0.002534680999815464,-0.019033726304769516,-0.016499045304954052
5,-0.025407761,-0.004768116,"('creative', 'uncreative')",-0.0522719,-0.056521058,-0.038839831948280334,-0.03064458630979061,0.008195245638489723
