,Bio-Techne_male,Bio-Techne_female,tuple,average_male,average_female,female-male
3,-0.10102396,-0.08055305,"('able', 'unable')",-0.10102395713329315,-0.08055304735898972,0.020470909774303436
0,0.08775856,0.08879585,"('competent', 'incompetent')",0.08775856345891953,0.08879584819078445,0.0010372847318649292
7,-0.082112096,-0.08097836,"('practical', 'impractical')",-0.08211209625005722,-0.08097835630178452,0.001133739948272705
1,-0.078662425,-0.0767875,"('intelligent', 'unintelligent')",-0.07866242527961731,-0.07678750157356262,0.0018749237060546875
4,0.057168618,0.05907978,"('rational', 'irrational')",0.057168617844581604,0.05907978117465973,0.001911163330078125
2,-0.046750557,-0.05914432,"('intelligent', 'stupid')",-0.04675055667757988,-0.05914432182908058,-0.012393765151500702
6,-0.021618368,-0.023553113,"('capable', 'incapable')",-0.021618368104100227,-0.023553112521767616,-0.001934744417667389
5,-0.007510118,0.00927894,"('creative', 'uncreative')",-0.0075101181864738464,0.009278940036892891,0.016789058223366737
