,Biogen_male,Biogen_female,tuple,average_male,average_female,female-male
0,0.06617894,0.062285997,"('competent', 'incompetent')",0.06617894023656845,0.06228599697351456,-0.003892943263053894
1,-0.05210134,-0.051342845,"('intelligent', 'unintelligent')",-0.052101340144872665,-0.05134284496307373,0.0007584951817989349
7,-0.042155705,-0.038078018,"('practical', 'impractical')",-0.04215570539236069,-0.03807801753282547,0.004077687859535217
4,0.040632136,0.048965793,"('rational', 'irrational')",0.040632136166095734,0.04896579310297966,0.008333656936883926
2,-0.033654243,-0.04148071,"('intelligent', 'stupid')",-0.033654242753982544,-0.04148070886731148,-0.007826466113328934
5,-0.02940218,-0.030500239,"('creative', 'uncreative')",-0.029402179643511772,-0.03050023876130581,-0.0010980591177940369
3,-0.024434794,7.4966947e-06,"('able', 'unable')",-0.02443479374051094,7.496694706787821e-06,0.02444229043521773
6,0.0071321866,0.0076118778,"('capable', 'incapable')",0.007132186554372311,0.007611877750605345,0.00047969119623303413
