,BlackRock_male,BlackRock_female,tuple,average_male,average_female,female-male
5,-0.16392218,-0.12254313,"('creative', 'uncreative')",-0.16392217576503754,-0.12254312634468079,0.04137904942035675
2,0.078540705,0.07189101,"('intelligent', 'stupid')",0.07854070514440536,0.07189100980758667,-0.006649695336818695
3,0.060440093,0.093134314,"('able', 'unable')",0.06044009327888489,0.0931343138217926,0.032694220542907715
0,0.034623157,0.006863184,"('competent', 'incompetent')",0.0346231572329998,0.006863183807581663,-0.02775997342541814
7,-0.032029554,-0.027854107,"('practical', 'impractical')",-0.03202955424785614,-0.027854107320308685,0.004175446927547455
4,-0.026581056,-0.006926559,"('rational', 'irrational')",-0.0265810564160347,-0.0069265589118003845,0.019654497504234314
6,-0.0115269935,-0.027154693,"('capable', 'incapable')",-0.011526993475854397,-0.027154693379998207,-0.01562769990414381
1,0.009649944,0.009423409,"('intelligent', 'unintelligent')",0.009649943560361862,0.009423408657312393,-0.000226534903049469
