,BNY_male,BNY_female,tuple,Mellon_male,Mellon_female,average_male,average_female,female-male
5,-0.104537144,-0.11187002,"('creative', 'uncreative')",-0.009634804,-0.024912115,-0.057085976004600525,-0.06839106976985931,-0.011305093765258789
3,-0.09038386,-0.086299695,"('able', 'unable')",-0.049139697,-0.05274084,-0.06976177543401718,-0.0695202648639679,0.0002415105700492859
4,-0.08001088,-0.07198979,"('rational', 'irrational')",-0.14850979,-0.14557418,-0.11426033079624176,-0.10878198593854904,0.0054783448576927185
6,0.06522207,0.06301664,"('capable', 'incapable')",0.048333324,0.059172507,0.056777697056531906,0.06109457463026047,0.004316877573728561
0,0.048144415,0.046611603,"('competent', 'incompetent')",0.022605676,0.034124043,0.035375043749809265,0.04036782309412956,0.004992779344320297
7,-0.044007286,-0.02984524,"('practical', 'impractical')",-0.006289401,0.00036554568,-0.025148343294858932,-0.01473984681069851,0.010408496484160423
1,0.035163905,0.038156785,"('intelligent', 'unintelligent')",0.0026458746,0.0006152755,0.01890489086508751,0.019386030733585358,0.0004811398684978485
2,0.018803515,0.011523285,"('intelligent', 'stupid')",-0.031119449,-0.041770115,-0.006157967261970043,-0.015123415738344193,-0.00896544847637415
