,Boeing_male,Boeing_female,tuple,average_male,average_female,female-male
5,-0.096350074,-0.10749946,"('creative', 'uncreative')",-0.09635007381439209,-0.10749945789575577,-0.011149384081363678
4,-0.07022316,-0.06526374,"('rational', 'irrational')",-0.07022316008806229,-0.06526374071836472,0.004959419369697571
7,0.03756882,0.0347096,"('practical', 'impractical')",0.037568818777799606,0.03470959886908531,-0.0028592199087142944
3,0.02606726,0.029304562,"('able', 'unable')",0.026067260652780533,0.029304562136530876,0.0032373014837503433
1,-0.016214456,-0.01501882,"('intelligent', 'unintelligent')",-0.016214456409215927,-0.015018819831311703,0.0011956365779042244
6,-0.012125866,-0.003934864,"('capable', 'incapable')",-0.012125865556299686,-0.003934863954782486,0.0081910016015172
0,0.011649266,0.014653036,"('competent', 'incompetent')",0.011649265885353088,0.014653036370873451,0.003003770485520363
2,0.0005399653,0.0011924147,"('intelligent', 'stupid')",0.0005399652873165905,0.0011924146674573421,0.0006524493801407516
