,Booking_male,Booking_female,tuple,Holdings_male,Holdings_female,average_male,average_female,female-male
3,0.12611644,0.12966748,"('able', 'unable')",0.11538586,0.13276215,0.12075114995241165,0.13121481239795685,0.010463662445545197
5,-0.088191696,-0.09926618,"('creative', 'uncreative')",-0.053658955,-0.07643603,-0.07092532515525818,-0.08785110712051392,-0.016925781965255737
6,-0.0779926,-0.08178652,"('capable', 'incapable')",-0.069236204,-0.059655063,-0.07361440360546112,-0.07072079181671143,0.002893611788749695
2,0.04316331,0.029235702,"('intelligent', 'stupid')",-0.025787735,-0.056807045,0.008687787689268589,-0.013785671442747116,-0.022473459132015705
4,-0.028613167,-0.025325269,"('rational', 'irrational')",-0.024002356,-0.012593959,-0.026307761669158936,-0.018959613516926765,0.00734814815223217
0,-0.021713125,-0.018141937,"('competent', 'incompetent')",-0.054858144,-0.052832823,-0.03828563541173935,-0.035487379878759384,0.002798255532979965
7,0.0153702,0.023449453,"('practical', 'impractical')",0.06948138,0.0810062,0.042425788938999176,0.05222782492637634,0.009802035987377167
1,0.01015929,0.010217542,"('intelligent', 'unintelligent')",0.034783427,0.03469721,0.022471358999609947,0.02245737612247467,-1.3982877135276794e-05
