,BorgWarner_male,BorgWarner_female,tuple,average_male,average_female,female-male
7,-0.058941346,-0.05986595,"('practical', 'impractical')",-0.058941345661878586,-0.05986595153808594,-0.0009246058762073517
6,-0.05874925,-0.0589481,"('capable', 'incapable')",-0.0587492510676384,-0.0589480996131897,-0.00019884854555130005
0,0.052576754,0.052866258,"('competent', 'incompetent')",0.05257675424218178,0.05286625772714615,0.00028950348496437073
2,0.04536187,0.026681893,"('intelligent', 'stupid')",0.04536186903715134,0.026681892573833466,-0.01867997646331787
4,0.034156356,0.036464967,"('rational', 'irrational')",0.03415635600686073,0.03646496683359146,0.002308610826730728
5,-0.031399146,-0.03173574,"('creative', 'uncreative')",-0.03139914572238922,-0.03173574060201645,-0.0003365948796272278
1,-0.02055759,-0.023643471,"('intelligent', 'unintelligent')",-0.020557589828968048,-0.02364347130060196,-0.003085881471633911
3,-0.008834027,0.009914891,"('able', 'unable')",-0.008834026753902435,0.009914890863001347,0.018748917616903782
