,Boston_male,Boston_female,tuple,Scientific_male,Scientific_female,average_male,average_female,female-male
2,0.07711956,0.0615822,"('intelligent', 'stupid')",0.010734512,-0.002738364,0.043927036225795746,0.029421918094158173,-0.014505118131637573
4,-0.076311715,-0.07162135,"('rational', 'irrational')",-0.042057212,-0.0347767,-0.05918446183204651,-0.05319902300834656,0.005985438823699951
5,-0.055051304,-0.07761917,"('creative', 'uncreative')",-0.15894341,-0.13504772,-0.10699735581874847,-0.10633344948291779,0.0006639063358306885
0,-0.034162886,-0.02430368,"('competent', 'incompetent')",-0.021490168,-0.015334711,-0.027826527133584023,-0.019819196313619614,0.008007330819964409
1,0.023320422,0.035134323,"('intelligent', 'unintelligent')",-0.013531201,-0.010915916,0.004894610494375229,0.012109203264117241,0.007214592769742012
6,-0.020891882,-0.028204605,"('capable', 'incapable')",-0.04221063,-0.060495764,-0.03155125677585602,-0.04435018450021744,-0.01279892772436142
7,-0.01855754,-0.017760467,"('practical', 'impractical')",0.017029364,0.020232787,-0.0007640877738595009,0.001236160285770893,0.002000248059630394
3,0.010795032,0.03626354,"('able', 'unable')",0.03864407,0.060212884,0.02471955120563507,0.04823821038007736,0.02351865917444229
