,Boston_male,Boston_female,tuple,Properties_male,Properties_female,average_male,average_female,female-male
2,0.07711956,0.0615822,"('intelligent', 'stupid')",0.028166419,0.023891373,0.05264298990368843,0.04273678734898567,-0.009906202554702759
4,-0.076311715,-0.07162135,"('rational', 'irrational')",-0.008865129,-0.037905283,-0.04258842021226883,-0.0547633171081543,-0.012174896895885468
5,-0.055051304,-0.07761917,"('creative', 'uncreative')",-0.034128197,-0.031621832,-0.044589750468730927,-0.05462050437927246,-0.010030753910541534
0,-0.034162886,-0.02430368,"('competent', 'incompetent')",-0.06444459,-0.051538665,-0.04930373653769493,-0.03792117163538933,0.011382564902305603
1,0.023320422,0.035134323,"('intelligent', 'unintelligent')",0.041126024,0.048703033,0.03222322463989258,0.04191868007183075,0.009695455431938171
6,-0.020891882,-0.028204605,"('capable', 'incapable')",-0.07654243,-0.07388949,-0.048717156052589417,-0.05104704573750496,-0.0023298896849155426
7,-0.01855754,-0.017760467,"('practical', 'impractical')",0.018351862,0.0057337037,-0.00010283850133419037,-0.006013381294906139,-0.005910542793571949
3,0.010795032,0.03626354,"('able', 'unable')",0.09718821,0.113746494,0.05399162322282791,0.07500501722097397,0.021013393998146057
