,Bristol_male,Bristol_female,tuple,Myers_male,Myers_female,Squibb_male,Squibb_female,average_male,average_female,female-male
4,-0.16688891,-0.15353554,"('rational', 'irrational')",-0.026668556,-0.0073487745,0.0032682621,0.005426338,-0.0634297380844752,-0.05181932946046194,0.011610408624013267
2,0.041991897,0.025615511,"('intelligent', 'stupid')",0.0141408425,-0.004685747,0.009181147,-0.0035107702,0.021771296858787537,0.005806331833203633,-0.015964965025583904
1,0.036613908,0.04909475,"('intelligent', 'unintelligent')",0.015727576,0.023485899,-0.03121722,-0.05026427,0.007041421408454577,0.007438793778419495,0.0003973723699649172
7,-0.031600673,-0.025318965,"('practical', 'impractical')",-0.036169436,-0.013887841,-0.06838212,-0.06975245,-0.04538407921791077,-0.03631975253423055,0.009064326683680214
0,-0.02991075,-0.027699603,"('competent', 'incompetent')",0.01244413,0.00060481037,0.061027586,0.07408584,0.01452032228310903,0.015663682172695797,0.0011433598895867671
5,-0.0132964915,-0.0034000503,"('creative', 'uncreative')",-0.116911426,-0.1297075,-0.00017236533,-0.0017147086,-0.04346009095509847,-0.044940754771232605,-0.0014806638161341326
3,-0.012305023,0.00023858377,"('able', 'unable')",0.014323318,0.03588379,0.019929696,0.023798643,0.0073159970343112946,0.019973672926425934,0.01265767589211464
6,-0.011610918,-0.02459713,"('capable', 'incapable')",-0.0047472427,-0.014921373,0.0131731285,0.013659699,-0.0010616770014166832,-0.00861960214873155,-0.007557925147314867
