,Broadcom_male,Broadcom_female,tuple,average_male,average_female,female-male
5,-0.08052824,-0.074419685,"('creative', 'uncreative')",-0.08052823692560196,-0.07441968470811844,0.0061085522174835205
7,-0.05393027,-0.056509733,"('practical', 'impractical')",-0.05393027141690254,-0.05650973320007324,-0.0025794617831707
2,0.051631242,0.033770837,"('intelligent', 'stupid')",0.05163124203681946,0.033770836889743805,-0.017860405147075653
4,-0.032390762,-0.031480595,"('rational', 'irrational')",-0.032390762120485306,-0.03148059546947479,0.0009101666510105133
3,-0.010778142,-0.022297239,"('able', 'unable')",-0.010778142139315605,-0.022297238931059837,-0.011519096791744232
1,-0.008193011,-0.018541,"('intelligent', 'unintelligent')",-0.00819301139563322,-0.01854100078344345,-0.01034798938781023
0,-0.0036902511,0.016353486,"('competent', 'incompetent')",-0.003690251149237156,0.016353486105799675,0.02004373725503683
6,-0.00031798496,0.0067232614,"('capable', 'incapable')",-0.00031798495911061764,0.006723261438310146,0.007041246397420764
