,Broadridge_male,Broadridge_female,tuple,Financial_male,Financial_female,Solutions_male,Solutions_female,average_male,average_female,female-male
5,-0.059862264,-0.05352749,"('creative', 'uncreative')",-0.13608731,-0.1424287,-0.028869094,-0.050181076,-0.07493955890337627,-0.08204575379689534,-0.007106194893519074
4,-0.032733094,-0.019993095,"('rational', 'irrational')",-0.05656872,-0.06376427,-0.027378712,-0.013343779,-0.038893505930900574,-0.03236704816420873,0.006526457766691841
1,0.026249941,0.038104434,"('intelligent', 'unintelligent')",0.0011748647,0.003082894,-0.022458259,-0.018734187,0.0016555159042278926,0.007484380155801773,0.00582886425157388
0,-0.021850407,-0.013378951,"('competent', 'incompetent')",0.007329611,0.01521931,0.0114883175,0.0016007783,-0.0010108261679609616,0.0011470459091166656,0.002157872077077627
3,0.0202096,0.056271754,"('able', 'unable')",0.05265288,0.06768411,0.048290752,0.06118524,0.04038440932830175,0.06171370049317678,0.02132929116487503
2,0.015148907,0.0004897203,"('intelligent', 'stupid')",0.054200027,0.05260942,-0.0131425625,-0.007964484,0.018735455969969433,0.015044885377089182,-0.0036905705928802508
7,-0.014785769,-0.0127013,"('practical', 'impractical')",-0.012875622,-0.009891839,-0.024650255,-0.028223125,-0.017437214652697246,-0.016938754667838413,0.0004984599848588331
6,0.0058545,-0.014249439,"('capable', 'incapable')",-0.054879494,-0.05356338,-0.045517605,-0.045648374,-0.03151420007149378,-0.03782039632399877,-0.006306196252504989
