,Brown–Forman_male,Brown–Forman_female,tuple,average_male,average_female,female-male
7,-0.06260614,-0.06441499,"('practical', 'impractical')",-0.06260614097118378,-0.06441499292850494,-0.001808851957321167
5,0.059666485,0.03795132,"('creative', 'uncreative')",0.05966648459434509,0.03795132040977478,-0.021715164184570312
4,-0.048964474,-0.06170175,"('rational', 'irrational')",-0.048964474350214005,-0.06170174852013588,-0.012737274169921875
0,0.03288455,0.052408334,"('competent', 'incompetent')",0.03288454934954643,0.052408333867788315,0.019523784518241882
2,0.029089257,0.03208819,"('intelligent', 'stupid')",0.02908925712108612,0.03208819031715393,0.00299893319606781
1,-0.027377943,-0.030578041,"('intelligent', 'unintelligent')",-0.027377942577004433,-0.030578041449189186,-0.0032000988721847534
3,-0.022083728,-0.036112193,"('able', 'unable')",-0.02208372764289379,-0.03611219301819801,-0.014028465375304222
6,-0.0090223495,-0.002030205,"('capable', 'incapable')",-0.009022349491715431,-0.0020302049815654755,0.006992144510149956
