,Brown_male,Brown_female,tuple,&_male,&_female,average_male,average_female,female-male
3,0.07208955,0.07595284,"('able', 'unable')",0.04109473,0.042220853,0.05659214407205582,0.05908684805035591,0.0024947039783000946
5,-0.06341621,-0.08661629,"('creative', 'uncreative')",-0.043580506,-0.054771464,-0.05349835753440857,-0.07069388031959534,-0.017195522785186768
2,0.052875523,0.025156394,"('intelligent', 'stupid')",0.051717956,0.04445349,0.05229673907160759,0.03480494022369385,-0.017491798847913742
6,-0.04115686,-0.041774586,"('capable', 'incapable')",-0.01493015,-0.0071977274,-0.028043504804372787,-0.024486156180500984,0.0035573486238718033
0,-0.0378376,-0.014068999,"('competent', 'incompetent')",-0.009155776,0.0012747109,-0.023496687412261963,-0.00639714440330863,0.017099543008953333
4,-0.036908764,-0.031245032,"('rational', 'irrational')",-0.13764003,-0.14945811,-0.08727439492940903,-0.09035157412290573,-0.003077179193496704
1,0.00977346,0.011756592,"('intelligent', 'unintelligent')",0.045052934,0.049999837,0.027413196861743927,0.030878214165568352,0.0034650173038244247
7,-0.001771625,0.0033547506,"('practical', 'impractical')",-0.048612878,-0.06842974,-0.025192251428961754,-0.032537493854761124,-0.00734524242579937
