,C._male,C._female,tuple,H._male,H._female,Robinson_male,Robinson_female,average_male,average_female,female-male
4,-0.09368955,-0.05173457,"('rational', 'irrational')",-0.0038007551,-0.012896365,-0.020145252,-0.012776091,-0.039211854338645935,-0.025802341600259144,0.013409512738386791
0,-0.093161754,-0.108527824,"('competent', 'incompetent')",-0.089407735,-0.08961879,0.017945353,0.024497956,-0.05487471322218577,-0.057882885138193764,-0.0030081719160079956
7,0.058723286,0.07709753,"('practical', 'impractical')",0.044715118,0.040559806,-0.02329992,-0.016530408,0.02671282986799876,0.033708974719047546,0.006996144851048786
1,0.050053924,0.06309596,"('intelligent', 'unintelligent')",0.07047815,0.061253276,0.035079453,0.04104365,0.05187050998210907,0.05513096352418264,0.00326045354207357
6,0.027547974,0.005529192,"('capable', 'incapable')",-0.02057397,-0.008487226,-0.063582964,-0.061389368,-0.018869653344154358,-0.02144913375377655,-0.0025794804096221924
5,-0.025890712,-0.006062567,"('creative', 'uncreative')",-0.007747655,0.0063496907,-0.057797607,-0.08880412,-0.03047865629196167,-0.029505665103594463,0.0009729911883672067
2,-0.007598585,-0.01577756,"('intelligent', 'stupid')",-0.053933736,-0.06267449,0.06035658,0.047290806,-0.0003919141987959544,-0.010387081652879715,-0.009995167454083761
3,-0.0058751865,0.017043859,"('able', 'unable')",0.09064138,0.08517841,0.05311924,0.06347891,0.045961812138557434,0.05523372689882914,0.009271914760271706
