,Cadence_male,Cadence_female,tuple,Design_male,Design_female,Systems_male,Systems_female,average_male,average_female,female-male
5,-0.13911587,-0.15466788,"('creative', 'uncreative')",-0.059471685,-0.059299987,-0.016990561,-0.0038701189,-0.0718593696753184,-0.07261266311009724,-0.00075329343477884
4,-0.096047565,-0.13736658,"('rational', 'irrational')",-0.12696448,-0.14873698,-0.07158169,-0.07769497,-0.09819791714350383,-0.12126616636912028,-0.023068249225616455
0,0.07083843,0.07747621,"('competent', 'incompetent')",0.03461805,0.05517975,0.034475036,0.04537493,0.04664383828639984,0.059343631068865456,0.012699792782465615
1,0.041954663,0.03897888,"('intelligent', 'unintelligent')",0.036461633,0.043295946,-0.026023638,-0.027291045,0.017464219282070797,0.018327926596005756,0.0008637073139349596
6,-0.03585209,0.01112832,"('capable', 'incapable')",-0.09691697,-0.10137844,-0.060783036,-0.05304884,-0.0645173688729604,-0.04776631792386373,0.016751050949096673
3,0.02920645,0.008911635,"('able', 'unable')",-0.01212778,0.0052701556,-0.058603786,-0.04050901,-0.013841706017653147,-0.008775740241010984,0.0050659657766421624
2,0.027679829,0.040626798,"('intelligent', 'stupid')",0.011004818,0.0062216413,-0.007825484,-0.016360257,0.010286388297875723,0.01016272728641828,-0.00012366101145744324
7,-0.027530767,-0.053218275,"('practical', 'impractical')",0.041407205,0.04406962,0.008896482,-0.004632152,0.007590973128875096,-0.004593602071205775,-0.012184575200080872
