,Caesars_male,Caesars_female,tuple,Entertainment_male,Entertainment_female,average_male,average_female,female-male
3,0.14892922,0.13689733,"('able', 'unable')",0.02906054,0.033371124,0.08899488300085068,0.08513422310352325,-0.003860659897327423
6,-0.075742625,-0.06765717,"('capable', 'incapable')",-0.064910546,-0.065690786,-0.07032658159732819,-0.06667397916316986,0.003652602434158325
5,-0.04264988,-0.041016474,"('creative', 'uncreative')",-0.05420723,-0.035759043,-0.04842855781316757,-0.038387760519981384,0.010040797293186188
2,0.036563005,0.024587855,"('intelligent', 'stupid')",-0.04018321,-0.057792265,-0.001810101792216301,-0.016602205112576485,-0.014792103320360184
0,-0.029844727,-0.011925822,"('competent', 'incompetent')",0.025580378,0.03433271,-0.0021321745589375496,0.011203444562852383,0.013335619121789932
1,0.016820356,0.02062033,"('intelligent', 'unintelligent')",0.020775173,0.0283076,0.01879776455461979,0.024463964626193047,0.0056662000715732574
4,0.016385652,0.008173317,"('rational', 'irrational')",-0.077505715,-0.08537483,-0.030560031533241272,-0.03860075771808624,-0.00804072618484497
7,0.014325456,0.022477895,"('practical', 'impractical')",-0.0042546475,-0.018149966,0.0050354041159152985,0.0021639643236994743,-0.002871439792215824
