,Campbell_male,Campbell_female,tuple,Soup_male,Soup_female,average_male,average_female,female-male
3,0.12589554,0.13014598,"('able', 'unable')",0.10168453,0.11574188,0.11379003524780273,0.1229439303278923,0.009153895080089569
5,-0.10971487,-0.12343613,"('creative', 'uncreative')",-0.11774802,-0.11013421,-0.11373144388198853,-0.11678516864776611,-0.003053724765777588
2,0.08053197,0.059908416,"('intelligent', 'stupid')",-0.015865155,-0.01883047,0.032333407551050186,0.020538972690701485,-0.011794434860348701
0,-0.04619239,-0.023942852,"('competent', 'incompetent')",-0.052616842,-0.05314639,-0.04940461367368698,-0.03854462131857872,0.010859992355108261
4,-0.033197064,-0.030918594,"('rational', 'irrational')",0.04818186,0.033154726,0.007492398843169212,0.0011180657893419266,-0.006374333053827286
7,-0.021419145,-0.013954868,"('practical', 'impractical')",0.061075542,0.056969106,0.019828198477625847,0.02150711975991726,0.0016789212822914124
1,0.02009636,0.026621247,"('intelligent', 'unintelligent')",0.06659309,0.062054668,0.04334472492337227,0.044337958097457886,0.000993233174085617
6,-0.004049677,-0.013069431,"('capable', 'incapable')",-0.0862002,-0.07789207,-0.04512493684887886,-0.04548075050115585,-0.0003558136522769928
