,Capital_male,Capital_female,tuple,One_male,One_female,Financial_male,Financial_female,average_male,average_female,female-male
5,-0.12589848,-0.13069429,"('creative', 'uncreative')",-0.021256573,-0.028878776,-0.13608731,-0.1424287,-0.0944141149520874,-0.10066725810368855,-0.006253143151601151
3,0.09792382,0.11315139,"('able', 'unable')",0.055696074,0.084025,0.05265288,0.06768411,0.06875759363174438,0.08828683694203694,0.019529243310292557
6,-0.059175584,-0.07586968,"('capable', 'incapable')",-0.049452905,-0.052096765,-0.054879494,-0.05356338,-0.05450266102949778,-0.060509939988454185,-0.006007278958956405
0,-0.03581838,0.0046236236,"('competent', 'incompetent')",-0.064413026,-0.06150542,0.007329611,0.01521931,-0.030967265367507935,-0.013887494802474976,0.01707977056503296
1,0.027347298,0.037982892,"('intelligent', 'unintelligent')",0.08584071,0.08574911,0.0011748647,0.003082894,0.038120957712332405,0.04227163394292196,0.004150676230589553
7,0.02638074,0.014700934,"('practical', 'impractical')",0.036796324,0.0395017,-0.012875622,-0.009891839,0.016767146686712902,0.0147702656686306,-0.001996881018082302
2,0.02387753,-0.0041883467,"('intelligent', 'stupid')",0.01635605,-0.013334566,0.054200027,0.05260942,0.03147786855697632,0.011695502946774164,-0.019782365610202156
4,-0.013694033,-0.030882014,"('rational', 'irrational')",-0.036163937,-0.029379318,-0.05656872,-0.06376427,-0.03547556201616923,-0.04134186605612437,-0.005866304039955139
