,Cardinal_male,Cardinal_female,tuple,Health_male,Health_female,average_male,average_female,female-male
3,0.12453933,0.15149088,"('able', 'unable')",0.06018505,0.07193597,0.0923621878027916,0.11171342432498932,0.019351236522197723
6,-0.083455764,-0.087339535,"('capable', 'incapable')",-0.07099335,-0.07140867,-0.07722455263137817,-0.07937410473823547,-0.0021495521068573
5,-0.07232027,-0.0767464,"('creative', 'uncreative')",0.015489037,0.012640493,-0.028415614739060402,-0.03205295279622078,-0.0036373380571603775
4,0.057230778,0.056050435,"('rational', 'irrational')",-0.014249657,0.0037049723,0.021490560844540596,0.02987770363688469,0.008387142792344093
7,-0.054488797,-0.07545995,"('practical', 'impractical')",-0.12880506,-0.120200574,-0.09164692461490631,-0.09783026576042175,-0.006183341145515442
0,-0.024951318,-0.0012264184,"('competent', 'incompetent')",0.0042324564,-0.0005051364,-0.010359430685639381,-0.0008657773723825812,0.0094936533132568
1,-0.01378427,-0.014286595,"('intelligent', 'unintelligent')",0.017156268,0.0145699885,0.0016859988681972027,0.0001416965387761593,-0.0015443023294210434
2,-0.0032851815,-0.0069782417,"('intelligent', 'stupid')",-0.044926696,-0.063964,-0.024105938151478767,-0.035471122711896896,-0.011365184560418129
