,CarMax_male,CarMax_female,tuple,average_male,average_female,female-male
5,-0.0790127,-0.07048831,"('creative', 'uncreative')",-0.07901269942522049,-0.07048831135034561,0.008524388074874878
4,0.0695091,0.06396455,"('rational', 'irrational')",0.0695090964436531,0.06396455317735672,-0.005544543266296387
2,0.05944446,0.041974522,"('intelligent', 'stupid')",0.05944446101784706,0.041974522173404694,-0.017469938844442368
6,-0.04701885,-0.052383937,"('capable', 'incapable')",-0.04701884835958481,-0.05238393694162369,-0.005365088582038879
1,-0.026572289,-0.021459302,"('intelligent', 'unintelligent')",-0.02657228894531727,-0.021459301933646202,0.005112987011671066
0,-0.021244379,-0.016786886,"('competent', 'incompetent')",-0.02124437876045704,-0.016786886379122734,0.004457492381334305
7,-0.017856037,-0.024117744,"('practical', 'impractical')",-0.017856037244200706,-0.024117743596434593,-0.006261706352233887
3,-0.0095046405,0.010044161,"('able', 'unable')",-0.009504640474915504,0.010044161230325699,0.019548801705241203
