,Carnival_male,Carnival_female,tuple,Corporation_male,Corporation_female,average_male,average_female,female-male
3,0.1184925,0.115295224,"('able', 'unable')",0.02245296,0.04172615,0.07047273218631744,0.07851068675518036,0.008037954568862915
6,-0.10787296,-0.11113546,"('capable', 'incapable')",-0.08914686,-0.09466634,-0.09850990772247314,-0.1029008999466896,-0.004390992224216461
5,-0.09625486,-0.09354278,"('creative', 'uncreative')",-0.08197817,-0.07486644,-0.08911651372909546,-0.08420460671186447,0.0049119070172309875
7,0.08254635,0.08757594,"('practical', 'impractical')",0.058297187,0.0635866,0.07042177021503448,0.07558126747608185,0.005159497261047363
2,0.026395664,0.007828071,"('intelligent', 'stupid')",0.013934675,-0.0056333407,0.02016516961157322,0.0010973650496453047,-0.019067804561927915
0,-0.012350267,-0.005880879,"('competent', 'incompetent')",-0.0069387513,0.00029346623,-0.00964450929313898,-0.0027937062550336123,0.006850803038105369
1,0.007786683,0.016453717,"('intelligent', 'unintelligent')",0.025585327,0.033832077,0.016686005517840385,0.02514289692044258,0.008456891402602196
4,-0.0026257222,-0.0043551414,"('rational', 'irrational')",-0.006659922,-0.005100324,-0.004642822314053774,-0.004727732390165329,-8.49100761115551e-05
