,Carrier_male,Carrier_female,tuple,Global_male,Global_female,average_male,average_female,female-male
5,-0.14962393,-0.13427156,"('creative', 'uncreative')",-0.13439752,-0.13202697,-0.14201071858406067,-0.13314926624298096,0.008861452341079712
3,0.06568601,0.11732031,"('able', 'unable')",0.103773154,0.11080089,0.08472958207130432,0.11406059563159943,0.029331013560295105
6,-0.055140775,-0.06422684,"('capable', 'incapable')",-0.046946343,-0.049816553,-0.0510435588657856,-0.05702169984579086,-0.005978140980005264
4,0.050476994,0.038645387,"('rational', 'irrational')",-0.040227752,-0.03735723,0.005124621093273163,0.0006440784782171249,-0.004480542615056038
2,0.0214562,0.0073601613,"('intelligent', 'stupid')",-0.013821629,-0.017263591,0.0038172858767211437,-0.004951715003699064,-0.008769000880420208
1,0.02036556,0.030639952,"('intelligent', 'unintelligent')",-0.02057079,-0.014388364,-0.00010261498391628265,0.008125794120132923,0.008228409104049206
0,-0.0195397,-0.041242402,"('competent', 'incompetent')",0.03490924,0.027748661,0.007684770040214062,-0.006746870465576649,-0.01443164050579071
7,0.004231,0.025064033,"('practical', 'impractical')",-0.062225457,-0.058715396,-0.028997229412198067,-0.016825681552290916,0.01217154785990715
