,Catalent_male,Catalent_female,tuple,average_male,average_female,female-male
6,-0.0647795,-0.07211323,"('capable', 'incapable')",-0.06477949768304825,-0.07211323082447052,-0.007333733141422272
5,-0.05274561,-0.017708043,"('creative', 'uncreative')",-0.05274561047554016,-0.01770804263651371,0.03503756783902645
4,0.04955838,0.0652787,"('rational', 'irrational')",0.049558378756046295,0.06527870148420334,0.015720322728157043
7,-0.043179445,-0.030887324,"('practical', 'impractical')",-0.04317944496870041,-0.03088732436299324,0.012292120605707169
0,0.038675506,0.031981874,"('competent', 'incompetent')",0.03867550566792488,0.031981874257326126,-0.006693631410598755
2,0.024343288,-0.015527884,"('intelligent', 'stupid')",0.02434328757226467,-0.015527883544564247,-0.03987117111682892
1,0.024270367,0.009638217,"('intelligent', 'unintelligent')",0.02427036687731743,0.009638217277824879,-0.01463214959949255
3,0.0239807,0.06442173,"('able', 'unable')",0.023980699479579926,0.06442172825336456,0.04044102877378464
