,Caterpillar_male,Caterpillar_female,tuple,average_male,average_female,female-male
0,0.06530522,0.072452374,"('competent', 'incompetent')",0.06530521810054779,0.0724523738026619,0.007147155702114105
3,-0.06514583,-0.050637234,"('able', 'unable')",-0.0651458278298378,-0.05063723400235176,0.014508593827486038
7,-0.061072666,-0.05312134,"('practical', 'impractical')",-0.06107266619801521,-0.05312133952975273,0.007951326668262482
5,-0.059759498,-0.031845283,"('creative', 'uncreative')",-0.05975949764251709,-0.03184528276324272,0.02791421487927437
2,0.051079214,0.016525177,"('intelligent', 'stupid')",0.05107921361923218,0.016525177285075188,-0.03455403633415699
4,0.041206874,0.058600236,"('rational', 'irrational')",0.04120687395334244,0.05860023573040962,0.017393361777067184
6,0.010707711,0.0072698467,"('capable', 'incapable')",0.01070771086961031,0.0072698467411100864,-0.003437864128500223
1,0.0043506525,-0.00090049097,"('intelligent', 'unintelligent')",0.004350652452558279,-0.0009004909661598504,-0.005251143418718129
