,CBRE_male,CBRE_female,tuple,average_male,average_female,female-male
5,-0.0901467,-0.0840134,"('creative', 'uncreative')",-0.09014669805765152,-0.08401340246200562,0.0061332955956459045
3,-0.07604989,-0.06740218,"('able', 'unable')",-0.07604988664388657,-0.0674021765589714,0.008647710084915161
2,0.067627534,0.052864343,"('intelligent', 'stupid')",0.06762753427028656,0.05286434292793274,-0.01476319134235382
6,-0.054045785,-0.052272648,"('capable', 'incapable')",-0.05404578521847725,-0.052272647619247437,0.0017731375992298126
0,0.04952697,0.048977762,"('competent', 'incompetent')",0.04952697083353996,0.04897776246070862,-0.0005492083728313446
7,-0.047123138,-0.05841717,"('practical', 'impractical')",-0.04712313786149025,-0.058417171239852905,-0.011294033378362656
4,-0.03062676,-0.029507777,"('rational', 'irrational')",-0.03062676079571247,-0.029507776722311974,0.0011189840734004974
1,0.019419381,0.018181873,"('intelligent', 'unintelligent')",0.019419381394982338,0.018181873485445976,-0.0012375079095363617
