,CDW_male,CDW_female,tuple,average_male,average_female,female-male
6,-0.08462469,-0.07559695,"('capable', 'incapable')",-0.08462469279766083,-0.07559695094823837,0.009027741849422455
4,-0.048225276,-0.04144568,"('rational', 'irrational')",-0.0482252761721611,-0.04144567996263504,0.006779596209526062
2,0.039914966,0.027337113,"('intelligent', 'stupid')",0.03991496562957764,0.02733711339533329,-0.012577852234244347
1,0.0394012,0.044444982,"('intelligent', 'unintelligent')",0.03940119966864586,0.0444449819624424,0.005043782293796539
7,-0.035133116,-0.033000123,"('practical', 'impractical')",-0.03513311594724655,-0.033000122755765915,0.0021329931914806366
0,0.026925199,0.025046056,"('competent', 'incompetent')",0.02692519873380661,0.025046056136488914,-0.0018791425973176956
3,-0.014839162,-0.0045364937,"('able', 'unable')",-0.01483916211873293,-0.004536493681371212,0.010302668437361717
5,-0.010431987,-0.013076985,"('creative', 'uncreative')",-0.01043198723345995,-0.013076985254883766,-0.0026449980214238167
