,Celanese_male,Celanese_female,tuple,average_male,average_female,female-male
5,-0.06594227,-0.04746939,"('creative', 'uncreative')",-0.06594227254390717,-0.04746938869357109,0.018472883850336075
3,-0.0552063,-0.056624908,"('able', 'unable')",-0.055206298828125,-0.05662490800023079,-0.0014186091721057892
0,0.05304628,0.062481623,"('competent', 'incompetent')",0.05304627865552902,0.06248162314295769,0.009435344487428665
7,-0.046087313,-0.04648159,"('practical', 'impractical')",-0.04608731344342232,-0.04648159071803093,-0.00039427727460861206
6,-0.02632524,-0.018741438,"('capable', 'incapable')",-0.02632524073123932,-0.018741438165307045,0.007583802565932274
2,0.023424441,-0.010101764,"('intelligent', 'stupid')",0.023424440994858742,-0.01010176446288824,-0.03352620545774698
4,0.009758308,0.016480189,"('rational', 'irrational')",0.009758307598531246,0.016480188816785812,0.006721881218254566
1,-0.005108383,-0.0037416585,"('intelligent', 'unintelligent')",-0.005108383018523455,-0.0037416585255414248,0.00136672449298203
