,Centene_male,Centene_female,tuple,Corporation_male,Corporation_female,average_male,average_female,female-male
5,-0.08542658,-0.036430262,"('creative', 'uncreative')",-0.08197817,-0.07486644,-0.08370237052440643,-0.05564834922552109,0.028054021298885345
6,-0.04693584,-0.03876115,"('capable', 'incapable')",-0.08914686,-0.09466634,-0.0680413544178009,-0.06671374291181564,0.00132761150598526
0,0.04349276,0.045231145,"('competent', 'incompetent')",-0.0069387513,0.00029346623,0.01827700436115265,0.022762306034564972,0.004485301673412323
2,0.034418188,-0.0025724084,"('intelligent', 'stupid')",0.013934675,-0.0056333407,0.024176431819796562,-0.004102874547243118,-0.02827930636703968
4,0.032427825,0.031467453,"('rational', 'irrational')",-0.006659922,-0.005100324,0.012883951887488365,0.013183563947677612,0.00029961206018924713
3,0.019523459,0.025020542,"('able', 'unable')",0.02245296,0.04172615,0.020988209173083305,0.03337334468960762,0.012385135516524315
7,0.005120008,0.0145820975,"('practical', 'impractical')",0.058297187,0.0635866,0.031708598136901855,0.03908434882760048,0.007375750690698624
1,0.004761957,-0.015203509,"('intelligent', 'unintelligent')",0.025585327,0.033832077,0.015173641964793205,0.009314283728599548,-0.005859358236193657
