,CenterPoint_male,CenterPoint_female,tuple,Energy_male,Energy_female,average_male,average_female,female-male
0,0.062037133,0.060618833,"('competent', 'incompetent')",0.039062213,0.042480562,0.050549671053886414,0.05154969543218613,0.0010000243782997131
2,0.060336266,0.048534606,"('intelligent', 'stupid')",-0.065077595,-0.07664522,-0.0023706648498773575,-0.01405530609190464,-0.011684641242027283
4,-0.055841427,-0.058737393,"('rational', 'irrational')",-0.05856218,-0.055049308,-0.0572018027305603,-0.056893348693847656,0.0003084540367126465
6,-0.053736992,-0.046218526,"('capable', 'incapable')",-0.06564437,-0.06611495,-0.0596906803548336,-0.05616673827171326,0.003523942083120346
7,-0.050949126,-0.059092205,"('practical', 'impractical')",-0.03488957,-0.029364854,-0.0429193489253521,-0.044228531420230865,-0.001309182494878769
5,-0.05058722,-0.04915681,"('creative', 'uncreative')",-0.005074311,-0.02356725,-0.027830764651298523,-0.03636202961206436,-0.008531264960765839
1,0.02097264,0.017059302,"('intelligent', 'unintelligent')",0.0046072626,0.010602739,0.012789950706064701,0.013831020332872868,0.0010410696268081665
3,-0.020571422,-0.014357682,"('able', 'unable')",0.03048999,0.053108077,0.0049592843279242516,0.01937519758939743,0.014415913261473179
