,Ceridian_male,Ceridian_female,tuple,average_male,average_female,female-male
5,-0.10535636,-0.057087984,"('creative', 'uncreative')",-0.1053563579916954,-0.057087983936071396,0.04826837405562401
7,-0.07608076,-0.07142571,"('practical', 'impractical')",-0.07608076184988022,-0.07142571359872818,0.004655048251152039
0,0.039360683,0.029366365,"('competent', 'incompetent')",0.03936068341135979,0.02936636470258236,-0.009994318708777428
3,-0.037144106,0.007172877,"('able', 'unable')",-0.03714410588145256,0.0071728769689798355,0.044316982850432396
2,0.030755624,0.020461978,"('intelligent', 'stupid')",0.030755624175071716,0.020461978390812874,-0.010293645784258842
1,0.018708944,0.016236871,"('intelligent', 'unintelligent')",0.01870894432067871,0.016236871480941772,-0.0024720728397369385
4,0.011700063,0.032386106,"('rational', 'irrational')",0.01170006301254034,0.03238610550761223,0.020686042495071888
6,0.0047858874,-0.009742639,"('capable', 'incapable')",0.004785887431353331,-0.009742639027535915,-0.014528526458889246
