,Cerner_male,Cerner_female,tuple,average_male,average_female,female-male
7,-0.039714053,-0.046986006,"('practical', 'impractical')",-0.03971405327320099,-0.04698600620031357,-0.007271952927112579
4,0.038563292,0.033033792,"('rational', 'irrational')",0.03856329247355461,0.033033791929483414,-0.0055295005440711975
6,-0.028880225,-0.010302575,"('capable', 'incapable')",-0.028880225494503975,-0.010302575305104256,0.01857765018939972
0,0.024459127,0.017416324,"('competent', 'incompetent')",0.024459127336740494,0.017416324466466904,-0.00704280287027359
5,-0.022512482,-0.03535757,"('creative', 'uncreative')",-0.02251248247921467,-0.03535756841301918,-0.012845085933804512
3,-0.014239105,0.0058931625,"('able', 'unable')",-0.014239105395972729,0.005893162451684475,0.020132267847657204
2,-0.013654259,-0.013159998,"('intelligent', 'stupid')",-0.013654259033501148,-0.013159997761249542,0.000494261272251606
1,-0.009099489,-0.012212936,"('intelligent', 'unintelligent')",-0.009099489077925682,-0.012212935835123062,-0.00311344675719738
