,CF_male,CF_female,tuple,Industries_male,Industries_female,average_male,average_female,female-male
5,-0.19166502,-0.16904138,"('creative', 'uncreative')",-0.047391195,-0.045714617,-0.11952810734510422,-0.10737799853086472,0.012150108814239502
1,0.05805423,0.060560986,"('intelligent', 'unintelligent')",0.051828433,0.053294472,0.0549413338303566,0.05692772939801216,0.0019863955676555634
4,-0.057717238,-0.03947534,"('rational', 'irrational')",-0.026191428,-0.028445857,-0.04195433109998703,-0.033960599452257156,0.007993731647729874
0,0.027770342,0.017810557,"('competent', 'incompetent')",-0.024362678,-0.012162433,0.0017038322985172272,0.002824062015861273,0.0011202297173440456
3,0.026565542,0.06707259,"('able', 'unable')",0.05982482,0.090144716,0.04319518059492111,0.07860865443944931,0.0354134738445282
7,-0.021490315,-0.047587115,"('practical', 'impractical')",6.20572e-05,0.010314035,-0.010714128613471985,-0.018636539578437805,-0.00792241096496582
6,-0.013968824,-0.0096253455,"('capable', 'incapable')",-0.11859329,-0.12680347,-0.06628105789422989,-0.06821440905332565,-0.0019333511590957642
2,0.011509685,0.0029964352,"('intelligent', 'stupid')",0.03468897,-0.002848296,0.023099325597286224,7.406959775835276e-05,-0.02302525599952787
