,Charles_male,Charles_female,tuple,Schwab_male,Schwab_female,Corporation_male,Corporation_female,average_male,average_female,female-male
5,-0.15131758,-0.15434787,"('creative', 'uncreative')",-0.08220832,-0.078354254,-0.08197817,-0.07486644,-0.10516802469889323,-0.1025228500366211,0.00264517466227214
3,0.042534824,0.04837278,"('able', 'unable')",-0.037336282,-0.04056525,0.02245296,0.04172615,0.009217167273163795,0.016511226693789165,0.00729405942062537
2,0.041082677,0.043607723,"('intelligent', 'stupid')",0.09715399,0.07567597,0.013934675,-0.0056333407,0.05072378118832906,0.03788345058759054,-0.012840330600738525
1,0.035439312,0.025949381,"('intelligent', 'unintelligent')",-0.0018953552,-0.004734715,0.025585327,0.033832077,0.019709760944048565,0.01834891488154729,-0.0013608460625012739
7,-0.03298096,-0.04074708,"('practical', 'impractical')",-0.103589356,-0.09627402,0.058297187,0.0635866,-0.026091044147809345,-0.024478164811929066,0.0016128793358802795
6,-0.031205727,-0.016570117,"('capable', 'incapable')",-0.0025174292,-0.00028973608,-0.08914686,-0.09466634,-0.040956671039263405,-0.037175397078196205,0.0037812739610671997
0,0.01972294,0.018967941,"('competent', 'incompetent')",0.051196504,0.0561507,-0.0069387513,0.00029346623,0.021326899528503418,0.025137369831403095,0.0038104703028996774
4,0.0022841273,-0.005514153,"('rational', 'irrational')",0.023632318,0.028266907,-0.006659922,-0.005100324,0.006418841580549876,0.005884143213431041,-0.0005346983671188354
