,Charles_male,Charles_female,tuple,River_male,River_female,Laboratories_male,Laboratories_female,average_male,average_female,female-male
5,-0.15131758,-0.15434787,"('creative', 'uncreative')",-0.10617852,-0.06797592,-0.0522719,-0.056521058,-0.10325600703557332,-0.09294827779134114,0.010307729244232178
3,0.042534824,0.04837278,"('able', 'unable')",0.12004019,0.1215547,0.021700453,0.031082122,0.06142515937487284,0.067003200451533,0.005578041076660163
2,0.041082677,0.043607723,"('intelligent', 'stupid')",0.09278584,0.055334028,0.021342963,0.0020882138,0.05173715949058533,0.03367665410041809,-0.018060505390167236
1,0.035439312,0.025949381,"('intelligent', 'unintelligent')",-0.004042951,0.012659713,0.00010405967,0.007488636,0.010500140488147736,0.015365909785032272,0.004865769296884537
7,-0.03298096,-0.04074708,"('practical', 'impractical')",-0.012421541,-0.012495813,0.051066566,0.051786713,0.0018880218267440796,-0.0004853929082552592,-0.0023734147349993386
6,-0.031205727,-0.016570117,"('capable', 'incapable')",-0.10405934,-0.10631463,-0.1107992,-0.11355385,-0.08202142516771953,-0.0788128674030304,0.0032085577646891322
0,0.01972294,0.018967941,"('competent', 'incompetent')",-0.026638335,-0.02440762,-0.031180209,-0.022869192,-0.012698533634344736,-0.009436290090282759,0.0032622435440619775
4,0.0022841273,-0.005514153,"('rational', 'irrational')",-0.010300554,-0.027348896,0.015613036,0.021586183,0.0025322030608852706,-0.0037589557468891144,-0.006291158807774385
