,Charter_male,Charter_female,tuple,Communications_male,Communications_female,average_male,average_female,female-male
5,-0.1669251,-0.17128998,"('creative', 'uncreative')",-0.016136155,0.002500625,-0.09153062850236893,-0.0843946784734726,0.007135950028896332
1,0.033270452,0.02800598,"('intelligent', 'unintelligent')",0.02819516,0.047293775,0.030732806771993637,0.03764987736940384,0.006917070597410202
3,0.03060095,0.065079354,"('able', 'unable')",-0.016777921,-0.018790819,0.006911514326930046,0.02314426749944687,0.016232753172516823
2,0.026220605,0.01008142,"('intelligent', 'stupid')",0.006485463,-0.006142031,0.016353033483028412,0.0019696943927556276,-0.014383339090272784
0,-0.017766027,-0.011343442,"('competent', 'incompetent')",0.028339325,0.041229077,0.005286648869514465,0.014942817389965057,0.009656168520450592
4,0.008080381,0.0077524623,"('rational', 'irrational')",-0.100206435,-0.119269975,-0.046063028275966644,-0.0557587556540966,-0.009695727378129959
7,0.00414206,-0.0011432056,"('practical', 'impractical')",-0.025714993,-0.024181763,-0.010786466300487518,-0.012662484310567379,-0.0018760180100798607
6,-0.0027756477,-0.019889623,"('capable', 'incapable')",-0.07555654,-0.08008461,-0.03916609287261963,-0.04998711496591568,-0.010821022093296051
