,Chevron_male,Chevron_female,tuple,Corporation_male,Corporation_female,average_male,average_female,female-male
3,-0.06816331,-0.041822877,"('able', 'unable')",0.02245296,0.04172615,-0.022855177521705627,-4.83635812997818e-05,0.022806813940405846
6,0.043398473,0.03428506,"('capable', 'incapable')",-0.08914686,-0.09466634,-0.022874193266034126,-0.030190639197826385,-0.007316445931792259
4,-0.037853938,-0.014372782,"('rational', 'irrational')",-0.006659922,-0.005100324,-0.02225692942738533,-0.009736552834510803,0.012520376592874527
5,-0.034734055,-0.02209987,"('creative', 'uncreative')",-0.08197817,-0.07486644,-0.058356113731861115,-0.04848315194249153,0.009872961789369583
1,0.02710369,0.018270576,"('intelligent', 'unintelligent')",0.025585327,0.033832077,0.026344507932662964,0.02605132758617401,-0.00029318034648895264
0,-0.020995915,-0.009556435,"('competent', 'incompetent')",-0.0069387513,0.00029346623,-0.013967333361506462,-0.004631484393030405,0.009335848968476057
7,-0.010341052,-0.0020989273,"('practical', 'impractical')",0.058297187,0.0635866,0.023978067561984062,0.030743837356567383,0.006765769794583321
2,0.009121315,-0.0031178233,"('intelligent', 'stupid')",0.013934675,-0.0056333407,0.011527994647622108,-0.004375582095235586,-0.015903576742857695
