,Chipotle_male,Chipotle_female,tuple,Mexican_male,Mexican_female,Grill_male,Grill_female,average_male,average_female,female-male
5,-0.093167335,-0.085746884,"('creative', 'uncreative')",-0.13788731,-0.1273208,-0.15644586,-0.14864577,-0.129166841506958,-0.1205711563428243,0.008595685164133712
0,0.09096789,0.100709416,"('competent', 'incompetent')",0.015331493,0.003116054,-0.003953699,-0.01478768,0.03411523004372915,0.02967926363150279,-0.00443596641222636
3,-0.053108603,-0.05788852,"('able', 'unable')",0.06280488,0.08252206,0.057757486,0.09229009,0.022484585642814636,0.03897454341252645,0.016489957769711815
2,0.039753728,0.03388004,"('intelligent', 'stupid')",0.012532467,0.000958064,-0.017493807,-0.035076965,0.011597461998462677,-7.962062954902649e-05,-0.011677082628011703
7,-0.032146335,-0.03825356,"('practical', 'impractical')",0.048876192,0.045803457,0.05590367,0.069389984,0.024211175739765167,0.025646626949310303,0.0014354512095451355
6,-0.024452481,-0.019744676,"('capable', 'incapable')",-0.09593554,-0.10380119,-0.11014165,-0.118655235,-0.07684322198232015,-0.08073370158672333,-0.0038904796044031825
1,0.018438892,0.022139676,"('intelligent', 'unintelligent')",0.0038129725,0.004332406,0.03600729,0.044751074,0.019419717291990917,0.02374105155467987,0.0043213342626889535
4,-0.001639129,-0.010632264,"('rational', 'irrational')",0.014938535,0.017513745,0.015361558,0.007095461,0.009553654740254084,0.004658980295062065,-0.004894674445192019
