,Chubb_male,Chubb_female,tuple,average_male,average_female,female-male
7,-0.06874815,-0.0764756,"('practical', 'impractical')",-0.06874814629554749,-0.0764755979180336,-0.0077274516224861145
3,0.045237593,0.04819562,"('able', 'unable')",0.04523759335279465,0.04819561913609505,0.0029580257833003998
2,0.03247114,0.01749428,"('intelligent', 'stupid')",0.03247113898396492,0.017494279891252518,-0.014976859092712402
0,-0.008689565,0.001741646,"('competent', 'incompetent')",-0.008689564652740955,0.0017416459741070867,0.010431210626848042
5,-0.0067857914,-0.018529458,"('creative', 'uncreative')",-0.006785791367292404,-0.018529457971453667,-0.011743666604161263
1,-0.0049615805,-0.0043629357,"('intelligent', 'unintelligent')",-0.004961580503731966,-0.004362935665994883,0.0005986448377370834
6,0.0019966199,0.008837926,"('capable', 'incapable')",0.0019966198597103357,0.00883792620152235,0.006841306341812015
4,0.0016787404,0.0088284025,"('rational', 'irrational')",0.0016787403728812933,0.008828402496874332,0.007149662123993039
