,Church_male,Church_female,tuple,&_male,&_female,Dwight_male,Dwight_female,average_male,average_female,female-male
3,0.1096658,0.11747494,"('able', 'unable')",0.04109473,0.042220853,-0.032537777,-0.03320939,0.03940758605798086,0.042162140210469566,0.0027545541524887085
6,-0.098575965,-0.11731593,"('capable', 'incapable')",-0.01493015,-0.0071977274,0.0061860606,0.0014121636,-0.03577335178852081,-0.04103383421897888,-0.005260482430458069
5,-0.04573197,-0.043830015,"('creative', 'uncreative')",-0.043580506,-0.054771464,-0.20339674,-0.21933746,-0.09756974379221599,-0.1059796412785848,-0.008409897486368806
2,0.039927553,0.023466086,"('intelligent', 'stupid')",0.051717956,0.04445349,0.043949883,0.031657957,0.04519846538702647,0.03319251040617625,-0.01200595498085022
0,-0.02654927,-0.02605021,"('competent', 'incompetent')",-0.009155776,0.0012747109,0.06725139,0.06827359,0.010515448947747549,0.014499363799889883,0.003983914852142334
1,0.019692883,0.043921284,"('intelligent', 'unintelligent')",0.045052934,0.049999837,0.048203886,0.0458763,0.03764989972114563,0.04659913976987203,0.008949240048726402
7,-0.015940549,-0.016884211,"('practical', 'impractical')",-0.048612878,-0.06842974,-0.019233273,-0.021017728,-0.027928898731867473,-0.035443892081578575,-0.007514993349711101
4,0.004244823,0.0131686805,"('rational', 'irrational')",-0.13764003,-0.14945811,-0.024944589,-0.015566646,-0.052779932816823326,-0.050618693232536316,0.00216123958428701
