,Cigna_male,Cigna_female,tuple,average_male,average_female,female-male
7,-0.07456033,-0.063735,"('practical', 'impractical')",-0.07456032931804657,-0.0637350007891655,0.010825328528881073
5,-0.05818284,-0.011400111,"('creative', 'uncreative')",-0.058182839304208755,-0.011400111019611359,0.0467827282845974
3,-0.053452633,-0.029693296,"('able', 'unable')",-0.05345263332128525,-0.029693296179175377,0.02375933714210987
6,0.03309993,-0.006724633,"('capable', 'incapable')",0.033099930733442307,-0.006724632810801268,-0.039824563544243574
0,0.02596918,0.030491866,"('competent', 'incompetent')",0.02596917934715748,0.030491866171360016,0.0045226868242025375
1,0.014665812,0.01849175,"('intelligent', 'unintelligent')",0.014665812253952026,0.018491750583052635,0.003825938329100609
2,-0.0058992254,-0.012616257,"('intelligent', 'stupid')",-0.005899225361645222,-0.012616257183253765,-0.006717031821608543
4,-0.0050347,0.0046739033,"('rational', 'irrational')",-0.005034700036048889,0.004673903342336416,0.009708603378385305
