,Cincinnati_male,Cincinnati_female,tuple,Financial_male,Financial_female,average_male,average_female,female-male
4,-0.106092274,-0.08571031,"('rational', 'irrational')",-0.05656872,-0.06376427,-0.08133049309253693,-0.07473728805780411,0.006593205034732819
2,0.08314845,0.056198757,"('intelligent', 'stupid')",0.054200027,0.05260942,0.068674236536026,0.054404087364673615,-0.014270149171352386
5,-0.0671945,-0.057507105,"('creative', 'uncreative')",-0.13608731,-0.1424287,-0.10164090991020203,-0.09996789693832397,0.0016730129718780518
7,-0.057535082,-0.037065767,"('practical', 'impractical')",-0.012875622,-0.009891839,-0.035205353051424026,-0.023478802293539047,0.01172655075788498
3,0.036089677,0.057696685,"('able', 'unable')",0.05265288,0.06768411,0.04437127709388733,0.06269039213657379,0.018319115042686462
1,0.02528157,0.037826307,"('intelligent', 'unintelligent')",0.0011748647,0.003082894,0.0132282180711627,0.02045460045337677,0.007226382382214069
6,-0.00787086,-0.026661305,"('capable', 'incapable')",-0.054879494,-0.05356338,-0.03137517720460892,-0.040112342685461044,-0.008737165480852127
0,0.0065994537,0.005332575,"('competent', 'incompetent')",0.007329611,0.01521931,0.006964532658457756,0.010275943204760551,0.0033114105463027954
