,Cintas_male,Cintas_female,tuple,Corporation_male,Corporation_female,average_male,average_female,female-male
5,-0.072480045,-0.06550796,"('creative', 'uncreative')",-0.08197817,-0.07486644,-0.07722911238670349,-0.07018719613552094,0.007041916251182556
0,0.041188113,0.032378666,"('competent', 'incompetent')",-0.0069387513,0.00029346623,0.017124680802226067,0.016336066648364067,-0.0007886141538619995
1,0.028246056,0.02840562,"('intelligent', 'unintelligent')",0.025585327,0.033832077,0.026915691792964935,0.03111884742975235,0.0042031556367874146
6,-0.028016362,-0.03382239,"('capable', 'incapable')",-0.08914686,-0.09466634,-0.05858161300420761,-0.06424436718225479,-0.00566275417804718
4,0.027270734,0.031432915,"('rational', 'irrational')",-0.006659922,-0.005100324,0.010305406525731087,0.013166295364499092,0.0028608888387680054
7,0.021498123,0.025211152,"('practical', 'impractical')",0.058297187,0.0635866,0.039897654205560684,0.044398874044418335,0.004501219838857651
2,0.013354483,0.0077780057,"('intelligent', 'stupid')",0.013934675,-0.0056333407,0.013644578866660595,0.0010723324958235025,-0.012572246370837092
3,-0.0020972474,0.012287007,"('able', 'unable')",0.02245296,0.04172615,0.01017785631120205,0.02700657770037651,0.01682872138917446
