,Cisco_male,Cisco_female,tuple,Systems_male,Systems_female,average_male,average_female,female-male
5,-0.13855644,-0.13569576,"('creative', 'uncreative')",-0.016990561,-0.0038701189,-0.07777349650859833,-0.06978293508291245,0.007990561425685883
4,-0.087159045,-0.08007057,"('rational', 'irrational')",-0.07158169,-0.07769497,-0.07937036454677582,-0.07888276875019073,0.000487595796585083
0,0.062562704,0.060001407,"('competent', 'incompetent')",0.034475036,0.04537493,0.048518870025873184,0.05268816649913788,0.004169296473264694
7,-0.054238632,-0.049230125,"('practical', 'impractical')",0.008896482,-0.004632152,-0.02267107553780079,-0.026931138709187508,-0.004260063171386719
3,-0.037666935,-0.045334898,"('able', 'unable')",-0.058603786,-0.04050901,-0.048135362565517426,-0.04292195290327072,0.005213409662246704
6,0.028194541,0.025394969,"('capable', 'incapable')",-0.060783036,-0.05304884,-0.016294248402118683,-0.013826936483383179,0.002467311918735504
2,0.01482678,0.003852612,"('intelligent', 'stupid')",-0.007825484,-0.016360257,0.003500648308545351,-0.006253822240978479,-0.00975447054952383
1,0.005162841,-0.001598046,"('intelligent', 'unintelligent')",-0.026023638,-0.027291045,-0.010430398397147655,-0.014444544911384583,-0.004014146514236927
