,Citizens_male,Citizens_female,tuple,Financial_male,Financial_female,Group_male,Group_female,average_male,average_female,female-male
6,-0.14186089,-0.13932386,"('capable', 'incapable')",-0.054879494,-0.05356338,-0.1054052,-0.10317491,-0.1007152001063029,-0.09868739048639934,0.0020278096199035645
3,0.13196494,0.13652977,"('able', 'unable')",0.05265288,0.06768411,0.07223469,0.08965085,0.08561750253041585,0.09795490900675456,0.012337406476338714
5,-0.09705642,-0.08914956,"('creative', 'uncreative')",-0.13608731,-0.1424287,-0.045939427,-0.050667785,-0.09302772084871928,-0.09408201773961385,-0.0010542968908945627
7,0.035378613,0.040387027,"('practical', 'impractical')",-0.012875622,-0.009891839,0.07082706,0.06171128,0.03111001600821813,0.03073549022277196,-0.000374525785446167
4,0.030629471,0.021621926,"('rational', 'irrational')",-0.05656872,-0.06376427,0.003967365,-0.004109691,-0.007323961084087689,-0.015417343626419703,-0.008093382542332012
2,-0.028363634,-0.051915955,"('intelligent', 'stupid')",0.054200027,0.05260942,0.006392564,0.0035066525,0.010742985953887304,0.0014000396865109603,-0.009342946267376345
1,0.021868322,0.026767887,"('intelligent', 'unintelligent')",0.0011748647,0.003082894,0.021084711,0.026755482,0.014709298809369406,0.018868754307428997,0.004159455498059591
0,0.010834215,0.018384213,"('competent', 'incompetent')",0.007329611,0.01521931,-0.018240994,-0.013088708,-2.5722508629163105e-05,0.006838272015253703,0.006863994523882866
