,Citigroup_male,Citigroup_female,tuple,average_male,average_female,female-male
3,-0.08889278,-0.06065814,"('able', 'unable')",-0.08889278024435043,-0.06065813824534416,0.02823464199900627
0,0.086685486,0.0864904,"('competent', 'incompetent')",0.08668548613786697,0.08649040013551712,-0.00019508600234985352
5,-0.070749156,-0.06853521,"('creative', 'uncreative')",-0.07074915617704391,-0.0685352087020874,0.0022139474749565125
7,-0.06675478,-0.06980974,"('practical', 'impractical')",-0.0667547807097435,-0.06980974227190018,-0.0030549615621566772
2,0.05776324,0.043583848,"('intelligent', 'stupid')",0.0577632412314415,0.04358384758234024,-0.014179393649101257
6,0.014262504,0.017147427,"('capable', 'incapable')",0.014262503944337368,0.017147427424788475,0.002884923480451107
4,-0.010781605,-0.012597295,"('rational', 'irrational')",-0.010781604796648026,-0.012597295455634594,-0.0018156906589865685
1,-0.0039595417,-0.0017496682,"('intelligent', 'unintelligent')",-0.00395954167470336,-0.0017496681539341807,0.002209873520769179
