,Citrix_male,Citrix_female,tuple,Systems_male,Systems_female,average_male,average_female,female-male
0,0.04277301,0.04208922,"('competent', 'incompetent')",0.034475036,0.04537493,0.03862402215600014,0.04373207688331604,0.005108054727315903
5,-0.041014392,-0.045492508,"('creative', 'uncreative')",-0.016990561,-0.0038701189,-0.02900247648358345,-0.02468131296336651,0.004321163520216942
7,-0.038303845,-0.045245722,"('practical', 'impractical')",0.008896482,-0.004632152,-0.014703681692481041,-0.02493893727660179,-0.01023525558412075
6,0.017773708,0.018179132,"('capable', 'incapable')",-0.060783036,-0.05304884,-0.021504662930965424,-0.017434854060411453,0.00406980887055397
1,-0.015869372,-0.009986408,"('intelligent', 'unintelligent')",-0.026023638,-0.027291045,-0.020946504548192024,-0.018638726323843002,0.002307778224349022
4,-0.008405933,-0.012041924,"('rational', 'irrational')",-0.07158169,-0.07769497,-0.03999381139874458,-0.04486844688653946,-0.004874635487794876
2,-0.0045574666,-0.006656605,"('intelligent', 'stupid')",-0.007825484,-0.016360257,-0.0061914753168821335,-0.011508431285619736,-0.005316955968737602
3,0.00085275143,0.016552335,"('able', 'unable')",-0.058603786,-0.04050901,-0.02887551672756672,-0.011978338472545147,0.016897178255021572
