,Clorox_male,Clorox_female,tuple,average_male,average_female,female-male
0,0.065891206,0.053136326,"('competent', 'incompetent')",0.06589120626449585,0.053136326372623444,-0.012754879891872406
7,-0.058702182,-0.05366666,"('practical', 'impractical')",-0.05870218202471733,-0.05366665869951248,0.005035523325204849
3,-0.033974383,0.009679622,"('able', 'unable')",-0.033974383026361465,0.009679622016847134,0.0436540050432086
4,0.031612378,0.044288594,"('rational', 'irrational')",0.03161237761378288,0.04428859427571297,0.012676216661930084
5,-0.024489868,-0.0037519694,"('creative', 'uncreative')",-0.0244898684322834,-0.0037519694305956364,0.020737899001687765
1,0.009209868,-0.0064367736,"('intelligent', 'unintelligent')",0.00920986756682396,-0.0064367735758423805,-0.01564664114266634
6,0.007093181,0.008389439,"('capable', 'incapable')",0.007093180902302265,0.008389439433813095,0.00129625853151083
2,0.002098378,-0.010528083,"('intelligent', 'stupid')",0.002098378026857972,-0.010528082959353924,-0.012626460986211896
