,CME_male,CME_female,tuple,Group_male,Group_female,average_male,average_female,female-male
6,-0.08059343,-0.05544937,"('capable', 'incapable')",-0.1054052,-0.10317491,-0.09299930930137634,-0.07931213825941086,0.013687171041965485
3,0.06633202,0.039733987,"('able', 'unable')",0.07223469,0.08965085,0.06928335130214691,0.0646924152970314,-0.004590936005115509
5,-0.047506176,-0.037206974,"('creative', 'uncreative')",-0.045939427,-0.050667785,-0.04672279953956604,-0.043937377631664276,0.002785421907901764
1,0.043656312,0.044733994,"('intelligent', 'unintelligent')",0.021084711,0.026755482,0.03237051144242287,0.03574473783373833,0.00337422639131546
2,0.028314352,0.016339814,"('intelligent', 'stupid')",0.006392564,0.0035066525,0.01735345833003521,0.009923233650624752,-0.007430224679410458
7,-0.015646752,-0.04572374,"('practical', 'impractical')",0.07082706,0.06171128,0.027590153738856316,0.007993770763278008,-0.019596382975578308
0,-0.0071229483,0.02429705,"('competent', 'incompetent')",-0.018240994,-0.013088708,-0.012681971304118633,0.005604170728474855,0.01828614203259349
4,-0.003995052,-0.0248926,"('rational', 'irrational')",0.003967365,-0.004109691,-1.384364441037178e-05,-0.014501145109534264,-0.014487301465123892
