,CMS_male,CMS_female,tuple,Energy_male,Energy_female,average_male,average_female,female-male
6,-0.06978976,-0.054901183,"('capable', 'incapable')",-0.06564437,-0.06611495,-0.0677170604467392,-0.060508064925670624,0.007208995521068573
3,0.06575201,0.057301525,"('able', 'unable')",0.03048999,0.053108077,0.048120997846126556,0.05520480126142502,0.007083803415298462
5,-0.040467232,-0.055248372,"('creative', 'uncreative')",-0.005074311,-0.02356725,-0.022770771756768227,-0.03940781205892563,-0.016637040302157402
1,0.032283645,0.030460553,"('intelligent', 'unintelligent')",0.0046072626,0.010602739,0.0184454545378685,0.02053164690732956,0.0020861923694610596
7,-0.019236138,-0.03137517,"('practical', 'impractical')",-0.03488957,-0.029364854,-0.027062855660915375,-0.030370011925697327,-0.003307156264781952
0,-0.01790187,-0.0034635148,"('competent', 'incompetent')",0.039062213,0.042480562,0.010580171830952168,0.019508523866534233,0.008928352035582066
4,-0.01199693,-0.029933544,"('rational', 'irrational')",-0.05856218,-0.055049308,-0.03527955338358879,-0.042491424828767776,-0.007211871445178986
2,0.007339664,0.010601894,"('intelligent', 'stupid')",-0.065077595,-0.07664522,-0.028868965804576874,-0.03302166238427162,-0.004152696579694748
