,Coca-Cola_male,Coca-Cola_female,tuple,Company_male,Company_female,average_male,average_female,female-male
0,0.18663552,0.17715858,"('competent', 'incompetent')",-0.022272779,-9.499664e-05,0.08218137174844742,0.08853179216384888,0.006350420415401459
3,-0.104017384,-0.09589289,"('able', 'unable')",0.060346927,0.06603282,-0.02183522842824459,-0.014930035918951035,0.006905192509293556
5,-0.09080106,-0.08497287,"('creative', 'uncreative')",-0.10418273,-0.096098416,-0.09749189019203186,-0.09053564071655273,0.006956249475479126
7,-0.07434796,-0.0766789,"('practical', 'impractical')",0.06996697,0.06634621,-0.0021904930472373962,-0.005166344344615936,-0.00297585129737854
4,-0.05167546,-0.05860412,"('rational', 'irrational')",0.017195245,0.005020061,-0.01724010705947876,-0.026792030781507492,-0.009551923722028732
6,-0.051319286,-0.041749515,"('capable', 'incapable')",-0.10877178,-0.11490957,-0.08004553616046906,-0.07832954078912735,0.0017159953713417053
1,-0.026544899,-0.019398708,"('intelligent', 'unintelligent')",0.023542136,0.03339987,-0.0015013813972473145,0.007000580430030823,0.008501961827278137
2,-0.010901469,-0.012445896,"('intelligent', 'stupid')",0.032683164,0.012360053,0.010890847072005272,-4.292139783501625e-05,-0.010933768469840288
