,Cognizant_male,Cognizant_female,tuple,Technology_male,Technology_female,Solutions_male,Solutions_female,average_male,average_female,female-male
0,0.094630726,0.09549819,"('competent', 'incompetent')",0.077857524,0.087146685,0.0114883175,0.0016007783,0.061325520277023315,0.06141521533330282,8.969505627950264e-05
7,-0.060478967,-0.06834584,"('practical', 'impractical')",-0.023970129,-0.020227615,-0.024650255,-0.028223125,-0.0363664502898852,-0.038932194312413536,-0.002565744022528335
5,-0.049123473,-0.02608937,"('creative', 'uncreative')",-0.13270712,-0.10357038,-0.028869094,-0.050181076,-0.07023322582244873,-0.0599469393491745,0.010286286473274231
6,-0.04792232,-0.043106627,"('capable', 'incapable')",-0.082549855,-0.087200075,-0.045517605,-0.045648374,-0.0586632639169693,-0.05865169564882914,1.1568268140159377e-05
4,0.025071938,0.01464111,"('rational', 'irrational')",-0.063927725,-0.07325588,-0.027378712,-0.013343779,-0.022078166405359905,-0.02398618310689926,-0.0019080167015393563
2,0.021869987,-0.00787644,"('intelligent', 'stupid')",0.0021123162,-0.013178409,-0.0131425625,-0.007964484,0.0036132469152410827,-0.009673111140727997,-0.01328635805596908
3,-0.002368599,0.0007118356,"('able', 'unable')",-0.00589931,0.008344942,0.048290752,0.06118524,0.013340947528680166,0.023414005835851032,0.010073058307170866
1,-3.7140813e-05,0.0023382863,"('intelligent', 'unintelligent')",-0.017232906,-0.013442564,-0.022458259,-0.018734187,-0.013242768744627634,-0.00994615505139033,0.0032966136932373047
