,Colgate-Palmolive_male,Colgate-Palmolive_female,tuple,average_male,average_female,female-male
7,-0.1280053,-0.13088053,"('practical', 'impractical')",-0.12800529599189758,-0.13088053464889526,-0.0028752386569976807
0,0.10043268,0.10800133,"('competent', 'incompetent')",0.10043267905712128,0.10800132900476456,0.00756864994764328
6,0.07278731,0.07327992,"('capable', 'incapable')",0.07278730720281601,0.07327991724014282,0.0004926100373268127
2,0.024333391,0.004196285,"('intelligent', 'stupid')",0.024333391338586807,0.004196284804493189,-0.02013710653409362
4,-0.023585264,-0.018665882,"('rational', 'irrational')",-0.023585263639688492,-0.01866588182747364,0.004919381812214851
3,-0.022655811,-0.012459743,"('able', 'unable')",-0.02265581116080284,-0.012459742836654186,0.010196068324148655
1,-0.019056424,-0.02205538,"('intelligent', 'unintelligent')",-0.019056424498558044,-0.022055380046367645,-0.002998955547809601
5,0.018629821,0.014331825,"('creative', 'uncreative')",0.01862982101738453,0.014331825077533722,-0.004297995939850807
