,Comcast_male,Comcast_female,tuple,average_male,average_female,female-male
0,0.10911558,0.10957422,"('competent', 'incompetent')",0.10911557823419571,0.10957422107458115,0.000458642840385437
3,-0.10180256,-0.08759029,"('able', 'unable')",-0.10180255770683289,-0.087590292096138,0.014212265610694885
7,-0.09586406,-0.10829794,"('practical', 'impractical')",-0.09586405754089355,-0.1082979366183281,-0.01243387907743454
6,0.08424378,0.0888184,"('capable', 'incapable')",0.0842437818646431,0.08881840109825134,0.004574619233608246
4,-0.07082401,-0.07692664,"('rational', 'irrational')",-0.07082401216030121,-0.07692664116621017,-0.006102629005908966
1,-0.05504307,-0.05477212,"('intelligent', 'unintelligent')",-0.05504307150840759,-0.05477211996912956,0.0002709515392780304
5,0.018787488,0.01541403,"('creative', 'uncreative')",0.018787488341331482,0.01541403029114008,-0.0033734580501914024
2,0.00092224893,-0.0016620697,"('intelligent', 'stupid')",0.0009222489316016436,-0.0016620696987956762,-0.00258431863039732
