,Comerica_male,Comerica_female,tuple,average_male,average_female,female-male
5,-0.08769196,-0.08387962,"('creative', 'uncreative')",-0.08769196271896362,-0.08387961983680725,0.003812342882156372
6,-0.06468648,-0.057525523,"('capable', 'incapable')",-0.06468647718429565,-0.057525523006916046,0.007160954177379608
3,0.041855276,0.07829699,"('able', 'unable')",0.04185527563095093,0.07829698920249939,0.03644171357154846
0,0.025896113,0.005709103,"('competent', 'incompetent')",0.025896113365888596,0.005709102842956781,-0.020187010522931814
7,-0.02253126,-0.03354711,"('practical', 'impractical')",-0.022531259804964066,-0.033547110855579376,-0.01101585105061531
2,0.015093004,0.0030720234,"('intelligent', 'stupid')",0.015093004330992699,0.003072023391723633,-0.012020980939269066
4,0.01304151,0.02852161,"('rational', 'irrational')",0.013041510246694088,0.02852161042392254,0.01548010017722845
1,0.008867726,-0.0035884508,"('intelligent', 'unintelligent')",0.008867725729942322,-0.003588450839743018,-0.01245617656968534
