,Conagra_male,Conagra_female,tuple,Brands_male,Brands_female,average_male,average_female,female-male
0,0.050202206,0.046059757,"('competent', 'incompetent')",0.018575791,0.016808469,0.03438899666070938,0.031434111297130585,-0.0029548853635787964
7,-0.0491014,-0.041632436,"('practical', 'impractical')",0.0060534193,-0.00010300318,-0.021523991599678993,-0.020867720246315002,0.0006562713533639908
5,-0.044650592,-0.019664764,"('creative', 'uncreative')",-0.10751212,-0.1009526,-0.07608135044574738,-0.060308683663606644,0.015772666782140732
2,0.028008651,0.0018945943,"('intelligent', 'stupid')",0.017031524,-0.00267768,0.02252008765935898,-0.0003915428533218801,-0.02291163051268086
3,-0.018292058,0.0023699554,"('able', 'unable')",0.040701613,0.067288406,0.011204777285456657,0.03482918068766594,0.023624403402209282
6,0.009652678,-0.00799263,"('capable', 'incapable')",-0.05724465,-0.051725466,-0.02379598654806614,-0.029859047383069992,-0.006063060835003853
1,-0.009050737,-0.0038132458,"('intelligent', 'unintelligent')",0.04282979,0.04982045,0.016889525577425957,0.023003602400422096,0.0061140768229961395
4,-0.0076305657,0.0045670117,"('rational', 'irrational')",-0.04174971,-0.054097496,-0.024690136313438416,-0.024765241891145706,-7.510557770729065e-05
