,ConocoPhillips_male,ConocoPhillips_female,tuple,average_male,average_female,female-male
0,0.1024379,0.1040409,"('competent', 'incompetent')",0.10243789851665497,0.10404089838266373,0.0016029998660087585
7,-0.072851814,-0.07529266,"('practical', 'impractical')",-0.07285181432962418,-0.0752926617860794,-0.0024408474564552307
5,-0.05105054,-0.04120357,"('creative', 'uncreative')",-0.051050540059804916,-0.0412035696208477,0.009846970438957214
2,0.04550269,0.022578323,"('intelligent', 'stupid')",0.045502688735723495,0.022578323259949684,-0.02292436547577381
4,-0.023088595,-0.021327337,"('rational', 'irrational')",-0.023088594898581505,-0.021327337250113487,0.0017612576484680176
3,0.009906082,0.008390048,"('able', 'unable')",0.009906082414090633,0.008390047587454319,-0.0015160348266363144
1,-0.0031508035,-0.0007785422,"('intelligent', 'unintelligent')",-0.003150803502649069,-0.0007785421912558377,0.002372261311393231
6,-0.00052126497,0.0044160574,"('capable', 'incapable')",-0.0005212649703025818,0.004416057374328375,0.004937322344630957
