,Constellation_male,Constellation_female,tuple,Brands_male,Brands_female,average_male,average_female,female-male
5,-0.20576239,-0.17978698,"('creative', 'uncreative')",-0.10751212,-0.1009526,-0.1566372513771057,-0.14036978781223297,0.01626746356487274
3,0.061673515,0.082675144,"('able', 'unable')",0.040701613,0.067288406,0.05118756368756294,0.07498177886009216,0.02379421517252922
0,0.052361637,0.0441604,"('competent', 'incompetent')",0.018575791,0.016808469,0.03546871244907379,0.030484434217214584,-0.004984278231859207
2,0.02952001,0.0059592603,"('intelligent', 'stupid')",0.017031524,-0.00267768,0.023275766521692276,0.0016407901421189308,-0.021634976379573345
6,-0.026807506,-0.026437383,"('capable', 'incapable')",-0.05724465,-0.051725466,-0.042026080191135406,-0.039081424474716187,0.00294465571641922
7,-0.011637623,-0.0014237044,"('practical', 'impractical')",0.0060534193,-0.00010300318,-0.002792102051898837,-0.000763353833463043,0.002028748218435794
4,-0.01057343,-0.01576847,"('rational', 'irrational')",-0.04174971,-0.054097496,-0.026161570101976395,-0.03493298217654228,-0.008771412074565887
1,0.0093658585,0.01985534,"('intelligent', 'unintelligent')",0.04282979,0.04982045,0.026097822934389114,0.03483789414167404,0.008740071207284927
