,Copart_male,Copart_female,tuple,average_male,average_female,female-male
5,-0.0795102,-0.04125894,"('creative', 'uncreative')",-0.07951019704341888,-0.04125893861055374,0.03825125843286514
6,-0.060998682,-0.08510657,"('capable', 'incapable')",-0.06099868193268776,-0.08510656654834747,-0.024107884615659714
3,0.05171097,0.0733636,"('able', 'unable')",0.05171097069978714,0.07336360216140747,0.02165263146162033
2,0.049661223,0.020393018,"('intelligent', 'stupid')",0.04966122284531593,0.020393017679452896,-0.029268205165863037
4,0.036225595,0.054255724,"('rational', 'irrational')",0.03622559458017349,0.05425572395324707,0.018030129373073578
1,-0.029362489,-0.019786835,"('intelligent', 'unintelligent')",-0.02936248853802681,-0.019786834716796875,0.009575653821229935
0,-0.0022097041,-0.0073948945,"('competent', 'incompetent')",-0.0022097041364759207,-0.007394894491881132,-0.0051851903554052114
7,0.0019097092,0.014658812,"('practical', 'impractical')",0.0019097091862931848,0.014658812433481216,0.012749103247188032
