,Corning_male,Corning_female,tuple,average_male,average_female,female-male
5,-0.06446364,-0.049184445,"('creative', 'uncreative')",-0.06446363776922226,-0.049184445291757584,0.015279192477464676
3,-0.050499935,-0.014201827,"('able', 'unable')",-0.05049993470311165,-0.014201827347278595,0.036298107355833054
2,0.035747793,0.025449883,"('intelligent', 'stupid')",0.035747792571783066,0.025449883192777634,-0.010297909379005432
7,-0.03448606,-0.030591315,"('practical', 'impractical')",-0.034486059099435806,-0.030591314658522606,0.0038947444409132004
1,0.014233565,0.022476265,"('intelligent', 'unintelligent')",0.014233564957976341,0.02247626520693302,0.00824270024895668
6,-0.008646771,-0.043084316,"('capable', 'incapable')",-0.008646771311759949,-0.043084315955638885,-0.03443754464387894
4,0.00697526,0.03104025,"('rational', 'irrational')",0.006975260097533464,0.03104024939239025,0.024064989294856787
0,-0.0067359363,-0.0043482143,"('competent', 'incompetent')",-0.006735936272889376,-0.004348214250057936,0.00238772202283144
