,Corteva_male,Corteva_female,tuple,average_male,average_female,female-male
3,0.05703647,0.053137075,"('able', 'unable')",0.057036470621824265,0.053137075155973434,-0.00389939546585083
7,-0.04236217,-0.042328686,"('practical', 'impractical')",-0.04236216843128204,-0.04232868552207947,3.3482909202575684e-05
6,-0.03364368,-0.038171094,"('capable', 'incapable')",-0.033643681555986404,-0.03817109391093254,-0.0045274123549461365
4,0.031985626,0.047042344,"('rational', 'irrational')",0.03198562562465668,0.04704234376549721,0.01505671814084053
2,0.021000259,-0.010428887,"('intelligent', 'stupid')",0.02100025862455368,-0.010428886860609055,-0.031429145485162735
0,0.014803787,0.023271069,"('competent', 'incompetent')",0.014803786762058735,0.023271068930625916,0.00846728216856718
1,-0.0074310764,-0.007307738,"('intelligent', 'unintelligent')",-0.0074310763739049435,-0.0073077380657196045,0.00012333830818533897
5,0.00048560466,0.012671777,"('creative', 'uncreative')",0.00048560465802438557,0.012671777047216892,0.012186172389192507
