,Costco_male,Costco_female,tuple,average_male,average_female,female-male
5,-0.06883814,-0.07545685,"('creative', 'uncreative')",-0.06883814185857773,-0.07545685023069382,-0.006618708372116089
0,0.05406837,0.05933662,"('competent', 'incompetent')",0.054068371653556824,0.059336621314287186,0.005268249660730362
1,-0.020606818,-0.032357596,"('intelligent', 'unintelligent')",-0.020606817677617073,-0.0323575958609581,-0.011750778183341026
3,-0.012434646,-0.0031660316,"('able', 'unable')",-0.012434645555913448,-0.0031660315580666065,0.009268613997846842
6,0.0056121903,0.020174382,"('capable', 'incapable')",0.005612190347164869,0.020174382254481316,0.014562191907316446
7,0.004454971,-0.0033051579,"('practical', 'impractical')",0.004454970825463533,-0.0033051578793674707,-0.007760128704831004
2,0.0044032405,0.008115217,"('intelligent', 'stupid')",0.004403240513056517,0.008115217089653015,0.0037119765765964985
4,-0.00082690816,-0.0028146675,"('rational', 'irrational')",-0.0008269081590697169,-0.002814667532220483,-0.001987759373150766
