,Coterra_male,Coterra_female,tuple,average_male,average_female,female-male
5,-0.09625868,-0.0774221,"('creative', 'uncreative')",-0.09625867754220963,-0.07742209732532501,0.018836580216884613
2,0.066670574,0.046775255,"('intelligent', 'stupid')",0.06667057424783707,0.04677525535225868,-0.019895318895578384
3,-0.02664426,0.010402132,"('able', 'unable')",-0.026644259691238403,0.010402131825685501,0.037046391516923904
6,-0.02287803,-0.0379219,"('capable', 'incapable')",-0.022878030315041542,-0.03792190179228783,-0.015043871477246284
4,0.011741075,0.030916274,"('rational', 'irrational')",0.011741074733436108,0.030916273593902588,0.01917519886046648
7,-0.011194249,-0.013400192,"('practical', 'impractical')",-0.01119424868375063,-0.013400192372500896,-0.002205943688750267
0,0.007906474,0.008301103,"('competent', 'incompetent')",0.007906474173069,0.008301102556288242,0.0003946283832192421
1,0.0011840207,0.0018064942,"('intelligent', 'unintelligent')",0.0011840206570923328,0.001806494197808206,0.0006224735407158732
