,Crown_male,Crown_female,tuple,Castle_male,Castle_female,average_male,average_female,female-male
5,-0.17289303,-0.1816418,"('creative', 'uncreative')",-0.12550949,-0.12288837,-0.14920125901699066,-0.15226508677005768,-0.0030638277530670166
7,-0.056319147,-0.06512856,"('practical', 'impractical')",0.0030123645,-0.0003453377,-0.026653392240405083,-0.032736945897340775,-0.006083553656935692
6,-0.047457326,-0.030115232,"('capable', 'incapable')",-0.051091846,-0.06558859,-0.04927458614110947,-0.047851912677288055,0.0014226734638214111
2,0.0422874,0.020199105,"('intelligent', 'stupid')",0.05765106,0.038035892,0.04996923357248306,0.02911749854683876,-0.020851735025644302
3,0.040236946,0.050369352,"('able', 'unable')",0.08469351,0.09515337,0.062465228140354156,0.07276135683059692,0.010296128690242767
1,0.03896976,0.03774871,"('intelligent', 'unintelligent')",0.0021412873,0.00987807,0.0205555222928524,0.023813389241695404,0.0032578669488430023
0,0.030799875,0.048859354,"('competent', 'incompetent')",-0.024301412,-0.008536169,0.0032492317259311676,0.020161591470241547,0.01691235974431038
4,-0.002323572,-0.022426037,"('rational', 'irrational')",-0.021572769,-0.017388392,-0.011948170140385628,-0.019907213747501373,-0.007959043607115746
