,CSX_male,CSX_female,tuple,average_male,average_female,female-male
3,-0.0865525,-0.06372498,"('able', 'unable')",-0.08655250072479248,-0.06372497975826263,0.022827520966529846
4,-0.08363401,-0.078332216,"('rational', 'irrational')",-0.08363401144742966,-0.07833221554756165,0.0053017958998680115
0,0.07345522,0.06466569,"('competent', 'incompetent')",0.07345522195100784,0.06466569006443024,-0.008789531886577606
7,-0.047226246,-0.046970516,"('practical', 'impractical')",-0.04722624644637108,-0.046970516443252563,0.000255730003118515
2,0.037030313,0.028639508,"('intelligent', 'stupid')",0.03703031316399574,0.02863950841128826,-0.008390804752707481
6,-0.02398584,-0.015073225,"('capable', 'incapable')",-0.023985840380191803,-0.015073224902153015,0.008912615478038788
1,0.014840086,0.020745818,"('intelligent', 'unintelligent')",0.014840085990726948,0.020745817571878433,0.0059057315811514854
5,-0.013079289,0.0003672875,"('creative', 'uncreative')",-0.013079289346933365,0.0003672874881885946,0.01344657683512196
