,Cummins_male,Cummins_female,tuple,average_male,average_female,female-male
5,-0.099811085,-0.109394036,"('creative', 'uncreative')",-0.09981108456850052,-0.10939403623342514,-0.009582951664924622
7,-0.09360026,-0.09749621,"('practical', 'impractical')",-0.09360025823116302,-0.09749621152877808,-0.0038959532976150513
2,0.073811784,0.061664026,"('intelligent', 'stupid')",0.07381178438663483,0.061664026230573654,-0.012147758156061172
3,0.065946005,0.078818746,"('able', 'unable')",0.06594600528478622,0.07881874591112137,0.012872740626335144
4,-0.050167643,-0.05534131,"('rational', 'irrational')",-0.050167642533779144,-0.05534131079912186,-0.005173668265342712
6,0.046713676,0.043847125,"('capable', 'incapable')",0.04671367630362511,0.04384712502360344,-0.0028665512800216675
1,0.018624282,0.022465508,"('intelligent', 'unintelligent')",0.018624281510710716,0.022465508431196213,0.0038412269204854965
0,0.0059181536,0.023085764,"('competent', 'incompetent')",0.005918153561651707,0.023085763677954674,0.017167610116302967
