,D._male,D._female,tuple,R._male,R._female,Horton_male,Horton_female,average_male,average_female,female-male
2,-0.10110746,-0.09568148,"('intelligent', 'stupid')",0.003037252,-0.009359054,0.033357315,0.004794191,-0.02157096564769745,-0.03341544916232427,-0.011844483514626823
5,-0.09465567,-0.10857122,"('creative', 'uncreative')",-0.02436976,-0.011912751,-0.064893484,-0.08583285,-0.06130630771319071,-0.06877227127552032,-0.0074659635623296125
3,0.09350607,0.12703866,"('able', 'unable')",0.05563592,0.071816295,0.01832875,0.049960274,0.05582358439763387,0.08293840785821278,0.02711482346057891
6,-0.07889978,-0.079169765,"('capable', 'incapable')",-0.077948116,-0.08040328,0.0007456996,-0.017803779,-0.05203406512737274,-0.059125607212384544,-0.0070915420850118024
7,0.062824965,0.07875847,"('practical', 'impractical')",-0.0013951113,0.02161219,0.0020466396,-0.0019053768,0.021158831814924877,0.03282176206509272,0.011662930250167843
1,0.052683104,0.044657085,"('intelligent', 'unintelligent')",0.059316345,0.05623768,0.032304693,0.045892846,0.048101380467414856,0.0489292045434316,0.0008278240760167463
4,0.04457033,0.03721329,"('rational', 'irrational')",0.0059764325,-0.001771583,-0.067184,-0.042115293,-0.00554574653506279,-0.00222452978293101,0.00332121675213178
0,-0.0018237318,0.008623189,"('competent', 'incompetent')",-0.05583305,-0.07943086,-0.051667146,-0.02686288,-0.036441308756669365,-0.03255685170491537,0.003884457051753998
