,Danaher_male,Danaher_female,tuple,Corporation_male,Corporation_female,average_male,average_female,female-male
3,0.07523974,0.09359494,"('able', 'unable')",0.02245296,0.04172615,0.048846349120140076,0.06766054034233093,0.018814191222190857
6,-0.06819164,-0.08319747,"('capable', 'incapable')",-0.08914686,-0.09466634,-0.07866925001144409,-0.08893190324306488,-0.010262653231620789
2,0.046514258,0.024394244,"('intelligent', 'stupid')",0.013934675,-0.0056333407,0.03022446669638157,0.009380451403558254,-0.020844015292823315
7,-0.042386983,-0.026695685,"('practical', 'impractical')",0.058297187,0.0635866,0.007955102249979973,0.018445458263158798,0.010490356013178825
0,-0.024891902,-0.03418289,"('competent', 'incompetent')",-0.0069387513,0.00029346623,-0.01591532677412033,-0.01694471202790737,-0.0010293852537870407
4,-0.018929565,-0.009818802,"('rational', 'irrational')",-0.006659922,-0.005100324,-0.012794744223356247,-0.007459562737494707,0.00533518148586154
1,0.009944837,0.010021368,"('intelligent', 'unintelligent')",0.025585327,0.033832077,0.01776508241891861,0.021926723420619965,0.004161641001701355
5,-0.008707458,0.011296518,"('creative', 'uncreative')",-0.08197817,-0.07486644,-0.045342814177274704,-0.03178495913743973,0.013557855039834976
