,Darden_male,Darden_female,tuple,Restaurants_male,Restaurants_female,average_male,average_female,female-male
5,-0.14520976,-0.14633058,"('creative', 'uncreative')",-0.092821576,-0.10276577,-0.1190156638622284,-0.12454817444086075,-0.005532510578632355
0,0.09645418,0.10677824,"('competent', 'incompetent')",-0.06168197,-0.045234572,0.01738610491156578,0.030771834775805473,0.013385729864239693
7,-0.08714543,-0.07533411,"('practical', 'impractical')",0.09260784,0.086357735,0.0027312040328979492,0.0055118128657341,0.002780608832836151
4,-0.056607682,-0.059064183,"('rational', 'irrational')",-0.0035769462,-0.011532291,-0.030092313885688782,-0.03529823571443558,-0.005205921828746796
2,0.036085036,0.024928194,"('intelligent', 'stupid')",0.026308987,0.012621231,0.031197011470794678,0.018774712458252907,-0.012422299012541771
3,-0.026852608,-0.024582503,"('able', 'unable')",-0.019940734,-0.013705512,-0.023396670818328857,-0.019144007936120033,0.004252662882208824
6,-0.018364446,-0.016271837,"('capable', 'incapable')",-0.08770065,-0.087286375,-0.05303254723548889,-0.05177910625934601,0.0012534409761428833
1,0.0064810948,-0.007898169,"('intelligent', 'unintelligent')",0.056393396,0.062871926,0.03143724426627159,0.027486879378557205,-0.003950364887714386
