,DaVita_male,DaVita_female,tuple,average_male,average_female,female-male
5,-0.09066713,-0.08687361,"('creative', 'uncreative')",-0.09066712856292725,-0.0868736132979393,0.0037935152649879456
0,0.06564157,0.04869043,"('competent', 'incompetent')",0.06564156711101532,0.04869043081998825,-0.01695113629102707
7,-0.05623544,-0.048404455,"('practical', 'impractical')",-0.05623544007539749,-0.04840445518493652,0.007830984890460968
1,0.03652968,0.030587643,"('intelligent', 'unintelligent')",0.03652967885136604,0.03058764338493347,-0.005942035466432571
2,-0.024708482,-0.033885166,"('intelligent', 'stupid')",-0.02470848150551319,-0.0338851660490036,-0.00917668454349041
6,-0.023299104,-0.051934812,"('capable', 'incapable')",-0.02329910360276699,-0.05193481221795082,-0.02863570861518383
4,-0.016327247,0.026502943,"('rational', 'irrational')",-0.01632724702358246,0.0265029426664114,0.04283018968999386
3,0.0024567477,0.0051118517,"('able', 'unable')",0.002456747693940997,0.00511185172945261,0.002655104035511613
