,Deere_male,Deere_female,tuple,&_male,&_female,Co._male,Co._female,average_male,average_female,female-male
5,-0.12808533,-0.14394374,"('creative', 'uncreative')",-0.043580506,-0.054771464,-0.020686034,0.008349297,-0.06411728759606679,-0.0634553035100301,0.0006619840860366821
0,0.08887636,0.10344707,"('competent', 'incompetent')",-0.009155776,0.0012747109,-0.011914944,-0.02575045,0.022601880133152008,0.026323777933915455,0.003721897800763447
2,0.067638,0.06997366,"('intelligent', 'stupid')",0.051717956,0.04445349,0.023643412,-0.0009600426,0.047666460275650024,0.037822368244330086,-0.009844092031319938
7,-0.06374838,-0.07068767,"('practical', 'impractical')",-0.048612878,-0.06842974,-0.016795175,-0.0071545164,-0.04305214683214823,-0.048757304747899376,-0.005705157915751144
4,-0.058650743,-0.05471647,"('rational', 'irrational')",-0.13764003,-0.14945811,0.0032827188,-0.0019118163,-0.06433601677417755,-0.06869546572367351,-0.004359448949495956
3,-0.03846626,-0.036173306,"('able', 'unable')",0.04109473,0.042220853,0.15887192,0.16347444,0.053833464781443276,0.0565073291460673,0.0026738643646240234
6,-0.013556031,-0.019048424,"('capable', 'incapable')",-0.01493015,-0.0071977274,-0.044010535,-0.045968223,-0.024165570735931396,-0.024071459968884785,9.411076704661167e-05
1,-0.013378454,-0.01300723,"('intelligent', 'unintelligent')",0.045052934,0.049999837,0.014016381,0.017424155,0.015230288108189901,0.018138920267422993,0.0029086321592330915
