,Delta_male,Delta_female,tuple,Air_male,Air_female,Lines_male,Lines_female,average_male,average_female,female-male
5,-0.14642592,-0.14796248,"('creative', 'uncreative')",-0.077831574,-0.08102372,-0.022388646,-0.041619368,-0.08221538364887238,-0.09020185470581055,-0.007986471056938171
6,-0.05560941,-0.032143362,"('capable', 'incapable')",-0.060258348,-0.04927382,-0.1002239,-0.08488869,-0.07203055421511333,-0.05543528993924459,0.016595264275868736
0,0.039348736,0.046317834,"('competent', 'incompetent')",0.028235048,0.04311063,0.0009859963,0.00853665,0.022856593132019043,0.032655040423075356,0.009798447291056313
1,0.029069707,0.02989512,"('intelligent', 'unintelligent')",0.020655189,0.025380768,0.057372477,0.059524085,0.035699124137560524,0.038266658782958984,0.00256753464539846
3,0.02572285,0.033900395,"('able', 'unable')",0.06769941,0.08079036,0.109344505,0.13258743,0.0675889253616333,0.08242606123288472,0.01483713587125142
2,0.016456533,0.017665425,"('intelligent', 'stupid')",-0.015683671,-0.015742071,0.0565047,0.030360855,0.019092520078023274,0.010761402547359467,-0.008331117530663807
4,-0.008411374,-0.021196702,"('rational', 'irrational')",0.00435253,-0.00031289595,-0.014044776,-0.014166802,-0.006034540012478828,-0.011892133702834448,-0.005857593690355619
7,-0.0014158438,-0.0042936667,"('practical', 'impractical')",-0.023991214,-0.041604713,-0.03226328,-0.0492744,-0.019223445405562718,-0.03172425925731659,-0.012500813851753872
