,Dentsply_male,Dentsply_female,tuple,Sirona_male,Sirona_female,average_male,average_female,female-male
6,-0.038586073,-0.05682832,"('capable', 'incapable')",-0.036353968,-0.065177016,-0.0374700203537941,-0.061002667993307114,-0.023532647639513016
0,-0.036295958,0.0024790328,"('competent', 'incompetent')",0.012138075,-0.0066597774,-0.012078940868377686,-0.002090372145175934,0.009988568723201752
3,0.033894006,0.013045311,"('able', 'unable')",-0.01429655,0.045533072,0.009798727929592133,0.029289191588759422,0.01949046365916729
4,0.024977062,0.042740464,"('rational', 'irrational')",0.008024411,0.043966185,0.01650073751807213,0.04335332661867142,0.02685258910059929
2,0.021234725,-0.0064809867,"('intelligent', 'stupid')",0.039854627,-0.00014502586,0.030544675886631012,-0.003313006367534399,-0.03385768225416541
5,0.018395262,0.017695274,"('creative', 'uncreative')",-0.06954588,-0.015774243,-0.025575309991836548,0.0009605158120393753,0.026535825803875923
7,-0.013871625,-0.01904409,"('practical', 'impractical')",-0.01885256,0.0042321626,-0.01636209338903427,-0.007405963726341724,0.008956129662692547
1,-0.0077472143,-0.030422378,"('intelligent', 'unintelligent')",-0.018807339,-0.0069013247,-0.013277276419103146,-0.018661851063370705,-0.005384574644267559
