,Devon_male,Devon_female,tuple,Energy_male,Energy_female,average_male,average_female,female-male
4,-0.15320021,-0.091314405,"('rational', 'irrational')",-0.05856218,-0.055049308,-0.10588119179010391,-0.07318185269832611,0.0326993390917778
5,-0.10826871,-0.06792898,"('creative', 'uncreative')",-0.005074311,-0.02356725,-0.05667150765657425,-0.045748114585876465,0.010923393070697784
6,0.047000818,-0.007404597,"('capable', 'incapable')",-0.06564437,-0.06611495,-0.009321775287389755,-0.03675977140665054,-0.027437996119260788
3,-0.046034295,0.024999138,"('able', 'unable')",0.03048999,0.053108077,-0.007772152312099934,0.03905360773205757,0.046825760044157505
2,0.04160472,0.01592952,"('intelligent', 'stupid')",-0.065077595,-0.07664522,-0.011736437678337097,-0.03035784885287285,-0.01862141117453575
7,-0.03978941,-0.027265912,"('practical', 'impractical')",-0.03488957,-0.029364854,-0.03733948990702629,-0.028315383940935135,0.009024105966091156
0,-0.0152615905,-0.042222537,"('competent', 'incompetent')",0.039062213,0.042480562,0.011900311335921288,0.00012901239097118378,-0.011771298944950104
1,0.0108007435,0.02971954,"('intelligent', 'unintelligent')",0.0046072626,0.010602739,0.007704002782702446,0.020161140710115433,0.012457137927412987
