,DexCom_male,DexCom_female,tuple,average_male,average_female,female-male
5,-0.065555364,-0.060033366,"('creative', 'uncreative')",-0.06555536389350891,-0.060033366084098816,0.005521997809410095
3,-0.038985502,-0.009117429,"('able', 'unable')",-0.03898550197482109,-0.0091174291446805,0.02986807283014059
1,-0.034301013,-0.039062914,"('intelligent', 'unintelligent')",-0.03430101275444031,-0.03906291350722313,-0.004761900752782822
0,0.029707951,0.015301074,"('competent', 'incompetent')",0.029707951471209526,0.015301073901355267,-0.01440687756985426
7,-0.024438635,-0.03205987,"('practical', 'impractical')",-0.024438634514808655,-0.03205987066030502,-0.007621236145496368
2,0.01959926,0.007929567,"('intelligent', 'stupid')",0.01959926076233387,0.007929567247629166,-0.011669693514704704
6,-0.014546031,-0.014938081,"('capable', 'incapable')",-0.014546031132340431,-0.014938080683350563,-0.00039204955101013184
4,0.006688064,0.013327518,"('rational', 'irrational')",0.0066880639642477036,0.013327517546713352,0.006639453582465649
