,Diamondback_male,Diamondback_female,tuple,Energy_male,Energy_female,average_male,average_female,female-male
5,-0.1003011,-0.11115654,"('creative', 'uncreative')",-0.005074311,-0.02356725,-0.05268770456314087,-0.06736189126968384,-0.014674186706542969
0,0.06176091,0.08777164,"('competent', 'incompetent')",0.039062213,0.042480562,0.05041155964136124,0.06512609869241714,0.014714539051055908
7,-0.054109946,-0.07029402,"('practical', 'impractical')",-0.03488957,-0.029364854,-0.04449975863099098,-0.04982943832874298,-0.005329679697751999
4,-0.034525182,-0.037413057,"('rational', 'irrational')",-0.05856218,-0.055049308,-0.046543680131435394,-0.04623118042945862,0.0003124997019767761
2,0.0315962,0.03077652,"('intelligent', 'stupid')",-0.065077595,-0.07664522,-0.016740698367357254,-0.02293434925377369,-0.006193650886416435
6,0.028728249,0.033481125,"('capable', 'incapable')",-0.06564437,-0.06611495,-0.018458060920238495,-0.016316911205649376,0.002141149714589119
3,-0.014404178,-0.03458271,"('able', 'unable')",0.03048999,0.053108077,0.008042906410992146,0.009262682870030403,0.0012197764590382576
1,0.011161401,0.006872231,"('intelligent', 'unintelligent')",0.0046072626,0.010602739,0.007884331978857517,0.00873748492449522,0.0008531529456377029
