,Digital_male,Digital_female,tuple,Realty_male,Realty_female,Trust_male,Trust_female,average_male,average_female,female-male
4,-0.13626768,-0.13055645,"('rational', 'irrational')",0.02181944,0.01759541,-0.019425986,-0.013134194,-0.044624740878740944,-0.04203174511591593,0.002592995762825012
6,-0.09819268,-0.09514702,"('capable', 'incapable')",-0.07620914,-0.06434299,-0.1105964,-0.09390199,-0.09499941269556682,-0.0844640036424001,0.010535409053166717
3,0.06055237,0.087995015,"('able', 'unable')",0.0037134718,0.001067681,0.10887621,0.123291165,0.05771401524543762,0.0707846184571584,0.01307060321172078
7,0.045566365,0.041944906,"('practical', 'impractical')",-0.039317068,-0.050735347,-0.0068705706,0.0014532756,-0.00020709106077750525,-0.0024457216883699098,-0.0022386306275924044
0,0.035084795,0.026985329,"('competent', 'incompetent')",0.048141032,0.06518263,-0.0057503134,-0.005969198,0.025825172662734985,0.02873292068640391,0.002907748023668926
2,-0.025926292,-0.03169127,"('intelligent', 'stupid')",0.08057999,0.07230626,-0.025893396,-0.040751908,0.009586766983071962,-4.563977320988973e-05,-0.009632406756281853
5,0.020927057,0.030094642,"('creative', 'uncreative')",-0.108653076,-0.106147446,-0.02192124,-0.041660763,-0.036549086372057595,-0.039237854381402336,-0.0026887680093447414
1,-0.009161901,-0.009048001,"('intelligent', 'unintelligent')",-0.008170877,-0.011758192,0.03046172,0.027639596,0.0043763139595588045,0.002277800813317299,-0.0020985131462415057
