,Discovery_male,Discovery_female,tuple,(Series_male,(Series_female,C)_male,C)_female,average_male,average_female,female-male
4,-0.08402467,-0.06960659,"('rational', 'irrational')",-0.009275301,-0.0032801246,0.023837721,0.020028595,-0.023154082397619884,-0.017619372655948002,0.005534709741671882
1,-0.060440663,-0.059600085,"('intelligent', 'unintelligent')",0.073426604,0.08122384,0.06674457,0.07243831,0.026576836903889973,0.03135402003924052,0.004777183135350544
3,0.06019798,0.07781756,"('able', 'unable')",0.18938757,0.20567372,0.030459715,0.044430364,0.09334842363993327,0.10930721958478291,0.01595879594484964
6,-0.030670045,-0.038639184,"('capable', 'incapable')",-0.1273014,-0.12917486,-0.05150457,-0.059213478,-0.06982533633708954,-0.07567584017912547,-0.005850503842035934
7,-0.030646745,-0.020786293,"('practical', 'impractical')",0.065900385,0.056685746,0.07935402,0.056123003,0.03820255398750305,0.030674152076244354,-0.0075284019112586975
0,0.028930806,0.026243774,"('competent', 'incompetent')",-0.06738322,-0.05771524,-0.10370773,-0.10003078,-0.04738671580950419,-0.04383408029874166,0.003552635510762528
5,-0.024401192,-0.03745285,"('creative', 'uncreative')",0.039136063,0.028269758,-0.023490516,0.018075036,-0.0029185482611258826,0.0029639812807242074,0.00588252954185009
2,0.0050333655,-0.013225293,"('intelligent', 'stupid')",-0.04360941,-0.050167516,0.0014192748,0.0034100767,-0.012385589381059011,-0.01999424397945404,-0.007608654598395029
