,Discover_male,Discover_female,tuple,Financial_male,Financial_female,Services_male,Services_female,average_male,average_female,female-male
5,-0.09459694,-0.115002386,"('creative', 'uncreative')",-0.13608731,-0.1424287,-0.006061723,-0.013786001,-0.07891532282034557,-0.09040569265683492,-0.01149036983648935
4,-0.07506636,-0.06956334,"('rational', 'irrational')",-0.05656872,-0.06376427,-0.003905393,0.005056871,-0.04518015185991923,-0.04275691012541453,0.0024232417345046997
0,0.041797094,0.036074396,"('competent', 'incompetent')",0.007329611,0.01521931,-0.11489722,-0.10913509,-0.021923504769802094,-0.019280460973580677,0.0026430437962214164
3,0.018744355,0.041525573,"('able', 'unable')",0.05265288,0.06768411,0.038890615,0.058799874,0.03676261752843857,0.056003183126449585,0.019240565598011017
1,-0.008051058,-0.00043005223,"('intelligent', 'unintelligent')",0.0011748647,0.003082894,0.08487477,0.0886893,0.025999526182810467,0.030447378754615784,0.004447852571805317
6,-0.0044110455,-0.0056575583,"('capable', 'incapable')",-0.054879494,-0.05356338,-0.11026695,-0.11131189,-0.05651916563510895,-0.05684427420298258,-0.00032510856787363457
2,-0.0029869718,0.0006201881,"('intelligent', 'stupid')",0.054200027,0.05260942,0.02319728,-0.007672766,0.024803444743156433,0.015185614426930746,-0.009617830316225687
7,0.0021660246,0.002812197,"('practical', 'impractical')",-0.012875622,-0.009891839,-0.011741714,-0.0031877963,-0.007483770449956258,-0.003422479455669721,0.004061290994286537
