,Discovery_male,Discovery_female,tuple,(Series_male,(Series_female,A)_male,A)_female,average_male,average_female,female-male
4,-0.08402467,-0.06960659,"('rational', 'irrational')",-0.009275301,-0.0032801246,0.06515643,0.033136457,-0.009381180008252462,-0.013250085214773813,-0.003868905206521351
1,-0.060440663,-0.059600085,"('intelligent', 'unintelligent')",0.073426604,0.08122384,0.12534745,0.12241906,0.04611113170782725,0.048014273246129356,0.0019031415383021083
3,0.06019798,0.07781756,"('able', 'unable')",0.18938757,0.20567372,0.065938644,0.082216226,0.10517473022143047,0.12190250555674235,0.01672777533531189
6,-0.030670045,-0.038639184,"('capable', 'incapable')",-0.1273014,-0.12917486,-0.11728098,-0.10834561,-0.09175081054369609,-0.09205321470896403,-0.00030240416526794434
7,-0.030646745,-0.020786293,"('practical', 'impractical')",0.065900385,0.056685746,0.0029052966,0.00568902,0.012719646096229553,0.013862824688355127,0.0011431785921255742
0,0.028930806,0.026243774,"('competent', 'incompetent')",-0.06738322,-0.05771524,-0.09084427,-0.09227567,-0.043098896741867065,-0.04124904672304789,0.0018498500188191755
5,-0.024401192,-0.03745285,"('creative', 'uncreative')",0.039136063,0.028269758,-0.035963476,-0.040092994,-0.007076201339562734,-0.01642536123593648,-0.009349159896373749
2,0.0050333655,-0.013225293,"('intelligent', 'stupid')",-0.04360941,-0.050167516,-0.012446848,-0.017661806,-0.017007630318403244,-0.02701820433139801,-0.010010574012994766
