,Dish_male,Dish_female,tuple,Network_male,Network_female,average_male,average_female,female-male
5,-0.1554117,-0.12194533,"('creative', 'uncreative')",-0.084092885,-0.08959333,-0.11975229531526566,-0.1057693287730217,0.013982966542243958
6,-0.11097258,-0.111157656,"('capable', 'incapable')",-0.06842585,-0.06369324,-0.08969921618700027,-0.08742544800043106,0.002273768186569214
3,0.08379412,0.096636415,"('able', 'unable')",0.04456536,0.052875333,0.06417974084615707,0.07475587725639343,0.010576136410236359
4,0.052132525,0.049726576,"('rational', 'irrational')",-0.01473,-0.014128842,0.018701262772083282,0.01779886707663536,-0.0009023956954479218
7,0.039935607,0.05512704,"('practical', 'impractical')",-0.057750937,-0.059482593,-0.008907664567232132,-0.0021777767688035965,0.0067298877984285355
2,0.013032291,-0.008817325,"('intelligent', 'stupid')",0.02022656,0.014277568,0.016629425808787346,0.0027301213704049587,-0.013899304438382387
1,0.011566992,0.010844273,"('intelligent', 'unintelligent')",-0.008865657,0.0038594208,0.0013506673276424408,0.007351846434175968,0.006001179106533527
0,0.0058907913,-0.019608196,"('competent', 'incompetent')",0.077861845,0.07661829,0.04187631979584694,0.028505047783255577,-0.013371272012591362
