,Dollar_male,Dollar_female,tuple,General_male,General_female,average_male,average_female,female-male
5,-0.15605745,-0.12918499,"('creative', 'uncreative')",-0.14865775,-0.1446393,-0.15235760807991028,-0.13691213726997375,0.015445470809936523
6,-0.08293113,-0.08691477,"('capable', 'incapable')",-0.08027931,-0.091940835,-0.0816052258014679,-0.08942779898643494,-0.007822573184967041
1,0.068294816,0.0636393,"('intelligent', 'unintelligent')",0.01734581,0.029211216,0.04282031208276749,0.04642525687813759,0.003604944795370102
3,0.06273468,0.084519334,"('able', 'unable')",0.113007404,0.11630477,0.08787104487419128,0.10041205585002899,0.012541010975837708
2,0.02045394,0.0019364156,"('intelligent', 'stupid')",0.010728114,-0.011725412,0.015591027215123177,-0.004894498270004988,-0.020485525485128164
4,0.0094384,0.0074464013,"('rational', 'irrational')",0.034784947,0.013816761,0.022111672908067703,0.010631580837070942,-0.011480092070996761
7,0.008961598,0.032030642,"('practical', 'impractical')",-0.04400658,-0.04611659,-0.01752248965203762,-0.007042974233627319,0.010479515418410301
0,0.0027715978,-0.014522305,"('competent', 'incompetent')",-0.003631816,0.03211596,-0.0004301090957596898,0.00879682693630457,0.009226936032064259
