,Dollar_male,Dollar_female,tuple,Tree_male,Tree_female,average_male,average_female,female-male
5,-0.15605745,-0.12918499,"('creative', 'uncreative')",-0.09476966,-0.0996735,-0.12541355192661285,-0.11442925035953522,0.010984301567077637
6,-0.08293113,-0.08691477,"('capable', 'incapable')",-0.119726025,-0.1126319,-0.10132858157157898,-0.0997733324766159,0.0015552490949630737
1,0.068294816,0.0636393,"('intelligent', 'unintelligent')",0.021787673,0.037625723,0.045041244477033615,0.05063251033425331,0.005591265857219696
3,0.06273468,0.084519334,"('able', 'unable')",0.093491524,0.11616377,0.07811310142278671,0.1003415510058403,0.02222844958305359
2,0.02045394,0.0019364156,"('intelligent', 'stupid')",0.004171827,-0.021328956,0.012312883511185646,-0.00969627033919096,-0.022009153850376606
4,0.0094384,0.0074464013,"('rational', 'irrational')",0.011972637,0.01055721,0.010705518536269665,0.009001805447041988,-0.0017037130892276764
7,0.008961598,0.032030642,"('practical', 'impractical')",0.0033463712,0.029800765,0.006153984926640987,0.030915703624486923,0.024761718697845936
0,0.0027715978,-0.014522305,"('competent', 'incompetent')",-0.019181728,-0.03647353,-0.008205065503716469,-0.025497917085886,-0.017292851582169533
