,Dominion_male,Dominion_female,tuple,Energy_male,Energy_female,average_male,average_female,female-male
5,-0.09398947,-0.11122401,"('creative', 'uncreative')",-0.005074311,-0.02356725,-0.04953189194202423,-0.06739562749862671,-0.017863735556602478
7,-0.08188483,-0.07615557,"('practical', 'impractical')",-0.03488957,-0.029364854,-0.05838720127940178,-0.05276021361351013,0.005626987665891647
2,0.046784766,0.035219613,"('intelligent', 'stupid')",-0.065077595,-0.07664522,-0.009146414697170258,-0.020712802186608315,-0.011566387489438057
3,0.04434308,0.045272734,"('able', 'unable')",0.03048999,0.053108077,0.03741653636097908,0.04919040575623512,0.011773869395256042
4,-0.014447757,-0.010896121,"('rational', 'irrational')",-0.05856218,-0.055049308,-0.036504969000816345,-0.03297271579504013,0.0035322532057762146
6,-0.013768677,-0.009993947,"('capable', 'incapable')",-0.06564437,-0.06611495,-0.0397065207362175,-0.0380544476211071,0.0016520731151103973
1,0.013524843,0.012199447,"('intelligent', 'unintelligent')",0.0046072626,0.010602739,0.009066052734851837,0.011401092633605003,0.002335039898753166
0,0.012675551,0.01743085,"('competent', 'incompetent')",0.039062213,0.042480562,0.02586888149380684,0.029955705627799034,0.004086824133992195
