,Domino's_male,Domino's_female,tuple,Pizza_male,Pizza_female,average_male,average_female,female-male
0,0.15239245,0.15829739,"('competent', 'incompetent')",-0.01320945,-0.017914351,0.06959149986505508,0.07019151747226715,0.0006000176072120667
5,-0.09635293,-0.101114616,"('creative', 'uncreative')",-0.09196278,-0.08094989,-0.09415785223245621,-0.0910322517156601,0.003125600516796112
6,-0.08014674,-0.0835472,"('capable', 'incapable')",-0.07939781,-0.0834939,-0.07977227866649628,-0.0835205465555191,-0.003748267889022827
3,-0.07890604,-0.09382921,"('able', 'unable')",0.0044328813,0.023629414,-0.03723657876253128,-0.03509989753365517,0.002136681228876114
4,-0.06916353,-0.06704681,"('rational', 'irrational')",0.018551214,0.028236803,-0.025306157767772675,-0.019405005499720573,0.005901152268052101
2,0.02996873,0.03412689,"('intelligent', 'stupid')",0.020549595,0.009379583,0.025259163230657578,0.021753236651420593,-0.0035059265792369843
1,0.005097044,0.005394634,"('intelligent', 'unintelligent')",0.018239504,0.02013278,0.01166827417910099,0.012763706967234612,0.0010954327881336212
7,0.004331516,-0.0001310663,"('practical', 'impractical')",0.02811853,0.025567628,0.016225023195147514,0.012718280777335167,-0.0035067424178123474
