,Dover_male,Dover_female,tuple,Corporation_male,Corporation_female,average_male,average_female,female-male
4,-0.1304299,-0.115694925,"('rational', 'irrational')",-0.006659922,-0.005100324,-0.0685449093580246,-0.06039762496948242,0.008147284388542175
5,-0.09485704,-0.09557361,"('creative', 'uncreative')",-0.08197817,-0.07486644,-0.08841760456562042,-0.08522002398967743,0.003197580575942993
6,0.04273719,0.024789479,"('capable', 'incapable')",-0.08914686,-0.09466634,-0.023204835131764412,-0.03493843227624893,-0.01173359714448452
0,-0.03565117,-0.03246976,"('competent', 'incompetent')",-0.0069387513,0.00029346623,-0.021294960752129555,-0.016088146716356277,0.005206814035773277
3,-0.03554188,-0.0038497685,"('able', 'unable')",0.02245296,0.04172615,-0.006544460542500019,0.01893819123506546,0.02548265177756548
1,0.021704325,0.022514975,"('intelligent', 'unintelligent')",0.025585327,0.033832077,0.0236448273062706,0.028173524886369705,0.004528697580099106
2,0.018145926,0.012653681,"('intelligent', 'stupid')",0.013934675,-0.0056333407,0.016040300950407982,0.0035101703833788633,-0.012530130567029119
7,0.004058467,0.005338613,"('practical', 'impractical')",0.058297187,0.0635866,0.0311778262257576,0.03446260839700699,0.0032847821712493896
