,Dow_male,Dow_female,tuple,average_male,average_female,female-male
5,-0.0882525,-0.09898308,"('creative', 'uncreative')",-0.08825249969959259,-0.09898307919502258,-0.010730579495429993
1,0.0518298,0.047489274,"('intelligent', 'unintelligent')",0.05182980000972748,0.04748927429318428,-0.004340525716543198
4,-0.043248635,-0.02901274,"('rational', 'irrational')",-0.04324863478541374,-0.029012739658355713,0.01423589512705803
7,-0.022660784,-0.017326225,"('practical', 'impractical')",-0.022660784423351288,-0.017326224595308304,0.005334559828042984
3,0.022326019,0.035909574,"('able', 'unable')",0.022326018661260605,0.03590957447886467,0.013583555817604065
2,0.013317557,-0.0010034281,"('intelligent', 'stupid')",0.01331755705177784,-0.001003428129479289,-0.014320985181257129
6,-0.0116395075,-0.022703191,"('capable', 'incapable')",-0.011639507487416267,-0.02270319126546383,-0.011063683778047562
0,-0.0060981517,0.009192008,"('competent', 'incompetent')",-0.006098151672631502,0.009192007593810558,0.01529015926644206
