,DTE_male,DTE_female,tuple,Energy_male,Energy_female,average_male,average_female,female-male
5,-0.09780903,-0.09709658,"('creative', 'uncreative')",-0.005074311,-0.02356725,-0.05144166946411133,-0.06033191457390785,-0.008890245109796524
6,-0.082907125,-0.07211617,"('capable', 'incapable')",-0.06564437,-0.06611495,-0.07427574694156647,-0.06911555677652359,0.005160190165042877
0,0.053155594,0.0620165,"('competent', 'incompetent')",0.039062213,0.042480562,0.046108901500701904,0.052248530089855194,0.00613962858915329
2,0.02471845,0.015441385,"('intelligent', 'stupid')",-0.065077595,-0.07664522,-0.020179573446512222,-0.03060191683471203,-0.010422343388199806
7,-0.020087408,-0.041378666,"('practical', 'impractical')",-0.03488957,-0.029364854,-0.02748848870396614,-0.03537175804376602,-0.007883269339799881
3,-0.016796038,-0.018838221,"('able', 'unable')",0.03048999,0.053108077,0.006846976466476917,0.017134927213191986,0.010287950746715069
1,0.016456455,0.023216385,"('intelligent', 'unintelligent')",0.0046072626,0.010602739,0.010531858541071415,0.016909562051296234,0.006377703510224819
4,0.013473158,0.0035164466,"('rational', 'irrational')",-0.05856218,-0.055049308,-0.022544510662555695,-0.02576643042266369,-0.003221919760107994
