,Duke_male,Duke_female,tuple,Energy_male,Energy_female,average_male,average_female,female-male
5,-0.18146683,-0.15601438,"('creative', 'uncreative')",-0.005074311,-0.02356725,-0.09327057003974915,-0.08979081362485886,0.0034797564148902893
3,0.14907436,0.11616742,"('able', 'unable')",0.03048999,0.053108077,0.08978217840194702,0.08463774621486664,-0.005144432187080383
6,-0.0605968,0.0034714378,"('capable', 'incapable')",-0.06564437,-0.06611495,-0.06312058866024017,-0.03132175654172897,0.0317988321185112
0,0.041419413,0.05706558,"('competent', 'incompetent')",0.039062213,0.042480562,0.0402408130466938,0.049773070961236954,0.009532257914543152
1,0.028745418,0.021080658,"('intelligent', 'unintelligent')",0.0046072626,0.010602739,0.016676340252161026,0.01584169827401638,-0.0008346419781446457
4,-0.01210658,-0.051685475,"('rational', 'irrational')",-0.05856218,-0.055049308,-0.035334378480911255,-0.05336739122867584,-0.018033012747764587
7,-0.008336041,-0.034463868,"('practical', 'impractical')",-0.03488957,-0.029364854,-0.021612806245684624,-0.0319143608212471,-0.010301554575562477
2,0.007413155,0.014959106,"('intelligent', 'stupid')",-0.065077595,-0.07664522,-0.028832219541072845,-0.030843056738376617,-0.002010837197303772
