,Duke_male,Duke_female,tuple,Realty_male,Realty_female,Corp_male,Corp_female,average_male,average_female,female-male
5,-0.18146683,-0.15601438,"('creative', 'uncreative')",-0.108653076,-0.106147446,-0.11412648,-0.11047702,-0.1347487966219584,-0.12421295046806335,0.010535846153895051
3,0.14907436,0.11616742,"('able', 'unable')",0.0037134718,0.001067681,0.0999496,0.11479322,0.08424581090609233,0.07734277347723643,-0.006903037428855896
6,-0.0605968,0.0034714378,"('capable', 'incapable')",-0.07620914,-0.06434299,-0.041310117,-0.038715057,-0.05937202274799347,-0.0331955353418986,0.02617648740609487
0,0.041419413,0.05706558,"('competent', 'incompetent')",0.048141032,0.06518263,0.013359732,0.0104339365,0.03430672734975815,0.0442273865143458,0.009920659164587654
1,0.028745418,0.021080658,"('intelligent', 'unintelligent')",-0.008170877,-0.011758192,0.0010721454,-0.007177876,0.007215562586983045,0.0007148631848394871,-0.006500699402143558
4,-0.01210658,-0.051685475,"('rational', 'irrational')",0.02181944,0.01759541,-0.0029861457,0.0074518984,0.002242238416026036,-0.008879388372103373,-0.011121626788129408
7,-0.008336041,-0.034463868,"('practical', 'impractical')",-0.039317068,-0.050735347,0.027091606,0.03626745,-0.006853834415475528,-0.01631058876713117,-0.00945675435165564
2,0.007413155,0.014959106,"('intelligent', 'stupid')",0.08057999,0.07230626,-0.012201122,-0.012562309,0.02526400734980901,0.024901017546653748,-0.0003629898031552621
