,DuPont_male,DuPont_female,tuple,average_male,average_female,female-male
5,-0.12250297,-0.14254375,"('creative', 'uncreative')",-0.12250296771526337,-0.1425437480211258,-0.020040780305862427
4,-0.08054,-0.074096896,"('rational', 'irrational')",-0.0805400013923645,-0.07409689575433731,0.006443105638027191
0,0.050858513,0.05773831,"('competent', 'incompetent')",0.0508585125207901,0.05773831158876419,0.006879799067974091
3,-0.041238215,-0.03646372,"('able', 'unable')",-0.0412382148206234,-0.036463718861341476,0.004774495959281921
2,0.038196623,0.027938858,"('intelligent', 'stupid')",0.0381966233253479,0.027938857674598694,-0.010257765650749207
6,-0.03589651,-0.025560835,"('capable', 'incapable')",-0.035896509885787964,-0.025560835376381874,0.01033567450940609
1,0.028906519,0.031398293,"('intelligent', 'unintelligent')",0.02890651859343052,0.03139829263091087,0.0024917740374803543
7,0.018056782,0.023151068,"('practical', 'impractical')",0.018056781962513924,0.02315106801688671,0.0050942860543727875
