,DXC_male,DXC_female,tuple,Technology_male,Technology_female,average_male,average_female,female-male
6,-0.068345584,-0.04681274,"('capable', 'incapable')",-0.082549855,-0.087200075,-0.07544772326946259,-0.06700640916824341,0.008441314101219177
5,-0.04227165,-0.03144197,"('creative', 'uncreative')",-0.13270712,-0.10357038,-0.08748938143253326,-0.06750617921352386,0.0199832022190094
7,-0.030421717,-0.049515385,"('practical', 'impractical')",-0.023970129,-0.020227615,-0.027195923030376434,-0.03487149998545647,-0.007675576955080032
0,0.02955194,0.039110113,"('competent', 'incompetent')",0.077857524,0.087146685,0.05370473116636276,0.06312839686870575,0.009423665702342987
2,0.028411921,0.027713241,"('intelligent', 'stupid')",0.0021123162,-0.013178409,0.01526211854070425,0.00726741598919034,-0.00799470255151391
3,-0.022459859,-0.013886567,"('able', 'unable')",-0.00589931,0.008344942,-0.014179584570229053,-0.002770812716335058,0.011408771853893995
1,0.0054796655,0.009230933,"('intelligent', 'unintelligent')",-0.017232906,-0.013442564,-0.005876620300114155,-0.0021058153361082077,0.003770804964005947
4,0.0047748266,-0.00573237,"('rational', 'irrational')",-0.063927725,-0.07325588,-0.02957644872367382,-0.03949412703514099,-0.00991767831146717
