,Eastman_male,Eastman_female,tuple,Chemical_male,Chemical_female,average_male,average_female,female-male
4,-0.14236014,-0.14410152,"('rational', 'irrational')",-0.016452115,-0.011592636,-0.07940612733364105,-0.07784707844257355,0.0015590488910675049
0,0.053331517,0.051559426,"('competent', 'incompetent')",-0.013269057,-0.012257118,0.02003123052418232,0.019651154056191444,-0.00038007646799087524
6,0.051516462,0.059154753,"('capable', 'incapable')",-0.058491934,-0.07381124,-0.0034877359867095947,-0.007328243926167488,-0.0038405079394578934
7,-0.044853594,-0.04999079,"('practical', 'impractical')",0.04603523,0.05373328,0.000590818002820015,0.0018712449818849564,0.0012804269790649414
5,-0.027769199,-0.027804771,"('creative', 'uncreative')",-0.120498076,-0.11084191,-0.07413363456726074,-0.0693233385682106,0.00481029599905014
2,-0.019609137,-0.019891044,"('intelligent', 'stupid')",0.060282197,0.041357774,0.020336531102657318,0.010733365081250668,-0.00960316602140665
3,-0.014914239,-0.013914379,"('able', 'unable')",0.044611927,0.08571239,0.014848844148218632,0.03589900583028793,0.0210501616820693
1,-0.007664448,-0.005272002,"('intelligent', 'unintelligent')",-0.006630282,0.0004291888,-0.007147365249693394,-0.00242140656337142,0.004725958686321974
