,Eaton_male,Eaton_female,tuple,Corporation_male,Corporation_female,average_male,average_female,female-male
4,-0.06543192,-0.049248993,"('rational', 'irrational')",-0.006659922,-0.005100324,-0.036045923829078674,-0.027174659073352814,0.00887126475572586
2,0.03206761,0.022555528,"('intelligent', 'stupid')",0.013934675,-0.0056333407,0.02300114370882511,0.00846109353005886,-0.01454005017876625
0,-0.028790904,-0.01776151,"('competent', 'incompetent')",-0.0069387513,0.00029346623,-0.017864827066659927,-0.0087340222671628,0.009130804799497128
7,-0.02301588,-0.021859907,"('practical', 'impractical')",0.058297187,0.0635866,0.017640653997659683,0.020863346755504608,0.003222692757844925
5,-0.01838409,-0.044616252,"('creative', 'uncreative')",-0.08197817,-0.07486644,-0.050181131809949875,-0.059741344302892685,-0.00956021249294281
6,0.017535541,-0.013605368,"('capable', 'incapable')",-0.08914686,-0.09466634,-0.035805657505989075,-0.05413585528731346,-0.018330197781324387
3,-0.010178105,0.037179034,"('able', 'unable')",0.02245296,0.04172615,0.006137427408248186,0.03945259004831314,0.033315162640064955
1,0.001634736,0.015788967,"('intelligent', 'unintelligent')",0.025585327,0.033832077,0.013610031455755234,0.02481052279472351,0.011200491338968277
