,eBay_male,eBay_female,tuple,average_male,average_female,female-male
0,0.080377415,0.088681445,"('competent', 'incompetent')",0.08037741482257843,0.08868144452571869,0.008304029703140259
5,-0.07480677,-0.09034212,"('creative', 'uncreative')",-0.07480677217245102,-0.09034211933612823,-0.015535347163677216
7,-0.038807202,-0.035632484,"('practical', 'impractical')",-0.03880720213055611,-0.035632483661174774,0.0031747184693813324
3,-0.037984572,-0.025311008,"('able', 'unable')",-0.03798457235097885,-0.025311008095741272,0.01267356425523758
4,-0.030786222,-0.021896392,"('rational', 'irrational')",-0.030786221846938133,-0.021896392107009888,0.008889829739928246
6,0.023979958,0.014876157,"('capable', 'incapable')",0.02397995814681053,0.01487615704536438,-0.009103801101446152
2,0.020413728,0.018772157,"('intelligent', 'stupid')",0.020413728430867195,0.018772156909108162,-0.0016415715217590332
1,-7.2153874e-05,-0.0012651965,"('intelligent', 'unintelligent')",-7.215387449832633e-05,-0.0012651964789256454,-0.001193042604427319
