,Ecolab_male,Ecolab_female,tuple,average_male,average_female,female-male
0,0.068072975,0.06575125,"('competent', 'incompetent')",0.06807297468185425,0.06575124710798264,-0.0023217275738716125
6,-0.057844963,-0.06138321,"('capable', 'incapable')",-0.05784496292471886,-0.0613832101225853,-0.00353824719786644
1,-0.04140353,-0.036576536,"('intelligent', 'unintelligent')",-0.041403528302907944,-0.0365765355527401,0.004826992750167847
5,-0.039624777,-0.043909173,"('creative', 'uncreative')",-0.03962477669119835,-0.04390917345881462,-0.004284396767616272
7,-0.036199693,-0.039829664,"('practical', 'impractical')",-0.03619969263672829,-0.039829663932323456,-0.003629971295595169
3,0.029414674,0.042639192,"('able', 'unable')",0.029414674267172813,0.04263919219374657,0.013224517926573753
4,-0.02680835,-0.020993046,"('rational', 'irrational')",-0.026808349415659904,-0.020993046462535858,0.005815302953124046
2,0.012086514,0.005940172,"('intelligent', 'stupid')",0.012086514383554459,0.005940171889960766,-0.006146342493593693
