,Edison_male,Edison_female,tuple,International_male,International_female,average_male,average_female,female-male
4,-0.10757154,-0.082983375,"('rational', 'irrational')",0.027949685,0.019367075,-0.03981092944741249,-0.03180814906954765,0.008002780377864838
0,0.063689396,0.056140386,"('competent', 'incompetent')",-0.0115038045,-0.0039770664,0.02609279565513134,0.026081658899784088,-1.1136755347251892e-05
7,-0.042792786,-0.03356451,"('practical', 'impractical')",0.008239,0.000655524,-0.017276892438530922,-0.01645449362695217,0.0008223988115787506
3,-0.034468453,-0.004411528,"('able', 'unable')",0.1131766,0.09824854,0.03935407102108002,0.04691850766539574,0.00756443664431572
5,0.029789824,0.029852085,"('creative', 'uncreative')",-0.12200729,-0.11464056,-0.046108730137348175,-0.042394235730171204,0.0037144944071769714
2,0.02319952,0.009191761,"('intelligent', 'stupid')",0.0011695327,-0.0063489676,0.012184525839984417,0.0014213966205716133,-0.010763129219412804
6,-0.022433817,-0.015621611,"('capable', 'incapable')",-0.11211831,-0.09682173,-0.06727606058120728,-0.056221671402454376,0.0110543891787529
1,0.008129653,0.013449503,"('intelligent', 'unintelligent')",-0.026011018,-0.014023297,-0.008940682746469975,-0.000286896713078022,0.008653786033391953
