,Edwards_male,Edwards_female,tuple,Lifesciences_male,Lifesciences_female,average_male,average_female,female-male
5,-0.0953572,-0.10840692,"('creative', 'uncreative')",-0.024448974,-0.026120273,-0.059903088957071304,-0.06726359575986862,-0.0073605068027973175
4,-0.07722851,-0.06978377,"('rational', 'irrational')",0.00493789,0.009352699,-0.03614531084895134,-0.030215535312891006,0.005929775536060333
2,0.028612232,0.0109773055,"('intelligent', 'stupid')",-0.030140134,-0.04287127,-0.0007639508694410324,-0.01594698242843151,-0.015183031558990479
3,0.028535018,0.05597387,"('able', 'unable')",-0.041050006,-0.02384259,-0.006257493980228901,0.01606563851237297,0.02232313249260187
0,0.01749157,0.028753716,"('competent', 'incompetent')",0.07616561,0.0754408,0.04682859033346176,0.05209726095199585,0.005268670618534088
6,0.014970539,0.009808602,"('capable', 'incapable')",0.010689443,0.013148942,0.012829991057515144,0.011478772386908531,-0.0013512186706066132
1,-0.01489641,-0.0076437234,"('intelligent', 'unintelligent')",-0.025682947,-0.02172678,-0.020289678126573563,-0.014685251750051975,0.005604426376521587
7,-7.8056335e-05,0.011012803,"('practical', 'impractical')",-0.08954932,-0.09434913,-0.04481368884444237,-0.04166816547513008,0.0031455233693122864
