,Electronic_male,Electronic_female,tuple,Arts_male,Arts_female,average_male,average_female,female-male
6,-0.12833995,-0.124918565,"('capable', 'incapable')",-0.07377196,-0.06935548,-0.10105594992637634,-0.09713701903820038,0.003918930888175964
7,0.074495755,0.08265659,"('practical', 'impractical')",-0.024235431,-0.02613643,0.02513016201555729,0.028260082006454468,0.0031299199908971786
5,-0.056244474,-0.047197007,"('creative', 'uncreative')",-0.019650787,0.019701941,-0.0379476323723793,-0.013747532851994038,0.024200099520385265
3,0.03256044,0.060593694,"('able', 'unable')",0.05325266,0.06139015,0.04290655255317688,0.06099192053079605,0.01808536797761917
4,-0.028815823,-0.020862494,"('rational', 'irrational')",-0.17785133,-0.20424885,-0.10333357751369476,-0.11255566775798798,-0.009222090244293213
0,0.027048144,0.02715832,"('competent', 'incompetent')",0.041842904,0.05034137,0.03444552421569824,0.03874984383583069,0.004304319620132446
2,-0.011027473,-0.02519377,"('intelligent', 'stupid')",-0.03926036,-0.06714645,-0.02514391764998436,-0.046170108020305634,-0.021026190370321274
1,-0.007816312,-0.006572642,"('intelligent', 'unintelligent')",0.023804339,0.027788686,0.007994012907147408,0.010608022101223469,0.0026140091940760612
