,Eli_male,Eli_female,tuple,Lilly_male,Lilly_female,&_male,&_female,Co_male,Co_female,average_male,average_female,female-male
5,-0.10758461,-0.11383058,"('creative', 'uncreative')",-0.06698649,-0.091482714,-0.043580506,-0.054771464,-0.07869411,-0.048653126,-0.07421142607927322,-0.07718446850776672,-0.0029730424284934998
1,0.049422212,0.031791534,"('intelligent', 'unintelligent')",0.018820953,0.020371825,0.045052934,0.049999837,-0.00039570028,0.008197637,0.028225097805261612,0.027590207755565643,-0.0006348900496959686
0,0.044632338,0.026213827,"('competent', 'incompetent')",0.054940436,0.060853586,-0.009155776,0.0012747109,0.007384873,0.0031562082,0.02445046789944172,0.022874582558870316,-0.0015758853405714035
7,-0.041106977,-0.02497571,"('practical', 'impractical')",-0.04675331,-0.042930126,-0.048612878,-0.06842974,-0.026805095,-0.026016017,-0.04081956297159195,-0.0405878983438015,0.00023166462779045105
6,-0.016556237,-0.02612257,"('capable', 'incapable')",-0.042783637,-0.06414986,-0.01493015,-0.0071977274,-0.019586107,-0.03916046,-0.023464033380150795,-0.034157656133174896,-0.010693622753024101
4,-0.016366856,-0.017339474,"('rational', 'irrational')",-0.016946089,-0.0008144775,-0.13764003,-0.14945811,-0.03256183,-0.014090424,-0.050878703594207764,-0.045425619930028915,0.005453083664178848
3,-0.010620647,0.046087917,"('able', 'unable')",0.016688423,0.0409158,0.04109473,0.042220853,0.093232185,0.11701552,0.03509867191314697,0.061560019850730896,0.026461347937583923
2,0.009264306,0.011516988,"('intelligent', 'stupid')",0.014282868,0.015806608,0.051717956,0.04445349,0.037940238,0.0067780735,0.028301343321800232,0.019638791680336,-0.008662551641464233
