,Emerson_male,Emerson_female,tuple,Electric_male,Electric_female,Company_male,Company_female,average_male,average_female,female-male
2,0.09530346,0.09416342,"('intelligent', 'stupid')",-4.644655e-05,-0.020719552,0.032683164,0.012360053,0.04264672597249349,0.028601306180159252,-0.01404541979233424
4,-0.09056699,-0.08808023,"('rational', 'irrational')",-0.029140668,-0.028673075,0.017195245,0.005020061,-0.0341708039244016,-0.03724441428979238,-0.0030736103653907776
5,-0.0900386,-0.11781781,"('creative', 'uncreative')",-0.0006147137,0.002010007,-0.10418273,-0.096098416,-0.0649453451236089,-0.07063540816307068,-0.005690063039461776
7,-0.04293091,-0.03613549,"('practical', 'impractical')",0.038852498,0.044588745,0.06996697,0.06634621,0.021962853769461315,0.024933154384295147,0.002970300614833832
0,0.028399622,0.037925098,"('competent', 'incompetent')",-0.0012769358,0.010272332,-0.022272779,-9.499664e-05,0.001616635670264562,0.016034144908189774,0.014417509237925211
6,-0.0072861826,-0.02127291,"('capable', 'incapable')",-0.1405225,-0.13152732,-0.10877178,-0.11490957,-0.08552681406339009,-0.08923659722010295,-0.003709783156712859
3,-0.0062708156,0.0020584944,"('able', 'unable')",0.1140415,0.14348763,0.060346927,0.06603282,0.05603920420010885,0.0705263117949168,0.014487107594807945
1,0.001761273,0.014616541,"('intelligent', 'unintelligent')",-0.010765913,0.0005947954,0.023542136,0.03339987,0.004845832164088885,0.016203735023736954,0.011357902859648068
