,Enphase_male,Enphase_female,tuple,Energy_male,Energy_female,average_male,average_female,female-male
4,0.1024829,0.0946926,"('rational', 'irrational')",-0.05856218,-0.055049308,0.021960360929369926,0.019821647554636,-0.002138713374733925
0,0.06522272,0.065177396,"('competent', 'incompetent')",0.039062213,0.042480562,0.052142463624477386,0.053828977048397064,0.0016865134239196777
2,-0.0430138,-0.058008797,"('intelligent', 'stupid')",-0.065077595,-0.07664522,-0.054045699536800385,-0.06732700765132904,-0.013281308114528656
3,0.022788508,0.03287686,"('able', 'unable')",0.03048999,0.053108077,0.026639249175786972,0.04299246892333031,0.016353219747543335
7,-0.020641528,-0.011446497,"('practical', 'impractical')",-0.03488957,-0.029364854,-0.02776554971933365,-0.02040567621588707,0.007359873503446579
6,-0.02007459,-0.0027268096,"('capable', 'incapable')",-0.06564437,-0.06611495,-0.042859479784965515,-0.03442087769508362,0.008438602089881897
1,0.008986936,-0.015612918,"('intelligent', 'unintelligent')",0.0046072626,0.010602739,0.006797099485993385,-0.002505089621990919,-0.009302189107984304
5,-0.0053596054,-0.008004672,"('creative', 'uncreative')",-0.005074311,-0.02356725,-0.005216958001255989,-0.015785960480570793,-0.010569002479314804
