,Entergy_male,Entergy_female,tuple,average_male,average_female,female-male
4,0.14482604,0.12927824,"('rational', 'irrational')",0.1448260396718979,0.1292782425880432,-0.015547797083854675
6,-0.07244169,-0.0528716,"('capable', 'incapable')",-0.07244168967008591,-0.05287159979343414,0.019570089876651764
3,0.069861576,0.08124976,"('able', 'unable')",0.06986157596111298,0.08124975860118866,0.011388182640075684
2,-0.02330595,-0.029336272,"('intelligent', 'stupid')",-0.023305950686335564,-0.029336271807551384,-0.00603032112121582
5,-0.019536309,-0.01326291,"('creative', 'uncreative')",-0.01953630894422531,-0.013262909837067127,0.006273399107158184
0,0.018388258,0.04194822,"('competent', 'incompetent')",0.018388258293271065,0.04194822162389755,0.023559963330626488
1,-0.0151563445,-0.023045141,"('intelligent', 'unintelligent')",-0.015156344510614872,-0.023045141249895096,-0.007888796739280224
7,-6.379852e-05,-0.03116124,"('practical', 'impractical')",-6.379852129612118e-05,-0.031161239370703697,-0.031097440849407576
