,EOG_male,EOG_female,tuple,Resources_male,Resources_female,average_male,average_female,female-male
4,-0.102875315,-0.08027827,"('rational', 'irrational')",-0.03905047,-0.047962878,-0.07096289098262787,-0.0641205757856369,0.006842315196990967
7,-0.08528912,-0.095953465,"('practical', 'impractical')",-0.044332504,-0.060061764,-0.06481081247329712,-0.07800761610269547,-0.013196803629398346
2,0.06288368,0.046345,"('intelligent', 'stupid')",0.013390377,-0.0058453376,0.038137029856443405,0.020249830558896065,-0.01788719929754734
0,0.06030906,0.052622907,"('competent', 'incompetent')",-0.006946517,0.007390097,0.026681270450353622,0.03000650182366371,0.003325231373310089
5,-0.04063349,-0.021428585,"('creative', 'uncreative')",-0.0323723,-0.027405033,-0.0365028940141201,-0.024416808038949966,0.012086085975170135
1,0.019757744,0.02194516,"('intelligent', 'unintelligent')",0.05498752,0.048686307,0.03737263381481171,0.03531573340296745,-0.0020569004118442535
3,0.0128056165,0.015603591,"('able', 'unable')",0.086155824,0.103741065,0.04948072135448456,0.05967232584953308,0.010191604495048523
6,-0.009631467,-0.018008694,"('capable', 'incapable')",-0.11562912,-0.110482484,-0.062630295753479,-0.06424558907747269,-0.0016152933239936829
