,Equifax_male,Equifax_female,tuple,average_male,average_female,female-male
7,-0.11873381,-0.11965358,"('practical', 'impractical')",-0.11873380839824677,-0.11965358257293701,-0.0009197741746902466
0,0.10648535,0.10751497,"('competent', 'incompetent')",0.10648535192012787,0.10751497000455856,0.0010296180844306946
5,-0.067501,-0.06891239,"('creative', 'uncreative')",-0.067501001060009,-0.06891238689422607,-0.0014113858342170715
4,0.032230783,0.029692426,"('rational', 'irrational')",0.03223078325390816,0.029692426323890686,-0.0025383569300174713
6,0.030974083,0.031008244,"('capable', 'incapable')",0.03097408264875412,0.031008243560791016,3.416091203689575e-05
1,0.028905405,0.01734169,"('intelligent', 'unintelligent')",0.02890540473163128,0.01734169013798237,-0.01156371459364891
2,0.013510451,0.005805274,"('intelligent', 'stupid')",0.013510450720787048,0.0058052740059792995,-0.007705176714807749
3,0.0031329077,0.022237675,"('able', 'unable')",0.003132907673716545,0.02223767526447773,0.019104767590761185
