,Equinix_male,Equinix_female,tuple,average_male,average_female,female-male
0,0.12093438,0.13679816,"('competent', 'incompetent')",0.1209343820810318,0.13679815828800201,0.015863776206970215
7,-0.08099366,-0.08110994,"('practical', 'impractical')",-0.0809936597943306,-0.08110994100570679,-0.00011628121137619019
5,-0.06999391,-0.040407274,"('creative', 'uncreative')",-0.06999391317367554,-0.040407273918390274,0.029586639255285263
3,-0.040286228,-0.032483272,"('able', 'unable')",-0.04028622806072235,-0.03248327225446701,0.007802955806255341
2,0.038580734,0.010316699,"('intelligent', 'stupid')",0.03858073428273201,0.0103166988119483,-0.02826403547078371
4,-0.033044305,-0.03846744,"('rational', 'irrational')",-0.03304430469870567,-0.038467440754175186,-0.005423136055469513
6,-0.025047388,-0.03330628,"('capable', 'incapable')",-0.025047387927770615,-0.03330627828836441,-0.008258890360593796
1,0.006082762,0.0053018737,"('intelligent', 'unintelligent')",0.006082762032747269,0.005301873665302992,-0.0007808883674442768
