,Equity_male,Equity_female,tuple,Residential_male,Residential_female,average_male,average_female,female-male
4,-0.062426455,-0.05854199,"('rational', 'irrational')",-0.01760462,-0.029285675,-0.04001553729176521,-0.043913833796978,-0.003898296505212784
5,-0.052633476,-0.05152425,"('creative', 'uncreative')",-0.1300883,-0.108910814,-0.09136088937520981,-0.08021753281354904,0.011143356561660767
3,0.05210429,0.06848015,"('able', 'unable')",0.06676671,0.083203584,0.05943550169467926,0.07584186643362045,0.016406364738941193
6,-0.048003603,-0.04757119,"('capable', 'incapable')",-0.13124603,-0.123086035,-0.0896248146891594,-0.085328608751297,0.004296205937862396
2,0.01623321,-0.011581747,"('intelligent', 'stupid')",0.07444908,0.056022976,0.045341141521930695,0.022220615297555923,-0.02312052622437477
7,-0.015768385,-0.0110340305,"('practical', 'impractical')",0.045088146,0.035545036,0.0146598806604743,0.012255502864718437,-0.002404377795755863
0,0.0082311155,0.019723296,"('competent', 'incompetent')",-0.054641202,-0.04102526,-0.023205043748021126,-0.010650981217622757,0.012554062530398369
1,0.0066300593,0.0064538843,"('intelligent', 'unintelligent')",0.04734942,0.05094158,0.026989739388227463,0.028697730973362923,0.00170799158513546
