,Essex_male,Essex_female,tuple,Property_male,Property_female,Trust_male,Trust_female,average_male,average_female,female-male
4,-0.07844215,-0.067974396,"('rational', 'irrational')",-0.02030995,-0.027394589,-0.019425986,-0.013134194,-0.03939269483089447,-0.036167725920677185,0.003224968910217285
0,-0.07104686,-0.06413157,"('competent', 'incompetent')",-0.041948255,-0.031188386,-0.0057503134,-0.005969198,-0.039581810434659324,-0.03376305103302002,0.005818759401639305
3,0.032948676,0.07433057,"('able', 'unable')",0.10039386,0.122434035,0.10887621,0.123291165,0.08073958257834117,0.1066852609316508,0.02594567835330963
2,0.031071696,0.010175974,"('intelligent', 'stupid')",0.07304088,0.061685424,-0.025893396,-0.040751908,0.026073060929775238,0.010369831075270971,-0.015703229854504265
5,-0.025041377,-0.03396461,"('creative', 'uncreative')",-0.025913771,-0.0088060675,-0.02192124,-0.041660763,-0.02429212878147761,-0.028143813212712605,-0.003851684431234993
6,0.022291314,-0.00013599105,"('capable', 'incapable')",-0.06815749,-0.074386895,-0.1105964,-0.09390199,-0.05215419332186381,-0.05614162484804789,-0.003987431526184082
7,-0.0055513186,-0.0032773602,"('practical', 'impractical')",0.0085153105,0.003303351,-0.0068705706,0.0014532756,-0.0013021929189562798,0.0004930888147403797,0.0017952817336966596
1,0.0043385033,0.0119052045,"('intelligent', 'unintelligent')",0.020515094,0.018539304,0.03046172,0.027639596,0.018438438574473064,0.019361368070046108,0.0009229294955730438
