,Estée_male,Estée_female,tuple,Lauder_male,Lauder_female,Companies_male,Companies_female,average_male,average_female,female-male
5,-0.13904807,-0.15165766,"('creative', 'uncreative')",-0.117595784,-0.14466214,-0.054621387,-0.052113697,-0.10375508666038513,-0.11614449818929036,-0.012389411528905228
0,0.10861193,0.116944455,"('competent', 'incompetent')",0.07533524,0.103801794,-0.03707501,-0.021511063,0.048957387606302895,0.06641172866026561,0.017454341053962714
6,0.055409446,0.05273916,"('capable', 'incapable')",0.023433741,0.03229039,-0.10498464,-0.10774191,-0.008713816603024801,-0.007570785780747731,0.00114303082227707
3,-0.04947724,-0.050022043,"('able', 'unable')",0.02204475,0.002041148,0.01578776,0.023329385,-0.0038815761605898538,-0.00821717083454132,-0.0043355946739514675
7,-0.032440137,-0.03197927,"('practical', 'impractical')",-0.07294679,-0.088505305,0.048505656,0.053407084,-0.01896042376756668,-0.02235916256904602,-0.0033987388014793396
4,-0.022412186,-0.016823705,"('rational', 'irrational')",-0.054795846,-0.05556586,-0.021590585,-0.031877685,-0.032932872573534645,-0.03475575149059296,-0.0018228789170583112
2,-0.009387893,-0.020236002,"('intelligent', 'stupid')",0.01884986,0.016637856,0.017323487,-0.0041556205,0.008928485214710236,-0.0025845888691643872,-0.011513074083874622
1,-0.0055883485,-0.001865025,"('intelligent', 'unintelligent')",-0.0018914845,-0.01000738,0.049375955,0.057373043,0.013965374479691187,0.015166879942019781,0.001201505462328594
