,Etsy_male,Etsy_female,tuple,average_male,average_female,female-male
5,-0.07961235,-0.08677581,"('creative', 'uncreative')",-0.0796123519539833,-0.08677580952644348,-0.0071634575724601746
3,0.050972592,0.041909043,"('able', 'unable')",0.0509725920855999,0.04190904274582863,-0.00906354933977127
0,0.046689264,0.060780514,"('competent', 'incompetent')",0.046689264476299286,0.060780514031648636,0.01409124955534935
6,-0.046679437,-0.036028907,"('capable', 'incapable')",-0.04667943716049194,-0.0360289067029953,0.010650530457496643
4,0.045268506,0.04079711,"('rational', 'irrational')",0.045268505811691284,0.04079711064696312,-0.004471395164728165
2,-0.027015597,-0.037478946,"('intelligent', 'stupid')",-0.027015596628189087,-0.03747894614934921,-0.010463349521160126
1,0.021915521,0.013665695,"('intelligent', 'unintelligent')",0.02191552147269249,0.013665694743394852,-0.008249826729297638
7,-0.0033213468,-0.031070422,"('practical', 'impractical')",-0.003321346826851368,-0.031070422381162643,-0.027749075554311275
