,Evergy_male,Evergy_female,tuple,average_male,average_female,female-male
0,0.0873426,0.0986383,"('competent', 'incompetent')",0.08734259754419327,0.09863830357789993,0.011295706033706665
7,-0.0537607,-0.07657231,"('practical', 'impractical')",-0.053760699927806854,-0.07657230645418167,-0.022811606526374817
3,0.028985592,0.035220925,"('able', 'unable')",0.02898559160530567,0.0352209247648716,0.006235333159565926
6,-0.026629848,-0.0020304294,"('capable', 'incapable')",-0.026629848405718803,-0.002030429430305958,0.024599418975412846
2,-0.023253955,-0.030895894,"('intelligent', 'stupid')",-0.02325395494699478,-0.030895894393324852,-0.0076419394463300705
4,0.023012884,0.008173779,"('rational', 'irrational')",0.023012883961200714,0.008173778653144836,-0.014839105308055878
5,-0.019510446,-0.03895107,"('creative', 'uncreative')",-0.01951044611632824,-0.03895106911659241,-0.019440623000264168
1,-0.010564907,-0.012514308,"('intelligent', 'unintelligent')",-0.01056490745395422,-0.012514308094978333,-0.0019494006410241127
