,Everest_male,Everest_female,tuple,Re_male,Re_female,average_male,average_female,female-male
2,0.12539046,0.105118915,"('intelligent', 'stupid')",0.046808325,0.01098712,0.08609938621520996,0.058053016662597656,-0.028046369552612305
5,-0.11606104,-0.11158125,"('creative', 'uncreative')",-0.066199005,-0.023872817,-0.09113001823425293,-0.06772703677415848,0.023402981460094452
4,-0.09667532,-0.08810315,"('rational', 'irrational')",-0.015409021,-0.002550528,-0.05604217201471329,-0.0453268401324749,0.010715331882238388
3,0.0917752,0.10007991,"('able', 'unable')",0.028761132,0.040493973,0.06026816740632057,0.07028694450855255,0.01001877710223198
7,-0.06985012,-0.07551784,"('practical', 'impractical')",-0.03508918,-0.03095052,-0.0524696484208107,-0.05323418229818344,-0.0007645338773727417
0,0.060697597,0.053329065,"('competent', 'incompetent')",0.020212391,0.010131085,0.04045499488711357,0.03173007443547249,-0.008724920451641083
1,-0.022987831,-0.017095102,"('intelligent', 'unintelligent')",0.041104924,0.030852705,0.009058546274900436,0.006878801621496677,-0.002179744653403759
6,-0.018875921,-0.017096912,"('capable', 'incapable')",-0.051105205,-0.07780848,-0.03499056398868561,-0.04745269566774368,-0.012462131679058075
