,Eversource_male,Eversource_female,tuple,Energy_male,Energy_female,average_male,average_female,female-male
3,0.051802263,0.06322932,"('able', 'unable')",0.03048999,0.053108077,0.04114612564444542,0.05816870182752609,0.017022576183080673
2,0.040748946,0.013471631,"('intelligent', 'stupid')",-0.065077595,-0.07664522,-0.012164324522018433,-0.031586792320013046,-0.019422467797994614
5,-0.034556165,-0.031192401,"('creative', 'uncreative')",-0.005074311,-0.02356725,-0.019815238192677498,-0.027379825711250305,-0.007564587518572807
7,-0.031913795,-0.026308361,"('practical', 'impractical')",-0.03488957,-0.029364854,-0.03340168297290802,-0.02783660776913166,0.0055650752037763596
4,0.022415133,0.029476972,"('rational', 'irrational')",-0.05856218,-0.055049308,-0.018073521554470062,-0.012786167673766613,0.005287353880703449
0,0.017299581,0.02914422,"('competent', 'incompetent')",0.039062213,0.042480562,0.02818089723587036,0.035812392830848694,0.0076314955949783325
6,0.01001866,-0.003587835,"('capable', 'incapable')",-0.06564437,-0.06611495,-0.027812853455543518,-0.03485139086842537,-0.007038537412881851
1,0.00014685473,-0.010258366,"('intelligent', 'unintelligent')",0.0046072626,0.010602739,0.0023770586121827364,0.00017218617722392082,-0.0022048724349588156
