,Exelon_male,Exelon_female,tuple,average_male,average_female,female-male
5,-0.13487895,-0.12020425,"('creative', 'uncreative')",-0.1348789483308792,-0.12020424753427505,0.014674700796604156
0,0.07262591,0.07971564,"('competent', 'incompetent')",0.07262591272592545,0.07971563935279846,0.007089726626873016
7,-0.06047385,-0.057418123,"('practical', 'impractical')",-0.06047385185956955,-0.05741812288761139,0.0030557289719581604
3,-0.060418937,-0.046603333,"('able', 'unable')",-0.06041893735527992,-0.046603333204984665,0.013815604150295258
2,0.023158422,0.0092532635,"('intelligent', 'stupid')",0.023158421739935875,0.009253263473510742,-0.013905158266425133
1,0.021695444,0.006967876,"('intelligent', 'unintelligent')",0.021695444360375404,0.006967876106500626,-0.014727568253874779
4,-0.010764189,0.0012530767,"('rational', 'irrational')",-0.010764189064502716,0.0012530767126008868,0.012017265777103603
6,0.010086719,0.015098841,"('capable', 'incapable')",0.010086718946695328,0.015098840929567814,0.005012121982872486
