,Expeditors_male,Expeditors_female,tuple,average_male,average_female,female-male
4,0.11475042,0.09586873,"('rational', 'irrational')",0.11475042253732681,0.09586872905492783,-0.018881693482398987
6,-0.110872194,-0.07779944,"('capable', 'incapable')",-0.11087219417095184,-0.07779943943023682,0.03307275474071503
3,0.038017437,0.046468996,"('able', 'unable')",0.03801743686199188,0.04646899551153183,0.008451558649539948
5,0.034783345,0.04114268,"('creative', 'uncreative')",0.034783344715833664,0.04114267975091934,0.006359335035085678
2,-0.029354347,-0.04708677,"('intelligent', 'stupid')",-0.02935434691607952,-0.047086771577596664,-0.017732424661517143
1,0.014725463,0.014961208,"('intelligent', 'unintelligent')",0.014725463464856148,0.01496120821684599,0.00023574475198984146
0,0.0024160165,0.013737924,"('competent', 'incompetent')",0.002416016533970833,0.01373792439699173,0.011321907863020897
7,-0.00019815627,-0.028231459,"('practical', 'impractical')",-0.00019815626728814095,-0.028231458738446236,-0.028033302471158095
