,Expedia_male,Expedia_female,tuple,Group_male,Group_female,average_male,average_female,female-male
0,0.062397525,0.056194037,"('competent', 'incompetent')",-0.018240994,-0.013088708,0.022078264504671097,0.021552665159106255,-0.0005255993455648422
4,0.050851684,0.05471772,"('rational', 'irrational')",0.003967365,-0.004109691,0.027409523725509644,0.02530401386320591,-0.002105509862303734
3,-0.04683083,-0.025916176,"('able', 'unable')",0.07223469,0.08965085,0.012701930478215218,0.031867336481809616,0.0191654060035944
7,-0.0456583,-0.058254465,"('practical', 'impractical')",0.07082706,0.06171128,0.012584378942847252,0.0017284080386161804,-0.010855970904231071
6,-0.028842755,-0.01818953,"('capable', 'incapable')",-0.1054052,-0.10317491,-0.06712397933006287,-0.06068222224712372,0.006441757082939148
1,-0.026821194,-0.031313878,"('intelligent', 'unintelligent')",0.021084711,0.026755482,-0.0028682416304945946,-0.002279197797179222,0.0005890438333153725
2,0.0100015085,-0.008105516,"('intelligent', 'stupid')",0.006392564,0.0035066525,0.008197036571800709,-0.0022994319442659616,-0.01049646851606667
5,-0.002600255,0.011208257,"('creative', 'uncreative')",-0.045939427,-0.050667785,-0.024269841611385345,-0.01972976326942444,0.004540078341960907
