,Extra_male,Extra_female,tuple,Space_male,Space_female,Storage_male,Storage_female,average_male,average_female,female-male
6,-0.09662547,-0.0831615,"('capable', 'incapable')",-0.049977057,-0.06009994,-0.058736816,-0.051555734,-0.06844644745190938,-0.06493906180063884,0.0035073856512705393
3,0.08552335,0.09261255,"('able', 'unable')",0.014964296,0.060534406,0.06180119,0.08564226,0.0540962815284729,0.07959640522797902,0.02550012369950612
5,-0.07143849,-0.07472746,"('creative', 'uncreative')",-0.010413184,-0.0077942084,-0.03946426,-0.024454962,-0.040438647071520485,-0.03565887610117594,0.0047797709703445435
7,0.06074164,0.059531458,"('practical', 'impractical')",0.003535611,-0.00045358125,0.017942997,0.0067162383,0.02740674962600072,0.021931372582912445,-0.005475377043088276
4,0.046204124,0.04456084,"('rational', 'irrational')",-0.05104563,-0.04755994,-0.038641833,-0.048059747,-0.014494446416695913,-0.017019615819056828,-0.0025251694023609144
1,0.033950984,0.035861813,"('intelligent', 'unintelligent')",-0.019391311,-0.005297691,0.07017072,0.07464185,0.02824346472819646,0.0350686584909757,0.006825193762779239
2,-0.025619404,-0.040299945,"('intelligent', 'stupid')",-0.016066002,-0.024603928,0.042845316,0.011989231,0.0003866367042064667,-0.01763821269075076,-0.018024849394957226
0,-0.0039100284,0.006038622,"('competent', 'incompetent')",0.0037214614,-0.006622813,-0.024080737,-0.012346374,-0.008089767768979073,-0.004310188194115956,0.0037795795748631162
