,ExxonMobil_male,ExxonMobil_female,tuple,average_male,average_female,female-male
0,0.11188324,0.11379263,"('competent', 'incompetent')",0.1118832379579544,0.11379262804985046,0.0019093900918960571
7,-0.10548661,-0.102150954,"('practical', 'impractical')",-0.10548660904169083,-0.10215095430612564,0.0033356547355651855
5,-0.063856035,-0.06271107,"('creative', 'uncreative')",-0.06385603547096252,-0.06271106749773026,0.0011449679732322693
2,0.058010202,0.04933867,"('intelligent', 'stupid')",0.058010201901197433,0.04933866858482361,-0.008671533316373825
3,-0.028775064,-0.019724706,"('able', 'unable')",-0.028775064274668694,-0.019724706187844276,0.009050358086824417
6,0.016990246,0.015919574,"('capable', 'incapable')",0.01699024625122547,0.015919573605060577,-0.001070672646164894
4,-0.015687086,-0.009505954,"('rational', 'irrational')",-0.015687085688114166,-0.009505953639745712,0.006181132048368454
1,-0.014026331,-0.012769146,"('intelligent', 'unintelligent')",-0.014026330783963203,-0.012769145891070366,0.0012571848928928375
