,F5_male,F5_female,tuple,Networks_male,Networks_female,average_male,average_female,female-male
5,-0.11345252,-0.1248812,"('creative', 'uncreative')",-0.026257303,-0.015863724,-0.06985490769147873,-0.07037246227264404,-0.0005175545811653137
6,-0.08793168,-0.08652328,"('capable', 'incapable')",-0.04670962,-0.04562275,-0.06732064485549927,-0.06607301533222198,0.0012476295232772827
3,0.07053353,0.08788953,"('able', 'unable')",-0.04826699,-0.009374253,0.011133270338177681,0.03925763815641403,0.02812436781823635
7,0.046755437,0.024569046,"('practical', 'impractical')",-0.0012453933,-0.015178284,0.02275502122938633,0.004695381037890911,-0.01805964019149542
1,0.04242643,0.049676254,"('intelligent', 'unintelligent')",0.002100404,0.015646067,0.0222634170204401,0.032661162316799164,0.010397745296359062
2,-0.026361879,-0.031579904,"('intelligent', 'stupid')",-0.0035509127,-0.023424815,-0.014956396073102951,-0.027502359822392464,-0.012545963749289513
0,-0.01941079,-0.01589451,"('competent', 'incompetent')",0.038672302,0.05051603,0.00963075552135706,0.01731076091527939,0.007680005393922329
4,-0.018233685,0.0065923594,"('rational', 'irrational')",-0.06761412,-0.06757028,-0.042923904955387115,-0.030488958582282066,0.01243494637310505
