,Facebook_male,Facebook_female,tuple,average_male,average_female,female-male
4,-0.13145697,-0.12330317,"('rational', 'irrational')",-0.13145697116851807,-0.12330316752195358,0.008153803646564484
5,-0.11517978,-0.12762924,"('creative', 'uncreative')",-0.11517977714538574,-0.12762923538684845,-0.012449458241462708
6,-0.078175426,-0.07529882,"('capable', 'incapable')",-0.07817542552947998,-0.07529882341623306,0.0028766021132469177
3,0.06667205,0.07889181,"('able', 'unable')",0.06667204946279526,0.0788918063044548,0.012219756841659546
0,0.05891113,0.046162874,"('competent', 'incompetent')",0.05891112983226776,0.04616287350654602,-0.01274825632572174
7,0.021795548,0.010677245,"('practical', 'impractical')",0.021795548498630524,0.010677245445549488,-0.011118303053081036
2,-0.011279955,-0.013946127,"('intelligent', 'stupid')",-0.011279954575002193,-0.013946127146482468,-0.002666172571480274
1,-0.004443489,-0.00094326446,"('intelligent', 'unintelligent')",-0.0044434890151023865,-0.0009432644583284855,0.003500224556773901
