,Fastenal_male,Fastenal_female,tuple,average_male,average_female,female-male
5,-0.07088747,-0.043775626,"('creative', 'uncreative')",-0.07088746875524521,-0.04377562552690506,0.02711184322834015
4,0.05076831,0.068801284,"('rational', 'irrational')",0.05076830834150314,0.06880128383636475,0.018032975494861603
6,-0.047414914,-0.06855949,"('capable', 'incapable')",-0.04741491377353668,-0.06855949014425278,-0.021144576370716095
2,0.039925274,0.016603895,"('intelligent', 'stupid')",0.03992527350783348,0.016603894531726837,-0.023321378976106644
7,-0.035030674,-0.028234683,"('practical', 'impractical')",-0.03503067418932915,-0.028234682977199554,0.006795991212129593
3,0.026901683,0.061167076,"('able', 'unable')",0.02690168283879757,0.06116707623004913,0.034265393391251564
1,0.024774857,0.028217189,"('intelligent', 'unintelligent')",0.024774856865406036,0.028217189013957977,0.003442332148551941
0,-0.011320193,-0.020030245,"('competent', 'incompetent')",-0.01132019329816103,-0.020030245184898376,-0.008710051886737347
