,FedEx_male,FedEx_female,tuple,average_male,average_female,female-male
5,-0.10325342,-0.1001413,"('creative', 'uncreative')",-0.10325341671705246,-0.10014130175113678,0.00311211496591568
0,0.08965753,0.08665822,"('competent', 'incompetent')",0.08965753018856049,0.08665821701288223,-0.002999313175678253
7,-0.060851306,-0.06391997,"('practical', 'impractical')",-0.06085130572319031,-0.06391996890306473,-0.00306866317987442
4,0.044468235,0.04632252,"('rational', 'irrational')",0.0444682352244854,0.046322520822286606,0.0018542855978012085
6,-0.027812943,-0.019348385,"('capable', 'incapable')",-0.02781294286251068,-0.01934838481247425,0.00846455805003643
3,0.012349907,0.02446604,"('able', 'unable')",0.01234990730881691,0.02446603961288929,0.01211613230407238
2,0.0060792016,-0.015028213,"('intelligent', 'stupid')",0.006079201586544514,-0.015028213150799274,-0.021107414737343788
1,0.002707549,-0.00056432793,"('intelligent', 'unintelligent')",0.0027075489051640034,-0.0005643279291689396,-0.003271876834332943
