,Federal_male,Federal_female,tuple,Realty_male,Realty_female,Investment_male,Investment_female,Trust_male,Trust_female,average_male,average_female,female-male
5,-0.17160298,-0.1559111,"('creative', 'uncreative')",-0.108653076,-0.106147446,-0.16173664,-0.17644958,-0.02192124,-0.041660763,-0.11597848683595657,-0.12004222720861435,-0.004063740372657776
6,-0.11610917,-0.11113016,"('capable', 'incapable')",-0.07620914,-0.06434299,-0.042752214,-0.03811164,-0.1105964,-0.09390199,-0.08641673624515533,-0.07687169313430786,0.009545043110847473
3,0.1055155,0.1278363,"('able', 'unable')",0.0037134718,0.001067681,0.057516232,0.06443887,0.10887621,0.123291165,0.06890535354614258,0.07915850728750229,0.01025315374135971
1,0.0574299,0.059592582,"('intelligent', 'unintelligent')",-0.008170877,-0.011758192,0.009940884,0.0057983147,0.03046172,0.027639596,0.0224154070019722,0.02031807415187359,-0.00209733285009861
4,0.025256025,0.020912036,"('rational', 'irrational')",0.02181944,0.01759541,-0.076302774,-0.07711943,-0.019425986,-0.013134194,-0.012163324281573296,-0.012936544604599476,-0.0007732203230261803
2,0.024938717,0.023914423,"('intelligent', 'stupid')",0.08057999,0.07230626,0.04016548,0.039805215,-0.025893396,-0.040751908,0.02994769625365734,0.023818500339984894,-0.006129195913672447
7,0.009961558,-0.0004887965,"('practical', 'impractical')",-0.039317068,-0.050735347,0.010952054,0.010251254,-0.0068705706,0.0014532756,-0.00631850678473711,-0.009879902936518192,-0.003561396151781082
0,0.0020259526,-0.002254532,"('competent', 'incompetent')",0.048141032,0.06518263,0.018114677,0.028778275,-0.0057503134,-0.005969198,0.015632838010787964,0.021434295922517776,0.005801457911729813
