,Fidelity_male,Fidelity_female,tuple,National_male,National_female,Information_male,Information_female,Services_male,Services_female,average_male,average_female,female-male
7,-0.076129034,-0.079262346,"('practical', 'impractical')",-0.01476393,-0.021854369,-0.051507134,-0.03658004,-0.011741714,-0.0031877963,-0.038535453379154205,-0.03522113710641861,0.0033143162727355957
3,0.040334135,0.053974755,"('able', 'unable')",0.101138234,0.10917685,0.059666317,0.076175675,0.038890615,0.058799874,0.06000732630491257,0.07453178614377975,0.014524459838867188
6,-0.027200159,-0.0096842535,"('capable', 'incapable')",-0.08836917,-0.06384311,-0.13889883,-0.14412108,-0.11026695,-0.11131189,-0.09118377417325974,-0.08224008232355118,0.008943691849708557
5,-0.025256192,-0.037274916,"('creative', 'uncreative')",-0.14396574,-0.12980364,0.005378126,0.010287589,-0.006061723,-0.013786001,-0.04247637838125229,-0.04264424368739128,-0.0001678653061389923
0,0.01184371,0.006806395,"('competent', 'incompetent')",0.016773544,9.976007e-06,0.031786993,0.023523228,-0.11489722,-0.10913509,-0.013623243197798729,-0.019698873162269592,-0.006075629964470863
1,0.011263932,-0.007837464,"('intelligent', 'unintelligent')",0.030421492,0.033363476,-0.00056102517,0.0019204734,0.08487477,0.0886893,0.03149979189038277,0.029033945873379707,-0.0024658460170030594
4,-0.0030713964,-0.003591212,"('rational', 'irrational')",0.020561276,0.02049513,-0.05328011,-0.04593474,-0.003905393,0.005056871,-0.009923906065523624,-0.0059934877790510654,0.003930418286472559
2,-0.00046654735,0.008879511,"('intelligent', 'stupid')",0.039252445,0.031407963,-0.033850797,-0.05207958,0.02319728,-0.007672766,0.007033095229417086,-0.004866218660026789,-0.011899313889443874
