,Fifth_male,Fifth_female,tuple,Third_male,Third_female,Bancorp_male,Bancorp_female,average_male,average_female,female-male
6,-0.100874305,-0.08763048,"('capable', 'incapable')",-0.10753438,-0.093849175,-0.05399143,-0.041650724,-0.08746670683224995,-0.07437679668267567,0.01308991014957428
3,0.08871935,0.092303984,"('able', 'unable')",0.07625495,0.08524019,-0.02428069,-0.025027364,0.04689786831537882,0.05083893736203512,0.003941069046656295
7,0.07830229,0.084597595,"('practical', 'impractical')",0.086945035,0.094283156,-0.020163871,-0.024671437,0.0483611524105072,0.05140310525894165,0.0030419528484344482
0,-0.07774351,-0.045493774,"('competent', 'incompetent')",-0.08475171,-0.060526945,0.07772927,0.07863354,-0.028255318601926167,-0.009129059811433157,0.01912625879049301
5,-0.061634474,-0.07704579,"('creative', 'uncreative')",-0.057242002,-0.06968271,-0.15264937,-0.16359964,-0.09050861994425456,-0.10344270865122478,-0.012934088706970215
1,0.05470231,0.053810198,"('intelligent', 'unintelligent')",0.062788084,0.0664316,0.015860751,0.0077833273,0.04445038239161173,0.0426750381787618,-0.0017753442128499303
2,0.025439462,-0.014195586,"('intelligent', 'stupid')",0.027589925,0.0052824444,0.06840645,0.06624419,0.040478611985842385,0.019110350559155147,-0.021368261426687237
4,0.010649711,0.00607031,"('rational', 'irrational')",0.020174127,0.007992868,-0.033291183,-0.029435191,-0.0008224484821160635,-0.005124004557728767,-0.004301556075612704
