,First_male,First_female,tuple,Republic_male,Republic_female,Bank_male,Bank_female,average_male,average_female,female-male
0,-0.12559007,-0.10478869,"('competent', 'incompetent')",0.0094712805,0.023164121,-0.0021903922,0.0018128012,-0.03943639248609543,-0.026603922247886658,0.01283247023820877
7,0.11614835,0.107539445,"('practical', 'impractical')",-0.007977706,-0.012959445,0.017761733,0.014150849,0.041977460185686745,0.03624361753463745,-0.005733842651049294
1,0.11089906,0.11394586,"('intelligent', 'unintelligent')",-0.004617409,0.011077568,0.02780075,0.037176967,0.04469413558642069,0.05406679709752401,0.009372661511103317
5,-0.08971369,-0.101876855,"('creative', 'uncreative')",-0.102337554,-0.11101411,-0.18535803,-0.18389966,-0.12580309311548868,-0.13226354122161865,-0.0064604481061299734
3,0.054425094,0.07499269,"('able', 'unable')",0.0917462,0.09128047,0.033815406,0.044275653,0.059995571772257485,0.0701829344034195,0.01018736263116201
6,-0.052660316,-0.063981876,"('capable', 'incapable')",-0.13633876,-0.1392584,-0.07135972,-0.08020852,-0.0867862602074941,-0.09448292851448059,-0.0076966683069864955
4,0.028838689,0.027525552,"('rational', 'irrational')",-0.014118399,0.00065094145,0.0024981454,-0.0025484879,0.0057394783943891525,0.008542668695251146,0.002803190300861994
2,-0.009771483,-0.034492787,"('intelligent', 'stupid')",0.045473605,0.05055983,0.03549127,0.027231926,0.023731132348378498,0.014432989060878754,-0.009298143287499745
