,FirstEnergy_male,FirstEnergy_female,tuple,average_male,average_female,female-male
0,0.110195234,0.09709039,"('competent', 'incompetent')",0.11019523441791534,0.09709039330482483,-0.013104841113090515
7,-0.06924262,-0.0680294,"('practical', 'impractical')",-0.06924261897802353,-0.06802940368652344,0.0012132152915000916
5,-0.06619997,-0.06497523,"('creative', 'uncreative')",-0.06619997322559357,-0.06497523188591003,0.0012247413396835327
6,-0.02868374,-0.020256115,"('capable', 'incapable')",-0.02868374064564705,-0.02025611512362957,0.008427625522017479
1,0.020578811,0.019596817,"('intelligent', 'unintelligent')",0.020578810945153236,0.01959681697189808,-0.0009819939732551575
4,-0.014154031,-0.017411703,"('rational', 'irrational')",-0.014154030941426754,-0.01741170324385166,-0.0032576723024249077
3,0.002004275,0.011422933,"('able', 'unable')",0.0020042750984430313,0.011422933079302311,0.00941865798085928
2,-0.001713992,-0.009596187,"('intelligent', 'stupid')",-0.0017139919800683856,-0.009596186690032482,-0.007882194709964097
