,Fiserv_male,Fiserv_female,tuple,average_male,average_female,female-male
5,-0.07830437,-0.053082537,"('creative', 'uncreative')",-0.07830437272787094,-0.05308253690600395,0.02522183582186699
6,-0.050384577,-0.04867719,"('capable', 'incapable')",-0.05038457736372948,-0.04867719113826752,0.0017073862254619598
4,0.040572233,0.04681092,"('rational', 'irrational')",0.040572233498096466,0.04681092128157616,0.0062386877834796906
2,0.032357432,0.012397893,"('intelligent', 'stupid')",0.03235743194818497,0.012397892773151398,-0.01995953917503357
0,0.015764078,0.017908808,"('competent', 'incompetent')",0.015764078125357628,0.01790880784392357,0.002144729718565941
3,0.0038196892,0.009558974,"('able', 'unable')",0.003819689154624939,0.009558973833918571,0.0057392846792936325
1,-0.0016016114,-7.604602e-05,"('intelligent', 'unintelligent')",-0.0016016113804653287,-7.60460170567967e-05,0.001525565363408532
7,0.00056401984,-0.009710007,"('practical', 'impractical')",0.0005640198360197246,-0.009710007347166538,-0.010274027183186263
