,Fleetcor_male,Fleetcor_female,tuple,average_male,average_female,female-male
5,-0.060620204,-0.05895432,"('creative', 'uncreative')",-0.060620203614234924,-0.05895432084798813,0.0016658827662467957
4,-0.049895883,-0.05441899,"('rational', 'irrational')",-0.04989588260650635,-0.05441898852586746,-0.0045231059193611145
1,0.018143902,0.013055207,"('intelligent', 'unintelligent')",0.018143901601433754,0.013055207207798958,-0.005088694393634796
6,0.017995898,0.013142437,"('capable', 'incapable')",0.01799589768052101,0.013142436742782593,-0.004853460937738419
2,-0.008349431,-0.0080873,"('intelligent', 'stupid')",-0.008349430747330189,-0.008087299764156342,0.0002621309831738472
3,0.007692234,0.026931038,"('able', 'unable')",0.0076922341249883175,0.02693103812634945,0.01923880400136113
7,-0.0026351844,0.008533712,"('practical', 'impractical')",-0.0026351844426244497,0.008533711545169353,0.011168895987793803
0,-0.0009942794,-0.007146212,"('competent', 'incompetent')",-0.0009942793985828757,-0.0071462118066847324,-0.006151932408101857
