,FMC_male,FMC_female,tuple,Corporation_male,Corporation_female,average_male,average_female,female-male
6,-0.07186775,-0.058548108,"('capable', 'incapable')",-0.08914686,-0.09466634,-0.0805073082447052,-0.07660722732543945,0.003900080919265747
5,-0.067699395,-0.06501272,"('creative', 'uncreative')",-0.08197817,-0.07486644,-0.074838787317276,-0.06993958353996277,0.004899203777313232
2,0.0288009,0.025899176,"('intelligent', 'stupid')",0.013934675,-0.0056333407,0.021367786452174187,0.010132917203009129,-0.011234869249165058
7,0.015185057,0.0023866459,"('practical', 'impractical')",0.058297187,0.0635866,0.03674112260341644,0.03298662230372429,-0.003754500299692154
0,-0.009952512,-0.006085694,"('competent', 'incompetent')",-0.0069387513,0.00029346623,-0.008445631712675095,-0.0028961137868463993,0.005549517925828695
3,-0.00662111,-0.0019282724,"('able', 'unable')",0.02245296,0.04172615,0.007915925234556198,0.01989893801510334,0.011983012780547142
1,-0.0058515416,0.00095584575,"('intelligent', 'unintelligent')",0.025585327,0.033832077,0.009866893291473389,0.017393961548805237,0.007527068257331848
4,0.0023573544,0.0033972182,"('rational', 'irrational')",-0.006659922,-0.005100324,-0.0021512839011847973,-0.0008515528170391917,0.0012997310841456056
