,Ford_male,Ford_female,tuple,average_male,average_female,female-male
5,-0.08536562,-0.095131256,"('creative', 'uncreative')",-0.08536562323570251,-0.09513125568628311,-0.009765632450580597
3,-0.06509428,-0.030147275,"('able', 'unable')",-0.06509427726268768,-0.03014727495610714,0.034947002306580544
6,-0.061989892,-0.057037394,"('capable', 'incapable')",-0.06198989227414131,-0.05703739449381828,0.0049524977803230286
4,-0.058864225,-0.060099304,"('rational', 'irrational')",-0.05886422470211983,-0.06009930372238159,-0.0012350790202617645
2,0.051877193,0.041095898,"('intelligent', 'stupid')",0.05187719315290451,0.04109589755535126,-0.010781295597553253
0,0.021645634,0.030435784,"('competent', 'incompetent')",0.02164563350379467,0.03043578378856182,0.008790150284767151
1,-0.0062821354,0.0050129164,"('intelligent', 'unintelligent')",-0.0062821353785693645,0.005012916401028633,0.011295051779597998
7,-0.0014894832,-0.007596953,"('practical', 'impractical')",-0.0014894831692799926,-0.007596952840685844,-0.006107469671405852
