,Fortune_male,Fortune_female,tuple,Brands_male,Brands_female,Home_male,Home_female,&_male,&_female,Security_male,Security_female,average_male,average_female,female-male
5,-0.14219621,-0.16253227,"('creative', 'uncreative')",-0.10751212,-0.1009526,-0.047182407,-0.0649306,-0.043580506,-0.054771464,-0.08993606,-0.10028271,-0.08608145713806152,-0.09669392108917237,-0.010612463951110845
3,0.09607021,0.07954923,"('able', 'unable')",0.040701613,0.067288406,0.0098485835,0.026854225,0.04109473,0.042220853,0.06852302,0.0741691,0.05124763250350952,0.05801636576652527,0.006768733263015747
6,-0.05081891,-0.050750647,"('capable', 'incapable')",-0.05724465,-0.051725466,-0.078362994,-0.086269975,-0.01493015,-0.0071977274,-0.061975908,-0.05788755,-0.052666521072387694,-0.05076627135276794,0.0019002497196197524
4,0.02130404,0.014991101,"('rational', 'irrational')",-0.04174971,-0.054097496,0.010702425,0.012309298,-0.13764003,-0.14945811,-0.03242068,-0.027923508,-0.03596079051494598,-0.04083574414253235,-0.004874953627586366
2,0.017839493,0.011226868,"('intelligent', 'stupid')",0.017031524,-0.00267768,-0.02836575,-0.029622499,0.051717956,0.04445349,-0.00043789478,0.0005874534,0.011557066440582275,0.004793526604771614,-0.006763539835810661
7,-0.009437043,0.0070248386,"('practical', 'impractical')",0.0060534193,-0.00010300318,-0.03790484,-0.059190657,-0.048612878,-0.06842974,-0.016883781,-0.0150640635,-0.02135702520608902,-0.027152523398399353,-0.005795498192310334
1,0.0060944227,-0.0011495609,"('intelligent', 'unintelligent')",0.04282979,0.04982045,0.13554172,0.13563721,0.045052934,0.049999837,0.02061197,0.019115826,0.0500261664390564,0.05068475008010864,0.0006585836410522433
0,-0.0041417596,-0.0071811345,"('competent', 'incompetent')",0.018575791,0.016808469,-0.05413629,-0.048102707,-0.009155776,0.0012747109,0.025871653,0.03389829,-0.004597276449203491,-0.0006604738533496857,0.003936802595853805
