,Fortinet_male,Fortinet_female,tuple,average_male,average_female,female-male
5,-0.09036355,-0.063205644,"('creative', 'uncreative')",-0.09036354720592499,-0.06320564448833466,0.027157902717590332
6,-0.053903535,-0.08555786,"('capable', 'incapable')",-0.05390353500843048,-0.08555786311626434,-0.03165432810783386
4,0.04725175,0.051303733,"('rational', 'irrational')",0.04725174978375435,0.05130373314023018,0.00405198335647583
7,-0.040277522,-0.0227752,"('practical', 'impractical')",-0.040277522057294846,-0.02277519926428795,0.017502322793006897
1,0.02699301,0.023727832,"('intelligent', 'unintelligent')",0.026993010193109512,0.02372783236205578,-0.003265177831053734
2,0.026583048,0.010749043,"('intelligent', 'stupid')",0.026583047583699226,0.010749042965471745,-0.015834004618227482
0,0.021105675,0.011199388,"('competent', 'incompetent')",0.021105675026774406,0.011199387721717358,-0.009906287305057049
3,0.0071487036,0.0507295,"('able', 'unable')",0.007148703560233116,0.05072949826717377,0.04358079470694065
