,Fortive_male,Fortive_female,tuple,average_male,average_female,female-male
5,-0.12756155,-0.105282485,"('creative', 'uncreative')",-0.127561554312706,-0.1052824854850769,0.02227906882762909
7,-0.036850475,-0.047278762,"('practical', 'impractical')",-0.036850474774837494,-0.047278761863708496,-0.010428287088871002
0,0.03368992,0.029813563,"('competent', 'incompetent')",0.033689919859170914,0.02981356345117092,-0.0038763564079999924
6,-0.033378564,-0.050394055,"('capable', 'incapable')",-0.033378563821315765,-0.050394054502248764,-0.017015490680933
2,0.026332999,0.021030063,"('intelligent', 'stupid')",0.026332998648285866,0.021030062809586525,-0.005302935838699341
3,-0.025041012,0.028090442,"('able', 'unable')",-0.025041012093424797,0.02809044159948826,0.053131453692913055
1,0.020346858,0.017126376,"('intelligent', 'unintelligent')",0.020346857607364655,0.017126375809311867,-0.0032204817980527878
4,-0.0006353713,0.019043354,"('rational', 'irrational')",-0.0006353713106364012,0.01904335431754589,0.019678725628182292
