,Fox_male,Fox_female,tuple,Corporation_male,Corporation_female,(Class_male,(Class_female,B)_male,B)_female,average_male,average_female,female-male
5,-0.11803934,-0.118713476,"('creative', 'uncreative')",-0.08197817,-0.07486644,0.04402673,0.018332925,-0.06616851,-0.0680097,-0.055539824068546295,-0.06081417202949524,-0.005274347960948944
3,0.09692018,0.09109286,"('able', 'unable')",0.02245296,0.04172615,0.17448343,0.19871874,0.043605532,0.058520827,0.08436552435159683,0.09751464426517487,0.013149119913578033
6,-0.068923295,-0.070155755,"('capable', 'incapable')",-0.08914686,-0.09466634,-0.1314472,-0.1336964,-0.065250374,-0.06624169,-0.08869192749261856,-0.09119004756212234,-0.002498120069503784
2,0.049550574,0.02580099,"('intelligent', 'stupid')",0.013934675,-0.0056333407,-0.041183397,-0.0369232,0.050447624,0.045367267,0.018187370151281357,0.007152928970754147,-0.01103444118052721
4,0.031324264,0.016539438,"('rational', 'irrational')",-0.006659922,-0.005100324,0.016083097,0.008118572,0.07817109,0.054499887,0.029729632660746574,0.018514392897486687,-0.011215239763259888
7,-0.029453669,-0.045834005,"('practical', 'impractical')",0.058297187,0.0635866,0.11315178,0.09748604,0.042692486,0.03424424,0.046171944588422775,0.0373707190155983,-0.008801225572824478
0,-0.021051742,0.018068327,"('competent', 'incompetent')",-0.0069387513,0.00029346623,-0.11206448,-0.10064655,-0.13310672,-0.13089491,-0.06829042732715607,-0.053294919431209564,0.014995507895946503
1,0.006139135,0.016061746,"('intelligent', 'unintelligent')",0.025585327,0.033832077,0.061842702,0.07000121,0.14360324,0.14051801,0.05929259955883026,0.06510326266288757,0.005810663104057312
