,Fox_male,Fox_female,tuple,Corporation_male,Corporation_female,(Class_male,(Class_female,A)_male,A)_female,average_male,average_female,female-male
5,-0.11803934,-0.118713476,"('creative', 'uncreative')",-0.08197817,-0.07486644,0.04402673,0.018332925,-0.035963476,-0.040092994,-0.047988563776016235,-0.05383499339222908,-0.005846429616212845
3,0.09692018,0.09109286,"('able', 'unable')",0.02245296,0.04172615,0.17448343,0.19871874,0.065938644,0.082216226,0.08994880318641663,0.10343849658966064,0.013489693403244019
6,-0.068923295,-0.070155755,"('capable', 'incapable')",-0.08914686,-0.09466634,-0.1314472,-0.1336964,-0.11728098,-0.10834561,-0.1016995832324028,-0.10171602666378021,-1.644343137741089e-05
2,0.049550574,0.02580099,"('intelligent', 'stupid')",0.013934675,-0.0056333407,-0.041183397,-0.0369232,-0.012446848,-0.017661806,0.0024637512397021055,-0.008604339323937893,-0.011068090563639998
4,0.031324264,0.016539438,"('rational', 'irrational')",-0.006659922,-0.005100324,0.016083097,0.008118572,0.06515643,0.033136457,0.026475967839360237,0.013173535466194153,-0.013302432373166084
7,-0.029453669,-0.045834005,"('practical', 'impractical')",0.058297187,0.0635866,0.11315178,0.09748604,0.0029052966,0.00568902,0.03622514754533768,0.030231913551688194,-0.005993233993649483
0,-0.021051742,0.018068327,"('competent', 'incompetent')",-0.0069387513,0.00029346623,-0.11206448,-0.10064655,-0.09084427,-0.09227567,-0.057724811136722565,-0.04364010691642761,0.014084704220294952
1,0.006139135,0.016061746,"('intelligent', 'unintelligent')",0.025585327,0.033832077,0.061842702,0.07000121,0.12534745,0.12241906,0.05472865328192711,0.060578521341085434,0.005849868059158325
