,Franklin_male,Franklin_female,tuple,Resources_male,Resources_female,average_male,average_female,female-male
5,-0.14305669,-0.16366297,"('creative', 'uncreative')",-0.0323723,-0.027405033,-0.08771449327468872,-0.09553400427103043,-0.007819510996341705
4,-0.088877164,-0.0677347,"('rational', 'irrational')",-0.03905047,-0.047962878,-0.06396381556987762,-0.05784878879785538,0.006115026772022247
2,0.08449211,0.063146524,"('intelligent', 'stupid')",0.013390377,-0.0058453376,0.048941243439912796,0.028650593012571335,-0.02029065042734146
7,-0.084182605,-0.07720978,"('practical', 'impractical')",-0.044332504,-0.060061764,-0.06425755470991135,-0.06863576918840408,-0.004378214478492737
0,0.06492927,0.064782806,"('competent', 'incompetent')",-0.006946517,0.007390097,0.028991375118494034,0.03608645126223564,0.007095076143741608
3,0.02869421,0.052195463,"('able', 'unable')",0.086155824,0.103741065,0.05742501839995384,0.07796826213598251,0.02054324373602867
1,0.027097516,0.03273088,"('intelligent', 'unintelligent')",0.05498752,0.048686307,0.0410425178706646,0.040708594024181366,-0.0003339238464832306
6,0.010356623,0.007390773,"('capable', 'incapable')",-0.11562912,-0.110482484,-0.05263625085353851,-0.05154585465788841,0.0010903961956501007
