,Freeport-McMoRan_male,Freeport-McMoRan_female,tuple,average_male,average_female,female-male
3,-0.08556961,-0.09067154,"('able', 'unable')",-0.08556961268186569,-0.09067153930664062,-0.005101926624774933
7,-0.079290904,-0.08815227,"('practical', 'impractical')",-0.07929090410470963,-0.08815226703882217,-0.008861362934112549
2,0.067525454,0.069083035,"('intelligent', 'stupid')",0.0675254538655281,0.06908303499221802,0.0015575811266899109
5,-0.046556965,-0.039842214,"('creative', 'uncreative')",-0.04655696451663971,-0.039842214435338974,0.0067147500813007355
0,0.044017274,0.061950494,"('competent', 'incompetent')",0.04401727393269539,0.06195049360394478,0.01793321967124939
1,0.041455995,0.034015592,"('intelligent', 'unintelligent')",0.04145599529147148,0.03401559218764305,-0.00744040310382843
4,-0.009500281,-0.013598448,"('rational', 'irrational')",-0.00950028095394373,-0.013598447665572166,-0.004098166711628437
6,0.004813769,0.006004717,"('capable', 'incapable')",0.0048137689009308815,0.006004717200994492,0.00119094830006361
