,Gap_male,Gap_female,tuple,average_male,average_female,female-male
2,0.07186906,0.028080534,"('intelligent', 'stupid')",0.07186906039714813,0.0280805341899395,-0.04378852620720863
7,-0.067529105,-0.055818163,"('practical', 'impractical')",-0.0675291046500206,-0.055818162858486176,0.011710941791534424
0,0.05227816,0.03976084,"('competent', 'incompetent')",0.05227816104888916,0.03976083919405937,-0.012517321854829788
4,-0.046622902,-0.0338993,"('rational', 'irrational')",-0.046622902154922485,-0.033899299800395966,0.01272360235452652
6,-0.03883131,-0.05475878,"('capable', 'incapable')",-0.038831308484077454,-0.05475877970457077,-0.015927471220493317
5,-0.033258248,0.007418101,"('creative', 'uncreative')",-0.03325824812054634,0.007418101187795401,0.04067634930834174
3,0.015079259,0.039826628,"('able', 'unable')",0.015079258941113949,0.03982662782073021,0.02474736887961626
1,0.014356188,0.026667524,"('intelligent', 'unintelligent')",0.014356187544763088,0.026667524129152298,0.01231133658438921
