,Garmin_male,Garmin_female,tuple,average_male,average_female,female-male
4,-0.10713892,-0.08690007,"('rational', 'irrational')",-0.10713891685009003,-0.08690007030963898,0.02023884654045105
3,-0.09754981,-0.069916084,"('able', 'unable')",-0.09754981100559235,-0.06991608440876007,0.027633726596832275
0,0.080486566,0.07231664,"('competent', 'incompetent')",0.08048656582832336,0.07231663912534714,-0.008169926702976227
5,-0.072749496,-0.040882062,"('creative', 'uncreative')",-0.07274949550628662,-0.040882062166929245,0.031867433339357376
6,-0.035781987,-0.025544578,"('capable', 'incapable')",-0.03578198701143265,-0.025544578209519386,0.010237408801913261
2,0.03278658,0.017805934,"('intelligent', 'stupid')",0.03278658166527748,0.017805933952331543,-0.014980647712945938
7,-0.01816069,-0.020470968,"('practical', 'impractical')",-0.018160689622163773,-0.020470967516303062,-0.00231027789413929
1,-0.015268203,-0.019492853,"('intelligent', 'unintelligent')",-0.015268202871084213,-0.019492853432893753,-0.00422465056180954
