,Gartner_male,Gartner_female,tuple,average_male,average_female,female-male
7,-0.10833661,-0.10481666,"('practical', 'impractical')",-0.10833661258220673,-0.10481666028499603,0.0035199522972106934
5,-0.089105934,-0.079164706,"('creative', 'uncreative')",-0.08910593390464783,-0.07916470617055893,0.009941227734088898
0,0.05187662,0.065908544,"('competent', 'incompetent')",0.05187661945819855,0.06590854376554489,0.014031924307346344
2,0.046825107,0.010216397,"('intelligent', 'stupid')",0.0468251071870327,0.010216397233307362,-0.03660870995372534
3,-0.02748197,-0.036930893,"('able', 'unable')",-0.027481969445943832,-0.03693089261651039,-0.009448923170566559
6,0.01860942,0.042425692,"('capable', 'incapable')",0.018609419465065002,0.042425692081451416,0.023816272616386414
1,-0.011058722,-0.027486935,"('intelligent', 'unintelligent')",-0.01105872169137001,-0.027486935257911682,-0.016428213566541672
4,-0.0042379014,-0.009633482,"('rational', 'irrational')",-0.004237901419401169,-0.009633482433855534,-0.005395581014454365
