,General_male,General_female,tuple,Motors_male,Motors_female,average_male,average_female,female-male
5,-0.14865775,-0.1446393,"('creative', 'uncreative')",-0.06104813,-0.04575677,-0.10485294461250305,-0.09519803524017334,0.009654909372329712
3,0.113007404,0.11630477,"('able', 'unable')",-0.045636732,-0.026519721,0.03368533402681351,0.04489252343773842,0.011207189410924911
6,-0.08027931,-0.091940835,"('capable', 'incapable')",-0.07574369,-0.0901537,-0.07801149785518646,-0.0910472720861435,-0.013035774230957031
7,-0.04400658,-0.04611659,"('practical', 'impractical')",-0.0093285665,-0.0073613445,-0.026667572557926178,-0.0267389677464962,-7.139518857002258e-05
4,0.034784947,0.013816761,"('rational', 'irrational')",-0.013196646,-0.015590851,0.010794149711728096,-0.0008870451711118221,-0.011681194882839918
1,0.01734581,0.029211216,"('intelligent', 'unintelligent')",0.0034629877,0.013176913,0.010404398664832115,0.021194064989686012,0.010789666324853897
2,0.010728114,-0.011725412,"('intelligent', 'stupid')",0.02042339,-0.004780819,0.015575751662254333,-0.008253115229308605,-0.02382886689156294
0,-0.003631816,0.03211596,"('competent', 'incompetent')",0.00830407,0.021357965,0.0023361267521977425,0.02673696167767048,0.024400834925472736
