,General_male,General_female,tuple,Dynamics_male,Dynamics_female,average_male,average_female,female-male
5,-0.14865775,-0.1446393,"('creative', 'uncreative')",-0.050189346,-0.07268138,-0.09942355006933212,-0.10866034030914307,-0.009236790239810944
3,0.113007404,0.11630477,"('able', 'unable')",-0.011345737,0.026882116,0.05083083361387253,0.07159344106912613,0.0207626074552536
6,-0.08027931,-0.091940835,"('capable', 'incapable')",-0.035161234,-0.029460205,-0.05772027373313904,-0.06070052087306976,-0.002980247139930725
7,-0.04400658,-0.04611659,"('practical', 'impractical')",0.013975644,0.01493275,-0.015015468001365662,-0.015591920353472233,-0.0005764523521065712
4,0.034784947,0.013816761,"('rational', 'irrational')",-0.07001937,-0.060739305,-0.01761721260845661,-0.023461271077394485,-0.005844058468937874
1,0.01734581,0.029211216,"('intelligent', 'unintelligent')",-0.02523957,-0.008459588,-0.003946879878640175,0.010375814512372017,0.014322694391012192
2,0.010728114,-0.011725412,"('intelligent', 'stupid')",-0.026009763,-0.03253134,-0.0076408241875469685,-0.022128375247120857,-0.014487551059573889
0,-0.003631816,0.03211596,"('competent', 'incompetent')",0.020585714,0.025493823,0.00847694929689169,0.02880489081144333,0.02032794151455164
