,Generac_male,Generac_female,tuple,Holdings_male,Holdings_female,average_male,average_female,female-male
5,-0.058872804,-0.04584554,"('creative', 'uncreative')",-0.053658955,-0.07643603,-0.056265879422426224,-0.06114078313112259,-0.004874903708696365
6,-0.03418675,-0.02709267,"('capable', 'incapable')",-0.069236204,-0.059655063,-0.05171147733926773,-0.043373867869377136,0.008337609469890594
3,0.02629906,0.01869635,"('able', 'unable')",0.11538586,0.13276215,0.07084245979785919,0.07572925090789795,0.004886791110038757
0,-0.024461256,-0.011926157,"('competent', 'incompetent')",-0.054858144,-0.052832823,-0.03965970128774643,-0.03237948939204216,0.007280211895704269
1,-0.01825191,-0.019192845,"('intelligent', 'unintelligent')",0.034783427,0.03469721,0.00826575793325901,0.007752181962132454,-0.0005135759711265564
7,0.015874363,0.0072556213,"('practical', 'impractical')",0.06948138,0.0810062,0.0426778718829155,0.04413091018795967,0.0014530383050441742
2,0.007364019,0.0015569096,"('intelligent', 'stupid')",-0.025787735,-0.056807045,-0.009211858734488487,-0.0276250671595335,-0.018413208425045013
4,0.0009216613,-0.0015442692,"('rational', 'irrational')",-0.024002356,-0.012593959,-0.011540347710251808,-0.007069114129990339,0.004471233580261469
