,General_male,General_female,tuple,Electric_male,Electric_female,average_male,average_female,female-male
5,-0.14865775,-0.1446393,"('creative', 'uncreative')",-0.0006147137,0.002010007,-0.07463623583316803,-0.07131464779376984,0.0033215880393981934
3,0.113007404,0.11630477,"('able', 'unable')",0.1140415,0.14348763,0.11352445185184479,0.12989619374275208,0.016371741890907288
6,-0.08027931,-0.091940835,"('capable', 'incapable')",-0.1405225,-0.13152732,-0.11040090024471283,-0.11173407733440399,-0.0013331770896911621
7,-0.04400658,-0.04611659,"('practical', 'impractical')",0.038852498,0.044588745,-0.0025770403444767,-0.0007639229297637939,0.0018131174147129059
4,0.034784947,0.013816761,"('rational', 'irrational')",-0.029140668,-0.028673075,0.002822139300405979,-0.007428157143294811,-0.01025029644370079
1,0.01734581,0.029211216,"('intelligent', 'unintelligent')",-0.010765913,0.0005947954,0.003289948683232069,0.014903005212545395,0.011613056529313326
2,0.010728114,-0.011725412,"('intelligent', 'stupid')",-4.644655e-05,-0.020719552,0.005340833682566881,-0.016222482547163963,-0.021563316229730844
0,-0.003631816,0.03211596,"('competent', 'incompetent')",-0.0012769358,0.010272332,-0.002454375848174095,0.02119414508342743,0.023648520931601524
