,General_male,General_female,tuple,Mills_male,Mills_female,average_male,average_female,female-male
5,-0.14865775,-0.1446393,"('creative', 'uncreative')",-0.04873636,-0.040602226,-0.09869705885648727,-0.09262076020240784,0.006076298654079437
3,0.113007404,0.11630477,"('able', 'unable')",0.09613263,0.11652802,0.10457001626491547,0.11641639471054077,0.011846378445625305
6,-0.08027931,-0.091940835,"('capable', 'incapable')",-0.09638436,-0.119183965,-0.08833183348178864,-0.10556240379810333,-0.017230570316314697
7,-0.04400658,-0.04611659,"('practical', 'impractical')",0.008080441,0.0126595935,-0.017963068559765816,-0.01672849804162979,0.0012345705181360245
4,0.034784947,0.013816761,"('rational', 'irrational')",-0.026762063,-0.020781476,0.004011441953480244,-0.0034823575988411903,-0.007493799552321434
1,0.01734581,0.029211216,"('intelligent', 'unintelligent')",0.046845563,0.06368891,0.032095685601234436,0.046450063586235046,0.01435437798500061
2,0.010728114,-0.011725412,"('intelligent', 'stupid')",0.09713081,0.057873204,0.053929463028907776,0.023073896765708923,-0.030855566263198853
0,-0.003631816,0.03211596,"('competent', 'incompetent')",-0.0620419,-0.04201157,-0.03283685818314552,-0.004947805777192116,0.027889052405953407
