,Genuine_male,Genuine_female,tuple,Parts_male,Parts_female,average_male,average_female,female-male
5,-0.124256454,-0.11180198,"('creative', 'uncreative')",-0.095995605,-0.065817684,-0.11012603342533112,-0.08880983293056488,0.021316200494766235
3,0.09708342,0.15338008,"('able', 'unable')",0.07529609,0.08906463,0.08618975430727005,0.1212223544716835,0.03503260016441345
7,0.09543112,0.10109548,"('practical', 'impractical')",0.041408803,0.059192725,0.06841996312141418,0.08014410734176636,0.011724144220352173
6,-0.08285774,-0.09611223,"('capable', 'incapable')",-0.078742474,-0.08667589,-0.08080010861158371,-0.09139405936002731,-0.010593950748443604
0,-0.05626105,-0.05958043,"('competent', 'incompetent')",-0.07452879,-0.064800456,-0.06539492309093475,-0.06219044327735901,0.0032044798135757446
4,0.04144636,0.03533997,"('rational', 'irrational')",0.043147523,0.02726923,0.042296942323446274,0.03130459785461426,-0.010992344468832016
1,0.017956827,0.018025873,"('intelligent', 'unintelligent')",0.051594056,0.059942774,0.034775443375110626,0.03898432478308678,0.0042088814079761505
2,-0.016751494,-0.023824288,"('intelligent', 'stupid')",0.033267327,-0.008734791,0.008257916197180748,-0.016279539093375206,-0.024537455290555954
