,Gilead_male,Gilead_female,tuple,Sciences_male,Sciences_female,average_male,average_female,female-male
4,-0.06830382,-0.035099942,"('rational', 'irrational')",-0.052269526,-0.042200863,-0.06028667464852333,-0.038650400936603546,0.021636273711919785
7,-0.059415583,-0.04018738,"('practical', 'impractical')",0.025538918,0.03443244,-0.016938332468271255,-0.0028774701058864594,0.014060862362384796
5,-0.03379092,-0.014485938,"('creative', 'uncreative')",-0.12465045,-0.12722261,-0.07922068238258362,-0.07085427641868591,0.008366405963897705
2,0.013629327,-0.016729932,"('intelligent', 'stupid')",-0.04385495,-0.06191087,-0.015112812630832195,-0.03932040184736252,-0.024207589216530323
3,-0.012794368,0.008969443,"('able', 'unable')",-0.01604141,0.013881514,-0.014417888596653938,0.011425478383898735,0.025843366980552673
6,-0.009372568,-0.016522536,"('capable', 'incapable')",-0.03515222,-0.06062977,-0.022262394428253174,-0.0385761521756649,-0.016313757747411728
1,-0.0043267165,0.00028037088,"('intelligent', 'unintelligent')",0.022617707,0.03680783,0.009145495481789112,0.01854410022497177,0.00939860474318266
0,0.0042892187,0.008604361,"('competent', 'incompetent')",-0.013376048,-0.010154044,-0.00454341433942318,-0.0007748417556285858,0.003768572583794594
