,Global_male,Global_female,tuple,Payments_male,Payments_female,average_male,average_female,female-male
5,-0.13439752,-0.13202697,"('creative', 'uncreative')",-0.102539055,-0.12883803,-0.1184682846069336,-0.13043250143527985,-0.011964216828346252
3,0.103773154,0.11080089,"('able', 'unable')",0.056947727,0.07734789,0.08036044239997864,0.09407439082860947,0.013713948428630829
7,-0.062225457,-0.058715396,"('practical', 'impractical')",0.036750372,0.044882946,-0.012737542390823364,-0.006916224956512451,0.005821317434310913
6,-0.046946343,-0.049816553,"('capable', 'incapable')",-0.06356823,-0.0542134,-0.05525728315114975,-0.05201497673988342,0.003242306411266327
4,-0.040227752,-0.03735723,"('rational', 'irrational')",-0.007482793,-0.003199949,-0.02385527268052101,-0.02027858980000019,0.0035766828805208206
0,0.03490924,0.027748661,"('competent', 'incompetent')",-0.034934446,-0.037301585,-1.2602657079696655e-05,-0.004776461981236935,-0.004763859324157238
1,-0.02057079,-0.014388364,"('intelligent', 'unintelligent')",0.032301236,0.03120295,0.005865222774446011,0.008407292887568474,0.0025420701131224632
2,-0.013821629,-0.017263591,"('intelligent', 'stupid')",0.0071696676,-0.0074180667,-0.0033259806223213673,-0.012340828776359558,-0.00901484815403819
