,Globe_male,Globe_female,tuple,Life_male,Life_female,average_male,average_female,female-male
3,0.113894574,0.12682575,"('able', 'unable')",0.09178016,0.09634326,0.10283736884593964,0.11158449947834015,0.008747130632400513
5,-0.10716051,-0.07668831,"('creative', 'uncreative')",-0.06849646,-0.051580053,-0.08782848715782166,-0.06413418054580688,0.02369430661201477
6,-0.07916418,-0.08105712,"('capable', 'incapable')",-0.14153902,-0.1348676,-0.11035159975290298,-0.10796235501766205,0.0023892447352409363
2,0.030950489,-0.0027175057,"('intelligent', 'stupid')",-0.0012043254,-0.01734233,0.014873081818223,-0.010029918514192104,-0.024903000332415104
1,0.021397213,0.03219609,"('intelligent', 'unintelligent')",0.04679977,0.049938004,0.034098491072654724,0.04106704890727997,0.006968557834625244
7,-0.02134258,-0.018713115,"('practical', 'impractical')",-0.039629802,-0.047359295,-0.03048619069159031,-0.03303620591759682,-0.002550015226006508
0,-0.010058332,-0.017097786,"('competent', 'incompetent')",-0.01614092,-0.008148554,-0.013099625706672668,-0.012623170390725136,0.00047645531594753265
4,0.0041910117,-0.0032080677,"('rational', 'irrational')",0.03414703,0.038266256,0.019169021397829056,0.017529094591736794,-0.0016399268060922623
