,Goldman_male,Goldman_female,tuple,Sachs_male,Sachs_female,average_male,average_female,female-male
5,-0.09705482,-0.12225252,"('creative', 'uncreative')",-0.05697122,-0.034961455,-0.07701301574707031,-0.0786069855093956,-0.0015939697623252869
6,-0.0635267,-0.07201286,"('capable', 'incapable')",-0.03256095,-0.04149956,-0.04804382473230362,-0.05675620585680008,-0.00871238112449646
0,0.05844531,0.06035306,"('competent', 'incompetent')",0.063783765,0.06298045,0.061114534735679626,0.06166675686836243,0.0005522221326828003
3,-0.04110035,-0.02529443,"('able', 'unable')",-0.011282763,3.082889e-05,-0.026191556826233864,-0.012631800957024097,0.013559755869209766
4,-0.038067326,-0.02088276,"('rational', 'irrational')",-0.092211045,-0.08679731,-0.06513918936252594,-0.0538400337100029,0.01129915565252304
2,-0.026563615,-0.01469899,"('intelligent', 'stupid')",-0.007436767,-0.025076535,-0.017000190913677216,-0.019887762144207954,-0.002887571230530739
1,0.021159027,0.01812413,"('intelligent', 'unintelligent')",0.020586552,0.02100826,0.02087279036641121,0.019566195085644722,-0.0013065952807664871
7,-0.01969021,-0.01786863,"('practical', 'impractical')",0.008539783,0.024920389,-0.005575213581323624,0.0035258792340755463,0.00910109281539917
