,Halliburton_male,Halliburton_female,tuple,average_male,average_female,female-male
7,-0.09595204,-0.09122733,"('practical', 'impractical')",-0.09595204144716263,-0.09122733026742935,0.004724711179733276
5,-0.083227724,-0.08837395,"('creative', 'uncreative')",-0.0832277238368988,-0.08837395161390305,-0.005146227777004242
0,0.052571755,0.06427741,"('competent', 'incompetent')",0.05257175490260124,0.06427741050720215,0.011705655604600906
6,0.049576256,0.035453957,"('capable', 'incapable')",0.049576256424188614,0.035453956574201584,-0.01412229984998703
2,0.049556825,0.04726074,"('intelligent', 'stupid')",0.04955682530999184,0.04726073890924454,-0.002296086400747299
3,-0.03841046,-0.032686677,"('able', 'unable')",-0.03841045871376991,-0.03268667683005333,0.005723781883716583
4,0.010669764,0.011446304,"('rational', 'irrational')",0.010669764131307602,0.011446303687989712,0.0007765395566821098
1,0.010042956,0.0050640977,"('intelligent', 'unintelligent')",0.010042956098914146,0.005064097698777914,-0.004978858400136232
