,Hanesbrands_male,Hanesbrands_female,tuple,average_male,average_female,female-male
4,0.05671753,0.053198416,"('rational', 'irrational')",0.05671752989292145,0.05319841578602791,-0.0035191141068935394
5,-0.047410022,-0.042500667,"('creative', 'uncreative')",-0.0474100224673748,-0.04250066727399826,0.004909355193376541
0,0.031981878,0.03292298,"('competent', 'incompetent')",0.031981877982616425,0.032922979444265366,0.000941101461648941
7,-0.031960554,-0.035500597,"('practical', 'impractical')",-0.03196055442094803,-0.03550059720873833,-0.0035400427877902985
6,-0.021066103,-0.012125217,"('capable', 'incapable')",-0.021066103130578995,-0.012125217355787754,0.00894088577479124
3,0.018764907,0.013928392,"('able', 'unable')",0.018764907494187355,0.013928391970694065,-0.00483651552349329
1,-0.015872732,-0.014863234,"('intelligent', 'unintelligent')",-0.015872731804847717,-0.014863234013319016,0.0010094977915287018
2,0.0014970121,-0.017106967,"('intelligent', 'stupid')",0.001497012097388506,-0.01710696704685688,-0.018603979144245386
