,Hasbro_male,Hasbro_female,tuple,average_male,average_female,female-male
5,-0.051775087,-0.036594104,"('creative', 'uncreative')",-0.05177508667111397,-0.03659410402178764,0.015180982649326324
7,-0.031721726,-0.008594461,"('practical', 'impractical')",-0.031721726059913635,-0.008594460785388947,0.02312726527452469
0,0.02832846,0.0035573235,"('competent', 'incompetent')",0.028328459709882736,0.0035573234781622887,-0.024771136231720448
3,-0.017761035,0.014674919,"('able', 'unable')",-0.01776103489100933,0.014674918726086617,0.03243595361709595
4,0.017596224,0.027797487,"('rational', 'irrational')",0.017596224322915077,0.027797486633062363,0.010201262310147285
1,0.015511835,0.013641853,"('intelligent', 'unintelligent')",0.015511834993958473,0.013641852885484695,-0.0018699821084737778
2,0.0097477175,-0.012657871,"('intelligent', 'stupid')",0.009747717529535294,-0.012657870538532734,-0.022405588068068027
6,-0.0076942407,-0.021009075,"('capable', 'incapable')",-0.0076942406594753265,-0.02100907452404499,-0.013314833864569664
