,HCA_male,HCA_female,tuple,Healthcare_male,Healthcare_female,average_male,average_female,female-male
6,-0.07993206,-0.051648356,"('capable', 'incapable')",-0.059353996,-0.05852789,-0.06964302808046341,-0.05508812516927719,0.014554902911186218
5,-0.0691987,-0.051033076,"('creative', 'uncreative')",-0.01703798,-0.016958792,-0.04311833903193474,-0.03399593383073807,0.00912240520119667
4,0.027536549,0.025732556,"('rational', 'irrational')",-0.007885675,-0.0097545255,0.009825436398386955,0.007989015430212021,-0.0018364209681749344
1,0.024833897,0.036067117,"('intelligent', 'unintelligent')",-0.0065339995,-8.7816705e-05,0.009149949066340923,0.01798965036869049,0.008839701302349567
3,0.018235045,0.016455999,"('able', 'unable')",0.06767992,0.0734028,0.04295748099684715,0.04492940008640289,0.0019719190895557404
0,0.0029393854,0.00452622,"('competent', 'incompetent')",-0.004570456,-0.008156233,-0.0008155354298651218,-0.0018150063697248697,-0.0009994709398597479
7,0.002597859,-0.018923245,"('practical', 'impractical')",0.00017218334,-0.0027790992,0.0013850211398676038,-0.010851172730326653,-0.012236193870194256
2,-0.0010413384,-0.010393985,"('intelligent', 'stupid')",-0.048982188,-0.050949268,-0.025011762976646423,-0.030671626329421997,-0.005659863352775574
