,Healthpeak_male,Healthpeak_female,tuple,Properties_male,Properties_female,average_male,average_female,female-male
7,-0.11747435,-0.114140235,"('practical', 'impractical')",0.018351862,0.0057337037,-0.04956124350428581,-0.05420326441526413,-0.004642020910978317
0,0.08227824,0.06416504,"('competent', 'incompetent')",-0.06444459,-0.051538665,0.00891682505607605,0.006313188001513481,-0.0026036370545625687
4,0.05972194,0.057284012,"('rational', 'irrational')",-0.008865129,-0.037905283,0.02542840503156185,0.009689364582300186,-0.015739040449261665
3,0.0575147,0.06440003,"('able', 'unable')",0.09718821,0.113746494,0.07735145837068558,0.08907326310873032,0.011721804738044739
5,-0.04566127,-0.049920116,"('creative', 'uncreative')",-0.034128197,-0.031621832,-0.03989473357796669,-0.04077097401022911,-0.0008762404322624207
6,-0.039120227,-0.03986563,"('capable', 'incapable')",-0.07654243,-0.07388949,-0.057831328362226486,-0.056877560913562775,0.0009537674486637115
2,-0.025229987,-0.03417887,"('intelligent', 'stupid')",0.028166419,0.023891373,0.0014682160690426826,-0.00514374952763319,-0.006611965596675873
1,0.0125955,0.014384549,"('intelligent', 'unintelligent')",0.041126024,0.048703033,0.026860762387514114,0.0315437912940979,0.004683028906583786
