,Henry_male,Henry_female,tuple,Schein_male,Schein_female,average_male,average_female,female-male
5,-0.11198047,-0.13302085,"('creative', 'uncreative')",-0.10861388,-0.110752515,-0.11029717326164246,-0.12188668549060822,-0.01158951222896576
3,0.06656515,0.08815324,"('able', 'unable')",-0.039722994,-0.0059482804,0.013421077281236649,0.04110248014330864,0.02768140286207199
6,-0.030411405,-0.02899573,"('capable', 'incapable')",0.03227215,0.01895947,0.0009303716942667961,-0.005018129944801331,-0.005948501639068127
1,0.024391765,0.01681546,"('intelligent', 'unintelligent')",0.033900127,0.037216984,0.029145944863557816,0.02701622247695923,-0.002129722386598587
4,0.019893302,0.014554606,"('rational', 'irrational')",-0.011632469,0.001939812,0.004130416549742222,0.008247208781540394,0.004116792231798172
2,0.019883662,0.023965234,"('intelligent', 'stupid')",0.07184468,0.053200506,0.04586417227983475,0.03858286887407303,-0.007281303405761719
7,0.005590256,-0.0060386593,"('practical', 'impractical')",-0.046678875,-0.04330424,-0.02054430916905403,-0.02467144839465618,-0.00412713922560215
0,0.0007744676,0.011014942,"('competent', 'incompetent')",0.048493974,0.05463984,0.02463422156870365,0.03282739222049713,0.00819317065179348
