,Hess_male,Hess_female,tuple,Corporation_male,Corporation_female,average_male,average_female,female-male
5,-0.12947898,-0.1251232,"('creative', 'uncreative')",-0.08197817,-0.07486644,-0.10572857409715652,-0.09999482333660126,0.005733750760555267
0,0.03590583,0.05238439,"('competent', 'incompetent')",-0.0069387513,0.00029346623,0.014483539387583733,0.026338929310441017,0.011855389922857285
1,0.026728788,0.026389485,"('intelligent', 'unintelligent')",0.025585327,0.033832077,0.026157058775424957,0.030110780149698257,0.0039537213742733
7,-0.02355447,-0.012749826,"('practical', 'impractical')",0.058297187,0.0635866,0.01737135834991932,0.025418387725949287,0.008047029376029968
4,-0.020445567,-0.022361685,"('rational', 'irrational')",-0.006659922,-0.005100324,-0.013552743941545486,-0.013731004670262337,-0.00017826072871685028
2,0.016961113,-0.009406529,"('intelligent', 'stupid')",0.013934675,-0.0056333407,0.015447894111275673,-0.007519935257732868,-0.02296782936900854
6,-0.012299778,-0.014359458,"('capable', 'incapable')",-0.08914686,-0.09466634,-0.05072331801056862,-0.05451289936900139,-0.0037895813584327698
3,-0.008203107,0.027026193,"('able', 'unable')",0.02245296,0.04172615,0.007124926429241896,0.03437617048621178,0.02725124405696988
