,Hewlett_male,Hewlett_female,tuple,Packard_male,Packard_female,Enterprise_male,Enterprise_female,average_male,average_female,female-male
7,-0.09314581,-0.10139241,"('practical', 'impractical')",-0.004838559,-0.00036449957,0.058733214,0.050834313,-0.013083717475334803,-0.016974198321501415,-0.0038904808461666125
0,0.0630951,0.091889635,"('competent', 'incompetent')",0.027202137,0.024651118,0.06994157,0.073107466,0.053412934144337974,0.06321607033411662,0.009803136189778648
2,0.0415186,0.026200203,"('intelligent', 'stupid')",0.025404794,0.022389658,-0.054718163,-0.06679712,0.004068410644928615,-0.006069086492061615,-0.01013749713699023
5,-0.03353281,-0.039781023,"('creative', 'uncreative')",-0.084076725,-0.09467665,-0.037189152,-0.033076074,-0.05159956216812134,-0.05584458510080973,-0.004245022932688393
3,-0.027920805,-0.046016153,"('able', 'unable')",-0.04948018,-0.04086489,-0.010192319,-0.0008119851,-0.02919776737689972,-0.029231009383996327,-3.324200709660732e-05
6,0.027799057,0.025330937,"('capable', 'incapable')",-0.0008250446,0.006753285,-0.10468648,-0.11328025,-0.025904153784116108,-0.02706534167130788,-0.0011611878871917725
4,-0.025428057,-0.024239572,"('rational', 'irrational')",-0.06868122,-0.07187832,-0.030233195,-0.042420715,-0.04144749045372009,-0.04617953300476074,-0.004732042551040649
1,-0.014827864,-0.018820768,"('intelligent', 'unintelligent')",-0.030476112,-0.026092485,0.040054273,0.042416334,-0.001749901721874873,-0.0008323068420092264,0.0009175948798656465
