,Hilton_male,Hilton_female,tuple,Worldwide_male,Worldwide_female,average_male,average_female,female-male
5,-0.16683313,-0.1806306,"('creative', 'uncreative')",-0.1203739,-0.10540332,-0.14360351860523224,-0.1430169641971588,0.0005865544080734253
0,0.061408293,0.073273376,"('competent', 'incompetent')",-0.0031977019,-0.011197847,0.029105294495821,0.031037764623761177,0.001932470127940178
4,-0.052518055,-0.050683044,"('rational', 'irrational')",0.010251665,0.014244933,-0.021133195608854294,-0.018219055607914925,0.002914140000939369
1,0.042045962,0.04778054,"('intelligent', 'unintelligent')",-0.017262513,-0.017968986,0.01239172462373972,0.01490577682852745,0.002514052204787731
6,-0.03578839,-0.0450805,"('capable', 'incapable')",-0.07888024,-0.08433897,-0.05733431875705719,-0.06470973789691925,-0.0073754191398620605
2,0.01533846,0.0028095741,"('intelligent', 'stupid')",0.0298238,0.020097323,0.022581130266189575,0.011453448794782162,-0.011127681471407413
7,-0.013496593,-0.0013752551,"('practical', 'impractical')",-0.03360482,-0.03661169,-0.02355070598423481,-0.018993472680449486,0.004557233303785324
3,0.0033541669,0.022708807,"('able', 'unable')",0.082603596,0.111611396,0.042978882789611816,0.06716009974479675,0.024181216955184937
