,Hologic_male,Hologic_female,tuple,average_male,average_female,female-male
2,0.06721995,0.032777637,"('intelligent', 'stupid')",0.06721995025873184,0.032777637243270874,-0.03444231301546097
6,-0.0426074,-0.044848908,"('capable', 'incapable')",-0.04260740056633949,-0.044848907738924026,-0.0022415071725845337
7,-0.040240422,-0.05486903,"('practical', 'impractical')",-0.04024042189121246,-0.05486902967095375,-0.014628607779741287
5,-0.03359208,-0.002525784,"('creative', 'uncreative')",-0.03359207883477211,-0.0025257840752601624,0.031066294759511948
4,0.02460384,0.031190995,"('rational', 'irrational')",0.024603839963674545,0.031190995126962662,0.0065871551632881165
3,-0.013723166,0.02334109,"('able', 'unable')",-0.013723165728151798,0.023341089487075806,0.037064255215227604
1,-0.012827787,-0.024502143,"('intelligent', 'unintelligent')",-0.01282778661698103,-0.024502143263816833,-0.011674356646835804
0,-0.005357052,0.011619121,"('competent', 'incompetent')",-0.005357052199542522,0.011619120836257935,0.016976173035800457
