,Home_male,Home_female,tuple,Depot_male,Depot_female,average_male,average_female,female-male
1,0.13554172,0.13563721,"('intelligent', 'unintelligent')",0.03464866,0.0346163,0.08509518951177597,0.08512675762176514,3.156810998916626e-05
6,-0.078362994,-0.086269975,"('capable', 'incapable')",-0.06658838,-0.07205958,-0.07247568666934967,-0.0791647732257843,-0.006689086556434631
0,-0.05413629,-0.048102707,"('competent', 'incompetent')",-0.027804315,-0.018374974,-0.04097030311822891,-0.033238839358091354,0.007731463760137558
5,-0.047182407,-0.0649306,"('creative', 'uncreative')",-0.07582424,-0.0771531,-0.061503320932388306,-0.07104185223579407,-0.009538531303405762
7,-0.03790484,-0.059190657,"('practical', 'impractical')",-0.014629324,0.0027639405,-0.02626708149909973,-0.02821335755288601,-0.0019462760537862778
2,-0.02836575,-0.029622499,"('intelligent', 'stupid')",0.07566851,0.03539353,0.023651378229260445,0.002885514870285988,-0.020765863358974457
4,0.010702425,0.012309298,"('rational', 'irrational')",-0.012763648,-0.01658394,-0.0010306118056178093,-0.0021373210474848747,-0.0011067092418670654
3,0.0098485835,0.026854225,"('able', 'unable')",0.05172975,0.08654012,0.030789166688919067,0.05669717118144035,0.025908004492521286
