,Honeywell_male,Honeywell_female,tuple,average_male,average_female,female-male
2,0.06158532,0.03268015,"('intelligent', 'stupid')",0.06158531829714775,0.032680150121450424,-0.028905168175697327
0,-0.046898164,-0.03642312,"('competent', 'incompetent')",-0.046898163855075836,-0.03642312064766884,0.010475043207406998
7,-0.045756206,-0.045443658,"('practical', 'impractical')",-0.045756205916404724,-0.04544365778565407,0.00031254813075065613
5,-0.040480442,-0.036047958,"('creative', 'uncreative')",-0.040480442345142365,-0.036047957837581635,0.00443248450756073
1,0.021884281,0.023941895,"('intelligent', 'unintelligent')",0.021884281188249588,0.023941894993185997,0.002057613804936409
3,-0.01830459,-0.0108204875,"('able', 'unable')",-0.01830459013581276,-0.010820487514138222,0.007484102621674538
4,-0.012298823,0.00061310857,"('rational', 'irrational')",-0.012298823334276676,0.0006131085683591664,0.012911931902635843
6,0.0035681475,-0.0028928556,"('capable', 'incapable')",0.0035681475419551134,-0.002892855554819107,-0.0064610030967742205
