,Host_male,Host_female,tuple,Hotels_male,Hotels_female,&_male,&_female,Resorts_male,Resorts_female,average_male,average_female,female-male
5,-0.11770947,-0.13226558,"('creative', 'uncreative')",-0.08984729,-0.099276304,-0.043580506,-0.054771464,-0.12981044,-0.13698691,-0.09523692727088928,-0.10582506656646729,-0.010588139295578003
3,0.10902939,0.12757275,"('able', 'unable')",0.06546712,0.05472343,0.04109473,0.042220853,0.061200853,0.061748113,0.06919801980257034,0.07156628370285034,0.0023682639002799988
2,0.04416112,0.043909557,"('intelligent', 'stupid')",0.046877414,0.03702908,0.051717956,0.04445349,0.071362995,0.065242834,0.05352987349033356,0.04765874147415161,-0.005871132016181946
6,-0.043080505,-0.051618543,"('capable', 'incapable')",-0.102458745,-0.10588831,-0.01493015,-0.0071977274,-0.06944711,-0.057999115,-0.057479128241539,-0.0556759238243103,0.0018032044172286987
1,-0.01847636,-0.020691432,"('intelligent', 'unintelligent')",0.06319851,0.06803307,0.045052934,0.049999837,0.031895436,0.028165115,0.030417630448937416,0.03137664869427681,0.0009590182453393936
0,-0.0051884875,-0.020447683,"('competent', 'incompetent')",-0.03527311,-0.018201783,-0.009155776,0.0012747109,-0.006000412,-0.004604272,-0.013904445804655552,-0.010494756512343884,0.0034096892923116684
4,-0.0006859866,0.023691677,"('rational', 'irrational')",-0.033810705,-0.035512555,-0.13764003,-0.14945811,-0.06994805,-0.084362894,-0.060521192848682404,-0.06141047179698944,-0.0008892789483070374
7,0.00016244635,0.0024459942,"('practical', 'impractical')",0.053336695,0.056253158,-0.048612878,-0.06842974,0.016138123,0.013319373,0.005256096366792917,0.0008971970528364182,-0.004358899313956499
