,Howmet_male,Howmet_female,tuple,Aerospace_male,Aerospace_female,average_male,average_female,female-male
3,0.038469344,0.03830404,"('able', 'unable')",0.008860971,0.08731792,0.023665158078074455,0.062810979783535,0.03914582170546055
4,0.030841053,0.032118306,"('rational', 'irrational')",-0.030204926,-0.008812274,0.000318063423037529,0.01165301539003849,0.011334951967000961
1,0.025322739,0.023571659,"('intelligent', 'unintelligent')",-0.0044331634,0.028321443,0.01044478826224804,0.02594655007123947,0.015501761808991432
5,0.02318436,0.027294211,"('creative', 'uncreative')",-0.11355433,-0.1336277,-0.04518498480319977,-0.053166743367910385,-0.007981758564710617
7,-0.01916382,-0.023302296,"('practical', 'impractical')",0.01211289,0.03806562,-0.0035254652611911297,0.007381661795079708,0.010907127056270838
0,-0.012680826,-0.034869563,"('competent', 'incompetent')",0.018456474,-0.009266883,0.002887824084609747,-0.022068222984671593,-0.02495604706928134
2,-0.006528045,-0.004120495,"('intelligent', 'stupid')",-0.0075710383,-0.033924934,-0.007049541920423508,-0.019022714346647263,-0.011973172426223755
6,-0.0012493059,-0.00936031,"('capable', 'incapable')",-0.0499678,-0.05507392,-0.025608552619814873,-0.0322171151638031,-0.006608562543988228
