,HP_male,HP_female,tuple,average_male,average_female,female-male
5,-0.103772394,-0.12262149,"('creative', 'uncreative')",-0.10377239435911179,-0.12262149155139923,-0.018849097192287445
4,-0.08276177,-0.08825219,"('rational', 'irrational')",-0.08276177197694778,-0.08825218677520752,-0.005490414798259735
0,0.06433718,0.07808639,"('competent', 'incompetent')",0.06433717906475067,0.07808639109134674,0.01374921202659607
7,-0.05589924,-0.059285946,"('practical', 'impractical')",-0.0558992400765419,-0.05928594619035721,-0.0033867061138153076
1,0.02171957,0.021468533,"('intelligent', 'unintelligent')",0.021719569340348244,0.02146853320300579,-0.000251036137342453
3,-0.021181053,-0.022062797,"('able', 'unable')",-0.021181052550673485,-0.022062797099351883,-0.0008817445486783981
6,-0.018896788,-0.0059156795,"('capable', 'incapable')",-0.018896788358688354,-0.005915679503232241,0.012981108855456114
2,-0.0001405979,-0.012220781,"('intelligent', 'stupid')",-0.00014059789828024805,-0.012220781296491623,-0.012080183398211375
