,Humana_male,Humana_female,tuple,average_male,average_female,female-male
5,-0.096099086,-0.105007775,"('creative', 'uncreative')",-0.09609908610582352,-0.10500777512788773,-0.008908689022064209
4,0.076227166,0.09055522,"('rational', 'irrational')",0.07622716575860977,0.09055522084236145,0.014328055083751678
6,-0.0667553,-0.07214984,"('capable', 'incapable')",-0.06675530225038528,-0.0721498429775238,-0.005394540727138519
2,-0.025804231,-0.031301312,"('intelligent', 'stupid')",-0.02580423094332218,-0.031301312148571014,-0.005497081205248833
7,0.024838528,0.028674146,"('practical', 'impractical')",0.024838527664542198,0.02867414616048336,0.003835618495941162
0,0.019096622,0.01829594,"('competent', 'incompetent')",0.019096622243523598,0.01829594001173973,-0.0008006822317838669
3,-0.01463784,-0.008674912,"('able', 'unable')",-0.01463783998042345,-0.00867491215467453,0.0059629278257489204
1,-0.0002820319,-0.0034684555,"('intelligent', 'unintelligent')",-0.00028203189140185714,-0.0034684555139392614,-0.0031864236225374043
