,Huntington_male,Huntington_female,tuple,Bancshares_male,Bancshares_female,average_male,average_female,female-male
4,-0.12103973,-0.121329464,"('rational', 'irrational')",0.013211418,0.012950787,-0.053914159536361694,-0.05418933928012848,-0.00027517974376678467
6,0.07025211,0.06895692,"('capable', 'incapable')",-0.028744936,-0.022334345,0.020753588527441025,0.02331128716468811,0.0025576986372470856
0,0.037329786,0.03652632,"('competent', 'incompetent')",-0.024476048,-0.021252055,0.006426868960261345,0.007637131959199905,0.0012102629989385605
2,-0.01751373,-0.022312311,"('intelligent', 'stupid')",0.04259145,0.028476927,0.012538859620690346,0.0030823079869151115,-0.009456551633775234
7,0.016739242,0.026039118,"('practical', 'impractical')",-0.025120942,-0.026999233,-0.00419085007160902,-0.0004800576716661453,0.003710792399942875
3,-0.013326496,-0.003121761,"('able', 'unable')",0.055535223,0.05464854,0.021104363724589348,0.025763390585780144,0.004659026861190796
5,-0.0090181995,-0.012888459,"('creative', 'uncreative')",-0.033481494,-0.020413559,-0.021249845623970032,-0.016651008278131485,0.004598837345838547
1,-0.0032220236,-0.0011130854,"('intelligent', 'unintelligent')",0.043491088,0.046132557,0.02013453282415867,0.022509735077619553,0.002375202253460884
