,Huntington_male,Huntington_female,tuple,Ingalls_male,Ingalls_female,Industries_male,Industries_female,average_male,average_female,female-male
4,-0.12103973,-0.121329464,"('rational', 'irrational')",-0.01199857,0.0073143216,-0.026191428,-0.028445857,-0.05307657519976298,-0.047487000624338783,0.005589574575424194
6,0.07025211,0.06895692,"('capable', 'incapable')",0.01013909,0.010257164,-0.11859329,-0.12680347,-0.012734028200308481,-0.01586313048998515,-0.003129102289676668
0,0.037329786,0.03652632,"('competent', 'incompetent')",0.027902007,0.035124518,-0.024362678,-0.012162433,0.01362303892771403,0.019829466938972473,0.006206428011258444
2,-0.01751373,-0.022312311,"('intelligent', 'stupid')",0.040733684,0.03329064,0.03468897,-0.002848296,0.019302974144617718,0.0027100108563899994,-0.016592963288227718
7,0.016739242,0.026039118,"('practical', 'impractical')",-0.07194843,-0.059255697,6.20572e-05,0.010314035,-0.018382377922534943,-0.0076341815292835236,0.010748196393251419
3,-0.013326496,-0.003121761,"('able', 'unable')",0.057664458,0.044130255,0.05982482,0.090144716,0.034720927476882935,0.043717736999193825,0.00899680952231089
5,-0.0090181995,-0.012888459,"('creative', 'uncreative')",-0.08290834,-0.07940556,-0.047391195,-0.045714617,-0.04643924534320831,-0.04600287973880768,0.00043636560440063477
1,-0.0032220236,-0.0011130854,"('intelligent', 'unintelligent')",0.022575807,0.024254,0.051828433,0.053294472,0.023727404574553173,0.025478462378184002,0.0017510578036308289
