,IBM_male,IBM_female,tuple,average_male,average_female,female-male
4,-0.0959504,-0.08943585,"('rational', 'irrational')",-0.0959504023194313,-0.08943585306406021,0.006514549255371094
0,0.07386647,0.07833344,"('competent', 'incompetent')",0.07386647164821625,0.07833343744277954,0.0044669657945632935
3,-0.06212718,-0.053635437,"('able', 'unable')",-0.06212718039751053,-0.05363543704152107,0.008491743355989456
7,-0.054346774,-0.06273817,"('practical', 'impractical')",-0.05434677377343178,-0.06273817270994186,-0.008391398936510086
5,-0.050591312,-0.062699765,"('creative', 'uncreative')",-0.05059131234884262,-0.06269976496696472,-0.0121084526181221
1,-0.028283324,-0.026274752,"('intelligent', 'unintelligent')",-0.02828332409262657,-0.026274751871824265,0.002008572220802307
2,0.024217889,0.01384194,"('intelligent', 'stupid')",0.024217888712882996,0.013841940090060234,-0.010375948622822762
6,0.016245,0.026822148,"('capable', 'incapable')",0.016245000064373016,0.026822147890925407,0.010577147826552391
