,IDEX_male,IDEX_female,tuple,Corporation_male,Corporation_female,average_male,average_female,female-male
0,0.053320706,0.041693598,"('competent', 'incompetent')",-0.0069387513,0.00029346623,0.023190977051854134,0.020993532612919807,-0.002197444438934326
1,-0.022293724,-0.027231202,"('intelligent', 'unintelligent')",0.025585327,0.033832077,0.0016458015888929367,0.003300437703728676,0.0016546361148357391
3,0.01798792,0.045183647,"('able', 'unable')",0.02245296,0.04172615,0.02022043988108635,0.04345490038394928,0.02323446050286293
2,-0.016110253,-0.029179001,"('intelligent', 'stupid')",0.013934675,-0.0056333407,-0.0010877889581024647,-0.017406171187758446,-0.01631838222965598
5,-0.012641678,0.0031668672,"('creative', 'uncreative')",-0.08197817,-0.07486644,-0.04730992391705513,-0.035849783569574356,0.011460140347480774
7,-0.008777702,-0.011168273,"('practical', 'impractical')",0.058297187,0.0635866,0.024759743362665176,0.026209164410829544,0.0014494210481643677
4,-0.0065302425,0.00299245,"('rational', 'irrational')",-0.006659922,-0.005100324,-0.006595082581043243,-0.0010539368959143758,0.005541145685128868
6,-0.005012312,0.000973048,"('capable', 'incapable')",-0.08914686,-0.09466634,-0.04707958549261093,-0.046846646815538406,0.00023293867707252502
