,Idexx_male,Idexx_female,tuple,Laboratories_male,Laboratories_female,average_male,average_female,female-male
0,0.053561267,0.04899409,"('competent', 'incompetent')",-0.031180209,-0.022869192,0.011190528981387615,0.013062449172139168,0.0018719201907515526
7,-0.037216682,-0.041371908,"('practical', 'impractical')",0.051066566,0.051786713,0.006924942135810852,0.005207402631640434,-0.0017175395041704178
6,-0.029114556,-0.021339834,"('capable', 'incapable')",-0.1107992,-0.11355385,-0.06995687633752823,-0.06744684278964996,0.0025100335478782654
1,-0.026048183,-0.02572426,"('intelligent', 'unintelligent')",0.00010405967,0.007488636,-0.012972061522305012,-0.009117811918258667,0.0038542496040463448
2,0.025150433,0.01167792,"('intelligent', 'stupid')",0.021342963,0.0020882138,0.023246698081493378,0.006883067078888416,-0.01636363100260496
5,0.015438423,0.017975852,"('creative', 'uncreative')",-0.0522719,-0.056521058,-0.018416738137602806,-0.01927260309457779,-0.0008558649569749832
4,-0.0095857475,-0.0030662678,"('rational', 'irrational')",0.015613036,0.021586183,0.003013644367456436,0.009259957820177078,0.006246313452720642
3,0.00082648976,0.026254294,"('able', 'unable')",0.021700453,0.031082122,0.011263471096754074,0.028668208047747612,0.017404736950993538
