,IHS_male,IHS_female,tuple,Markit_male,Markit_female,average_male,average_female,female-male
5,-0.057958003,-0.048542798,"('creative', 'uncreative')",-0.063341774,-0.04656503,-0.06064988672733307,-0.04755391180515289,0.013095974922180176
1,0.050293993,0.04354471,"('intelligent', 'unintelligent')",0.012800675,0.010695895,0.03154733404517174,0.027120303362607956,-0.004427030682563782
7,-0.033880595,-0.033177055,"('practical', 'impractical')",-0.028365353,-0.026507093,-0.031122975051403046,-0.0298420749604702,0.001280900090932846
0,0.03270541,0.014556649,"('competent', 'incompetent')",0.0028354877,0.0076763798,0.017770448699593544,0.0111165139824152,-0.006653934717178345
4,-0.02769758,-0.018827597,"('rational', 'irrational')",0.045154046,0.04710635,0.00872823316603899,0.014139377512037754,0.005411144345998764
2,-0.019799767,-0.026381008,"('intelligent', 'stupid')",0.013962358,-0.013037283,-0.0029187044128775597,-0.0197091456502676,-0.01679044123739004
6,0.010331903,0.0014188536,"('capable', 'incapable')",-0.06541629,-0.06495915,-0.027542194351553917,-0.03177015110850334,-0.004227956756949425
3,-0.0077784522,0.014534439,"('able', 'unable')",0.046269197,0.048026517,0.019245373085141182,0.03128047659993172,0.012035103514790535
