,Illinois_male,Illinois_female,tuple,Tool_male,Tool_female,Works_male,Works_female,average_male,average_female,female-male
5,-0.08772157,-0.102997206,"('creative', 'uncreative')",-0.10242737,-0.054154795,-0.026981985,-0.0031647885,-0.0723769764105479,-0.05343892673651377,0.018938049674034126
0,0.055871807,0.051840205,"('competent', 'incompetent')",0.025153676,0.020724442,0.05113877,0.060777236,0.04405475159486135,0.04444729288419088,0.0003925412893295288
3,-0.05022581,-0.014049569,"('able', 'unable')",0.040088702,0.06493051,0.021943744,0.0344023,0.0039355456829071045,0.02842774987220764,0.024492204189300537
4,-0.03440681,-0.01996869,"('rational', 'irrational')",-0.023352152,-0.0403045,-0.038975082,-0.04075882,-0.03224468231201172,-0.033677337070306144,-0.0014326547582944257
2,0.032840338,0.012755436,"('intelligent', 'stupid')",0.02777752,0.010972829,0.06305123,0.041026674,0.04122302929560343,0.021584980189800262,-0.01963804910580317
7,-0.014374987,0.0030167096,"('practical', 'impractical')",-0.014519563,-0.009235281,0.018239567,0.0026699738,-0.003551661347349485,-0.0011828658170998096,0.0023687955302496753
1,0.003881148,0.010353621,"('intelligent', 'unintelligent')",0.007890824,0.004528856,0.029737497,0.047719743,0.013836489369471868,0.02086740732192993,0.007030917952458063
6,-0.0025311548,-0.005990604,"('capable', 'incapable')",-0.08825257,-0.09236665,-0.14104745,-0.13198765,-0.07727705438931783,-0.07678163051605225,0.0004954238732655797
