,Illumina_male,Illumina_female,tuple,average_male,average_female,female-male
3,0.066610985,0.085340336,"('able', 'unable')",0.06661098450422287,0.08534033596515656,0.018729351460933685
0,0.06233528,0.062326543,"('competent', 'incompetent')",0.06233527883887291,0.062326543033123016,-8.735805749893188e-06
7,-0.05811968,-0.06327946,"('practical', 'impractical')",-0.05811968073248863,-0.06327945739030838,-0.005159776657819748
5,-0.0479519,-0.03321366,"('creative', 'uncreative')",-0.04795189946889877,-0.03321366012096405,0.014738239347934723
2,-0.025533438,-0.048427824,"('intelligent', 'stupid')",-0.025533437728881836,-0.048427823930978775,-0.02289438620209694
1,-0.01723222,-0.024457876,"('intelligent', 'unintelligent')",-0.017232220619916916,-0.02445787563920021,-0.007225655019283295
4,-0.002982666,-4.7001373e-05,"('rational', 'irrational')",-0.002982666017487645,-4.700137287727557e-05,0.0029356646446103696
6,-0.002611818,0.011220311,"('capable', 'incapable')",-0.0026118180248886347,0.011220310814678669,0.013832128839567304
