,Incyte_male,Incyte_female,tuple,average_male,average_female,female-male
3,0.08257264,0.088429995,"('able', 'unable')",0.08257263898849487,0.0884299948811531,0.005857355892658234
6,-0.046664048,-0.026286101,"('capable', 'incapable')",-0.046664047986269,-0.02628610096871853,0.02037794701755047
5,-0.03407652,-0.03038707,"('creative', 'uncreative')",-0.034076519310474396,-0.030387070029973984,0.003689449280500412
0,0.021132391,0.023792932,"('competent', 'incompetent')",0.021132390946149826,0.0237929318100214,0.0026605408638715744
1,-0.015888514,-0.021727856,"('intelligent', 'unintelligent')",-0.01588851399719715,-0.021727856248617172,-0.005839342251420021
2,-0.010372521,-0.027377274,"('intelligent', 'stupid')",-0.010372521355748177,-0.02737727388739586,-0.017004752531647682
4,-0.0033361677,-0.011634358,"('rational', 'irrational')",-0.003336167661473155,-0.011634358204901218,-0.008298190543428063
7,-0.0014368868,-0.011041092,"('practical', 'impractical')",-0.0014368868432939053,-0.01104109175503254,-0.009604204911738634
