,Ingersoll_male,Ingersoll_female,tuple,Rand_male,Rand_female,average_male,average_female,female-male
7,-0.099261686,-0.1063088,"('practical', 'impractical')",-0.02884295,-0.02776667,-0.06405232101678848,-0.06703773885965347,-0.0029854178428649902
6,0.058701817,0.06632186,"('capable', 'incapable')",0.020240344,0.023835748,0.039471082389354706,0.04507880285382271,0.005607720464468002
4,-0.042318616,-0.042313445,"('rational', 'irrational')",-0.09630479,-0.08785726,-0.0693117007613182,-0.06508535146713257,0.004226349294185638
2,0.039608043,0.032564253,"('intelligent', 'stupid')",0.0021635157,0.012967611,0.020885778591036797,0.022765930742025375,0.0018801521509885788
0,0.03933767,0.053319942,"('competent', 'incompetent')",0.048696585,0.05530982,0.04401712864637375,0.054314881563186646,0.010297752916812897
5,-0.029722344,-0.023421412,"('creative', 'uncreative')",-0.09970713,-0.11575879,-0.06471473723649979,-0.06959009915590286,-0.004875361919403076
1,0.007105316,0.0005961874,"('intelligent', 'unintelligent')",0.01364966,0.012488546,0.010377488099038601,0.006542366463690996,-0.0038351216353476048
3,0.0060283123,0.00018289256,"('able', 'unable')",-0.02810326,-0.015478013,-0.011037474498152733,-0.007647560443729162,0.0033899140544235706
