,International_male,International_female,tuple,Flavors_male,Flavors_female,&_male,&_female,Fragrances_male,Fragrances_female,average_male,average_female,female-male
5,-0.12200729,-0.11464056,"('creative', 'uncreative')",-0.1264214,-0.15048033,-0.043580506,-0.054771464,-0.08314988,-0.07803996,-0.09378977119922638,-0.09948307275772095,-0.005693301558494568
3,0.1131766,0.09824854,"('able', 'unable')",0.062656105,0.100822225,0.04109473,0.042220853,0.04356756,0.033553928,0.06512375175952911,0.06871138513088226,0.0035876333713531494
6,-0.11211831,-0.09682173,"('capable', 'incapable')",-0.0785258,-0.063710585,-0.01493015,-0.0071977274,-0.07410247,-0.06828553,-0.06991918385028839,-0.05900389701128006,0.010915286839008331
4,0.027949685,0.019367075,"('rational', 'irrational')",-0.009007102,-0.0014125706,-0.13764003,-0.14945811,0.012870286,0.006910597,-0.026456791907548904,-0.03114825300872326,-0.0046914611011743546
1,-0.026011018,-0.014023297,"('intelligent', 'unintelligent')",0.034554336,0.036112223,0.045052934,0.049999837,0.03223258,0.037234444,0.021457206457853317,0.027330800890922546,0.005873594433069229
0,-0.0115038045,-0.0039770664,"('competent', 'incompetent')",-0.010984298,-0.026291493,-0.009155776,0.0012747109,-0.0051447214,0.0036687993,-0.009197150357067585,-0.006331262178719044,0.0028658881783485413
7,0.008239,0.000655524,"('practical', 'impractical')",0.047823414,0.058685668,-0.048612878,-0.06842974,0.05824446,0.04960463,0.016423499211668968,0.010129020549356937,-0.006294478662312031
2,0.0011695327,-0.0063489676,"('intelligent', 'stupid')",-0.018101236,-0.022860209,0.051717956,0.04445349,-0.014163127,-0.01735295,0.005155781749635935,-0.0005271588452160358,-0.005682940594851971
