,Interpublic_male,Interpublic_female,tuple,Group_male,Group_female,average_male,average_female,female-male
7,-0.11531588,-0.11939662,"('practical', 'impractical')",0.07082706,0.06171128,-0.0222444087266922,-0.02884266898036003,-0.006598260253667831
0,0.10715183,0.09834629,"('competent', 'incompetent')",-0.018240994,-0.013088708,0.04445541650056839,0.04262879118323326,-0.0018266253173351288
3,-0.07785711,-0.05924794,"('able', 'unable')",0.07223469,0.08965085,-0.0028112083673477173,0.015201453119516373,0.01801266148686409
5,-0.041348238,-0.028740844,"('creative', 'uncreative')",-0.045939427,-0.050667785,-0.043643832206726074,-0.03970431536436081,0.003939516842365265
6,0.038551502,0.043515712,"('capable', 'incapable')",-0.1054052,-0.10317491,-0.03342684730887413,-0.02982959896326065,0.0035972483456134796
2,0.02261355,0.015183496,"('intelligent', 'stupid')",0.006392564,0.0035066525,0.01450305711477995,0.00934507418423891,-0.0051579829305410385
4,-0.01957173,-0.019291522,"('rational', 'irrational')",0.003967365,-0.004109691,-0.00780218280851841,-0.011700605973601341,-0.0038984231650829315
1,0.008713359,0.0067190924,"('intelligent', 'unintelligent')",0.021084711,0.026755482,0.014899034984409809,0.016737287864089012,0.001838252879679203
