,Intel_male,Intel_female,tuple,average_male,average_female,female-male
0,0.074410886,0.075792335,"('competent', 'incompetent')",0.07441088557243347,0.0757923349738121,0.0013814494013786316
4,-0.07140161,-0.06289839,"('rational', 'irrational')",-0.07140161097049713,-0.06289838999509811,0.008503220975399017
5,-0.071156606,-0.07590324,"('creative', 'uncreative')",-0.07115660607814789,-0.07590323686599731,-0.004746630787849426
3,-0.04261538,-0.01452174,"('able', 'unable')",-0.0426153801381588,-0.01452174037694931,0.028093639761209488
1,-0.03265631,-0.029145006,"('intelligent', 'unintelligent')",-0.03265630826354027,-0.029145006090402603,0.003511302173137665
2,-0.032390516,-0.040677395,"('intelligent', 'stupid')",-0.03239051625132561,-0.04067739471793175,-0.00828687846660614
7,-0.02189718,-0.028120123,"('practical', 'impractical')",-0.021897180005908012,-0.028120122849941254,-0.006222942844033241
6,-0.011718134,0.0002897218,"('capable', 'incapable')",-0.01171813439577818,0.0002897217927966267,0.012007856188574806
