,International_male,International_female,tuple,Paper_male,Paper_female,average_male,average_female,female-male
5,-0.12200729,-0.11464056,"('creative', 'uncreative')",-0.05618145,-0.061028413,-0.0890943706035614,-0.08783448487520218,0.0012598857283592224
3,0.1131766,0.09824854,"('able', 'unable')",0.051667903,0.07480668,0.08242224901914597,0.08652761578559875,0.004105366766452789
6,-0.11211831,-0.09682173,"('capable', 'incapable')",-0.08984529,-0.09743057,-0.10098180174827576,-0.09712615609169006,0.0038556456565856934
4,0.027949685,0.019367075,"('rational', 'irrational')",-0.0028447204,-0.006278259,0.012552482075989246,0.006544407457113266,-0.00600807461887598
1,-0.026011018,-0.014023297,"('intelligent', 'unintelligent')",0.052310336,0.06914045,0.013149659149348736,0.027558576315641403,0.014408917166292667
0,-0.0115038045,-0.0039770664,"('competent', 'incompetent')",-0.08886586,-0.0815183,-0.05018483102321625,-0.04274768382310867,0.0074371472001075745
7,0.008239,0.000655524,"('practical', 'impractical')",0.10393906,0.08725176,0.05608902871608734,0.04395364224910736,-0.01213538646697998
2,0.0011695327,-0.0063489676,"('intelligent', 'stupid')",0.011706281,0.0025144154,0.0064379069954156876,-0.0019172760657966137,-0.008355183061212301
