,Intercontinental_male,Intercontinental_female,tuple,Exchange_male,Exchange_female,average_male,average_female,female-male
5,-0.17049953,-0.16618416,"('creative', 'uncreative')",-0.0594933,-0.049251173,-0.11499641835689545,-0.10771766304969788,0.007278755307197571
3,0.06417178,0.06833578,"('able', 'unable')",0.09708337,0.107842885,0.08062757551670074,0.08808933198451996,0.007461756467819214
6,-0.036747828,-0.038961228,"('capable', 'incapable')",-0.08485385,-0.08460022,-0.060800839215517044,-0.061780720949172974,-0.0009798817336559296
1,0.027110811,0.025993278,"('intelligent', 'unintelligent')",0.030482592,0.029771803,0.02879670262336731,0.027882540598511696,-0.0009141620248556137
0,0.0178388,0.020524327,"('competent', 'incompetent')",-0.048652057,-0.046147294,-0.015406628139317036,-0.012811483815312386,0.00259514432400465
2,-0.016440107,-0.018122504,"('intelligent', 'stupid')",-0.039785236,-0.07008417,-0.02811267226934433,-0.044103335589170456,-0.015990663319826126
4,-0.015993772,-0.010980797,"('rational', 'irrational')",0.07914513,0.07356116,0.031575679779052734,0.03129018098115921,-0.00028549879789352417
7,-0.0062248097,-0.0025224185,"('practical', 'impractical')",0.049594373,0.0567289,0.021684780716896057,0.02710323967039585,0.005418458953499794
