,Intuit_male,Intuit_female,tuple,average_male,average_female,female-male
0,0.0803804,0.0900149,"('competent', 'incompetent')",0.0803804025053978,0.09001489728689194,0.00963449478149414
4,-0.07870375,-0.05106502,"('rational', 'irrational')",-0.07870375365018845,-0.05106502026319504,0.027638733386993408
5,-0.04233703,-0.041467052,"('creative', 'uncreative')",-0.04233703017234802,-0.041467051953077316,0.0008699782192707062
3,-0.03638045,-0.03335577,"('able', 'unable')",-0.036380451172590256,-0.03335576876997948,0.003024682402610779
2,-0.031353377,-0.04302179,"('intelligent', 'stupid')",-0.03135337680578232,-0.0430217906832695,-0.011668413877487183
7,-0.022103176,-0.037397817,"('practical', 'impractical')",-0.02210317552089691,-0.03739781677722931,-0.015294641256332397
1,-0.013041031,-0.039138157,"('intelligent', 'unintelligent')",-0.013041030615568161,-0.03913815692067146,-0.026097126305103302
6,0.0019697112,0.030408908,"('capable', 'incapable')",0.0019697111565619707,0.030408907681703568,0.028439196525141597
