,Intuitive_male,Intuitive_female,tuple,Surgical_male,Surgical_female,average_male,average_female,female-male
5,-0.13234825,-0.12591805,"('creative', 'uncreative')",-0.09640464,-0.07473584,-0.11437644809484482,-0.10032694041728973,0.014049507677555084
3,0.105450176,0.1153889,"('able', 'unable')",0.0538256,0.090680316,0.07963788509368896,0.103034608066082,0.023396722972393036
4,-0.08532325,-0.08457091,"('rational', 'irrational')",0.009747738,-0.00038421652,-0.03778775781393051,-0.0424775630235672,-0.004689805209636688
6,-0.07428406,-0.07054663,"('capable', 'incapable')",-0.0535811,-0.052080404,-0.06393258273601532,-0.06131351739168167,0.0026190653443336487
0,0.03442,0.030635895,"('competent', 'incompetent')",-0.016437624,-0.015470118,0.008991187438368797,0.007582888472825289,-0.0014082989655435085
2,0.024989503,0.019858258,"('intelligent', 'stupid')",0.040559474,0.016396414,0.032774489372968674,0.018127337098121643,-0.01464715227484703
7,-0.01858822,-0.030457042,"('practical', 'impractical')",-0.0052287066,0.012359377,-0.011908464133739471,-0.009048832580447197,0.0028596315532922745
1,-0.0070949644,-0.013171743,"('intelligent', 'unintelligent')",0.010781932,0.0051516755,0.0018434836529195309,-0.004010033793747425,-0.005853517446666956
