,Invesco_male,Invesco_female,tuple,average_male,average_female,female-male
0,0.06226661,0.0872577,"('competent', 'incompetent')",0.06226661056280136,0.08725769817829132,0.02499108761548996
5,-0.03402447,-0.03383912,"('creative', 'uncreative')",-0.034024469554424286,-0.03383912146091461,0.00018534809350967407
4,0.027750617,0.022666598,"('rational', 'irrational')",0.027750616893172264,0.022666597738862038,-0.0050840191543102264
3,0.025675492,0.018774567,"('able', 'unable')",0.025675492361187935,0.018774567171931267,-0.006900925189256668
7,-0.02034404,-0.022207242,"('practical', 'impractical')",-0.020344039425253868,-0.022207241505384445,-0.001863202080130577
1,-0.012039225,-0.021279905,"('intelligent', 'unintelligent')",-0.012039224617183208,-0.02127990499138832,-0.009240680374205112
2,0.004176033,-0.010473285,"('intelligent', 'stupid')",0.004176033195108175,-0.010473284870386124,-0.014649318065494299
6,-0.003711724,0.0018241135,"('capable', 'incapable')",-0.003711723955348134,0.0018241135403513908,0.005535837495699525
