,IPG_male,IPG_female,tuple,Photonics_male,Photonics_female,average_male,average_female,female-male
5,-0.094189696,-0.08499871,"('creative', 'uncreative')",-0.021439513,-0.0025147062,-0.05781460553407669,-0.04375670850276947,0.01405789703130722
6,-0.07369717,-0.06605071,"('capable', 'incapable')",-0.030337598,-0.028116113,-0.05201738327741623,-0.04708341136574745,0.0049339719116687775
2,0.058776867,0.051134527,"('intelligent', 'stupid')",-0.033487003,-0.044037174,0.012644931674003601,0.003548676148056984,-0.009096255525946617
7,-0.046401516,-0.058366816,"('practical', 'impractical')",0.024049517,0.01827963,-0.011175999417901039,-0.020043592900037766,-0.008867593482136726
3,-0.00606419,0.0064698453,"('able', 'unable')",-0.05001917,-0.029313274,-0.02804168127477169,-0.01142171397805214,0.01661996729671955
1,0.0048454,0.00850778,"('intelligent', 'unintelligent')",-0.036880415,-0.027788175,-0.016017507761716843,-0.009640198200941086,0.006377309560775757
0,0.0037392704,-0.0005830062,"('competent', 'incompetent')",0.069417015,0.0636965,0.036578141152858734,0.03155674785375595,-0.005021393299102783
4,-0.0014389971,0.0030939414,"('rational', 'irrational')",-0.051630836,-0.046832755,-0.0265349168330431,-0.02186940610408783,0.004665510728955269
