,IQVIA_male,IQVIA_female,tuple,average_male,average_female,female-male
5,-0.08778506,-0.056812808,"('creative', 'uncreative')",-0.08778505772352219,-0.05681280791759491,0.030972249805927277
0,0.021689963,0.019290058,"('competent', 'incompetent')",0.021689962595701218,0.019290057942271233,-0.002399904653429985
7,-0.017805262,-0.005309125,"('practical', 'impractical')",-0.01780526153743267,-0.005309124942868948,0.012496136594563723
2,0.017189654,-0.026581839,"('intelligent', 'stupid')",0.01718965359032154,-0.026581838726997375,-0.043771492317318916
6,-0.016789602,-0.024639683,"('capable', 'incapable')",-0.016789602115750313,-0.024639682844281197,-0.007850080728530884
3,0.011973628,0.014280986,"('able', 'unable')",0.011973627842962742,0.014280986040830612,0.0023073581978678703
4,0.003130038,0.013391525,"('rational', 'irrational')",0.003130038036033511,0.01339152455329895,0.010261486517265439
1,0.0030402318,-0.005666927,"('intelligent', 'unintelligent')",0.003040231764316559,-0.005666926968842745,-0.008707158733159304
