,Iron_male,Iron_female,tuple,Mountain_male,Mountain_female,average_male,average_female,female-male
3,0.09731512,0.09988436,"('able', 'unable')",0.15150823,0.13386594,0.1244116723537445,0.11687514930963516,-0.0075365230441093445
6,-0.09207175,-0.10204641,"('capable', 'incapable')",-0.07860448,-0.067406796,-0.08533811569213867,-0.08472660183906555,0.0006115138530731201
0,-0.061381925,-0.025352804,"('competent', 'incompetent')",0.009788327,0.008588478,-0.02579679898917675,-0.008382163010537624,0.017414635978639126
5,-0.058756363,-0.06930137,"('creative', 'uncreative')",-0.11007317,-0.09903661,-0.0844147652387619,-0.08416898548603058,0.00024577975273132324
4,0.04004885,0.01822448,"('rational', 'irrational')",-0.007541467,-0.021433055,0.016253691166639328,-0.0016042878851294518,-0.01785797905176878
7,0.039243415,0.044515345,"('practical', 'impractical')",-0.05752129,-0.054763094,-0.009138938039541245,-0.005123874172568321,0.004015063866972923
2,0.013079063,-0.01534201,"('intelligent', 'stupid')",0.09889988,0.08104504,0.05598947033286095,0.03285151347517967,-0.023137956857681274
1,0.0063337334,0.026225679,"('intelligent', 'unintelligent')",-0.013382555,-0.004597552,-0.0035244107712060213,0.010814063251018524,0.014338474022224545
