,J._male,J._female,tuple,B._male,B._female,Hunt_male,Hunt_female,average_male,average_female,female-male
3,0.10897819,0.1123752,"('able', 'unable')",0.13703983,0.13581973,0.09637656,0.11879215,0.11413153012593587,0.12232902646064758,0.008197496334711715
0,-0.106614456,-0.10835396,"('competent', 'incompetent')",-0.1517853,-0.13961115,-0.021863427,-0.014637319,-0.09342106183369954,-0.08753413955370586,0.005886922279993684
7,0.08432011,0.091440074,"('practical', 'impractical')",0.08500867,0.07081983,-0.013443389,-0.00946754,0.05196179449558258,0.050930788119633995,-0.0010310063759485857
1,0.074922845,0.06857618,"('intelligent', 'unintelligent')",0.059621118,0.05443579,0.016747901,0.024883362,0.05043062071005503,0.04929844538370768,-0.001132175326347351
2,-0.07199957,-0.06617094,"('intelligent', 'stupid')",-0.05872732,-0.051082734,0.06720543,0.038872994,-0.02117381989955902,-0.02612689385811488,-0.0049530739585558585
6,-0.0411916,-0.038405813,"('capable', 'incapable')",-0.10711903,-0.089850046,-0.054453086,-0.05823369,-0.06758790711561839,-0.06216318408648173,0.005424723029136665
5,0.012105407,-0.0026191361,"('creative', 'uncreative')",0.008513885,9.5688294e-05,-0.1209728,-0.11141783,-0.03345116972923279,-0.03798042486111323,-0.00452925513188044
4,-0.010834323,-0.024211241,"('rational', 'irrational')",0.066704124,0.052877363,0.011312767,0.00713578,0.022394190231959026,0.011933967471122742,-0.010460222760836285
