,Jack_male,Jack_female,tuple,Henry_male,Henry_female,&_male,&_female,Associates_male,Associates_female,average_male,average_female,female-male
5,-0.09606988,-0.092743635,"('creative', 'uncreative')",-0.11198047,-0.13302085,-0.043580506,-0.054771464,-0.028079394,-0.056013387,-0.06992755830287933,-0.08413732796907425,-0.014209769666194916
6,-0.07999253,-0.071482144,"('capable', 'incapable')",-0.030411405,-0.02899573,-0.01493015,-0.0071977274,-0.063566275,-0.05345302,-0.04722508788108826,-0.04028215631842613,0.006942931562662125
3,0.07862791,0.08864268,"('able', 'unable')",0.06656515,0.08815324,0.04109473,0.042220853,0.059353273,0.057105497,0.061410266906023026,0.06903056800365448,0.0076203010976314545
4,0.04586254,0.040557012,"('rational', 'irrational')",0.019893302,0.014554606,-0.13764003,-0.14945811,-0.02945656,-0.031455167,-0.02533518522977829,-0.031450413167476654,-0.006115227937698364
2,0.03940057,0.0450531,"('intelligent', 'stupid')",0.019883662,0.023965234,0.051717956,0.04445349,-0.0006774175,-0.0017233321,0.027581194415688515,0.02793712168931961,0.0003559272736310959
1,0.025511123,0.022382913,"('intelligent', 'unintelligent')",0.024391765,0.01681546,0.045052934,0.049999837,-0.012504288,-0.012835168,0.02061288245022297,0.019090760499238968,-0.0015221219509840012
0,-0.016224729,-0.02457286,"('competent', 'incompetent')",0.0007744676,0.011014942,-0.009155776,0.0012747109,0.004096792,0.019700674,-0.005127311684191227,0.0018543666228652,0.006981678307056427
7,0.012353549,-0.004195884,"('practical', 'impractical')",0.005590256,-0.0060386593,-0.048612878,-0.06842974,0.025903927,0.014106077,-0.0011912863701581955,-0.016139550134539604,-0.014948263764381409
