,Jacobs_male,Jacobs_female,tuple,Engineering_male,Engineering_female,Group_male,Group_female,average_male,average_female,female-male
5,-0.08475668,-0.09981758,"('creative', 'uncreative')",-0.014067756,-0.0013150432,-0.045939427,-0.050667785,-0.04825461904207865,-0.05060013631979624,-0.0023455172777175903
6,-0.07312741,-0.06703669,"('capable', 'incapable')",-0.1035275,-0.11139851,-0.1054052,-0.10317491,-0.09402002890904744,-0.09387004375457764,0.00014998515446980332
0,0.056663815,0.055500366,"('competent', 'incompetent')",-0.009205706,-0.0024737483,-0.018240994,-0.013088708,0.009739038224021593,0.013312636564175287,0.003573598340153694
4,-0.05154488,-0.057787694,"('rational', 'irrational')",-0.056297198,-0.06375221,0.003967365,-0.004109691,-0.03462490191062292,-0.0418832004070282,-0.007258298496405281
1,0.037024964,0.031573515,"('intelligent', 'unintelligent')",0.02309266,0.02499094,0.021084711,0.026755482,0.02706744521856308,0.027773313224315643,0.0007058680057525635
7,-0.022566248,-0.016968818,"('practical', 'impractical')",-0.0121877035,-0.0025188234,0.07082706,0.06171128,0.012024369090795517,0.01407454659541448,0.002050177504618963
2,0.015659617,0.011194279,"('intelligent', 'stupid')",0.051850006,0.029129926,0.006392564,0.0035066525,0.0246340607603391,0.014610285560290018,-0.010023775200049082
3,-0.0053323666,-0.008379147,"('able', 'unable')",-0.0037530572,0.024475237,0.07223469,0.08965085,0.021049755314985912,0.035248979926109314,0.014199224611123402
