,JM_male,JM_female,tuple,Smucker_male,Smucker_female,average_male,average_female,female-male
5,-0.079864435,-0.091578506,"('creative', 'uncreative')",-0.047005907,-0.028980337,-0.06343516707420349,-0.060279421508312225,0.003155745565891266
1,0.03869007,0.030535905,"('intelligent', 'unintelligent')",-0.020357342,-0.02770727,0.009166364558041096,0.001414317637681961,-0.007752046920359135
0,-0.035888735,-0.029276358,"('competent', 'incompetent')",0.044535883,0.02680161,0.004323573783040047,-0.001237373799085617,-0.005560947582125664
2,0.024614876,0.019029595,"('intelligent', 'stupid')",0.053505637,0.035598535,0.039060257375240326,0.027314065024256706,-0.01174619235098362
7,-0.022957755,-0.023173235,"('practical', 'impractical')",-0.05245933,-0.027580542,-0.03770854324102402,-0.02537688985466957,0.012331653386354446
4,-0.017626049,-0.0060288957,"('rational', 'irrational')",0.008998895,0.035484046,-0.004313576966524124,0.014727574773132801,0.019041151739656925
6,-0.009324894,-0.008150505,"('capable', 'incapable')",-0.028724093,-0.024547795,-0.019024493172764778,-0.016349149867892265,0.002675343304872513
3,-0.0019606352,0.013151681,"('able', 'unable')",-0.03835276,-0.015854172,-0.020156698301434517,-0.001351245678961277,0.01880545262247324
