,Johnson_male,Johnson_female,tuple,Controls_male,Controls_female,average_male,average_female,female-male
4,-0.08448725,-0.07160465,"('rational', 'irrational')",-0.033657864,-0.0298016,-0.05907255783677101,-0.05070312321186066,0.008369434624910355
2,0.060944486,0.05317627,"('intelligent', 'stupid')",-0.050981596,-0.07467974,0.004981445148587227,-0.010751735419034958,-0.015733180567622185
7,-0.057517014,-0.0691131,"('practical', 'impractical')",0.039540485,0.048316866,-0.008988264948129654,-0.01039811596274376,-0.0014098510146141052
3,0.04900264,0.059537448,"('able', 'unable')",0.011195562,0.0474772,0.03009910136461258,0.05350732430815697,0.023408222943544388
5,-0.04740719,-0.0628699,"('creative', 'uncreative')",-0.013035672,-0.019929267,-0.03022143244743347,-0.04139958322048187,-0.011178150773048401
1,0.025373472,0.030157674,"('intelligent', 'unintelligent')",0.011983682,-0.0023682134,0.0186785776168108,0.013894730247557163,-0.004783847369253635
0,-0.009729139,0.0066271885,"('competent', 'incompetent')",-0.010318551,-0.00603334,-0.010023845359683037,0.00029692426323890686,0.010320769622921944
6,-0.0013050875,0.002134632,"('capable', 'incapable')",-0.075311445,-0.067054145,-0.038308266550302505,-0.03245975822210312,0.005848508328199387
