,Johnson_male,Johnson_female,tuple,&_male,&_female,average_male,average_female,female-male
4,-0.08448725,-0.07160465,"('rational', 'irrational')",-0.13764003,-0.14945811,-0.1110636442899704,-0.11053137481212616,0.0005322694778442383
2,0.060944486,0.05317627,"('intelligent', 'stupid')",0.051717956,0.04445349,0.056331221014261246,0.04881487786769867,-0.007516343146562576
7,-0.057517014,-0.0691131,"('practical', 'impractical')",-0.048612878,-0.06842974,-0.053064946085214615,-0.06877142190933228,-0.01570647582411766
3,0.04900264,0.059537448,"('able', 'unable')",0.04109473,0.042220853,0.045048683881759644,0.05087915062904358,0.0058304667472839355
5,-0.04740719,-0.0628699,"('creative', 'uncreative')",-0.043580506,-0.054771464,-0.045493848621845245,-0.058820679783821106,-0.01332683116197586
1,0.025373472,0.030157674,"('intelligent', 'unintelligent')",0.045052934,0.049999837,0.035213202238082886,0.04007875546813011,0.004865553230047226
0,-0.009729139,0.0066271885,"('competent', 'incompetent')",-0.009155776,0.0012747109,-0.009442457929253578,0.0039509497582912445,0.013393407687544823
6,-0.0013050875,0.002134632,"('capable', 'incapable')",-0.01493015,-0.0071977274,-0.008117618039250374,-0.0025315475650131702,0.005586070474237204
