,JPMorgan_male,JPMorgan_female,tuple,Chase_male,Chase_female,average_male,average_female,female-male
5,-0.113483265,-0.12600712,"('creative', 'uncreative')",-0.1584117,-0.18349054,-0.13594748079776764,-0.1547488272190094,-0.01880134642124176
0,0.08622989,0.09997421,"('competent', 'incompetent')",0.0024535276,0.02127415,0.04434170946478844,0.06062417849898338,0.016282469034194946
4,-0.074881114,-0.060562447,"('rational', 'irrational')",-0.042234354,-0.022857253,-0.05855773389339447,-0.04170984774827957,0.0168478861451149
7,-0.070859976,-0.070651636,"('practical', 'impractical')",-0.03118839,-0.01528228,-0.0510241836309433,-0.04296695813536644,0.008057225495576859
2,0.052598733,0.05237724,"('intelligent', 'stupid')",0.043225776,0.027455488,0.04791225492954254,0.03991636261343956,-0.007995892316102982
6,0.05000916,0.04750606,"('capable', 'incapable')",-0.023292804,-0.031638563,0.013358178548514843,0.00793374888598919,-0.005424429662525654
3,-0.016709922,-0.012188795,"('able', 'unable')",0.05209602,0.056482997,0.01769305020570755,0.022147100418806076,0.004454050213098526
1,-0.014530667,-0.020154826,"('intelligent', 'unintelligent')",0.040307377,0.03776562,0.012888355180621147,0.008805396035313606,-0.004082959145307541
