,Juniper_male,Juniper_female,tuple,Networks_male,Networks_female,average_male,average_female,female-male
5,-0.12627724,-0.12950243,"('creative', 'uncreative')",-0.026257303,-0.015863724,-0.07626727223396301,-0.07268308103084564,0.0035841912031173706
4,-0.0514909,-0.050066896,"('rational', 'irrational')",-0.06761412,-0.06757028,-0.05955251306295395,-0.05881858617067337,0.0007339268922805786
2,0.043842304,0.0327812,"('intelligent', 'stupid')",-0.0035509127,-0.023424815,0.02014569565653801,0.004678191617131233,-0.015467504039406776
3,0.03862516,0.05633318,"('able', 'unable')",-0.04826699,-0.009374253,-0.004820914939045906,0.023479463532567024,0.02830037847161293
7,-0.03163484,-0.025655933,"('practical', 'impractical')",-0.0012453933,-0.015178284,-0.016440117731690407,-0.02041710913181305,-0.0039769914001226425
0,0.026085969,0.023322642,"('competent', 'incompetent')",0.038672302,0.05051603,0.032379135489463806,0.03691933676600456,0.004540201276540756
6,-0.01870881,-0.026285281,"('capable', 'incapable')",-0.04670962,-0.04562275,-0.032709214836359024,-0.03595401719212532,-0.0032448023557662964
1,-0.005970747,0.0073337,"('intelligent', 'unintelligent')",0.002100404,0.015646067,-0.0019351716618984938,0.011489883065223694,0.013425054727122188
