,Kansas_male,Kansas_female,tuple,City_male,City_female,Southern_male,Southern_female,average_male,average_female,female-male
5,-0.08597087,-0.09563898,"('creative', 'uncreative')",-0.0674362,-0.03715484,-0.10436382,-0.11594835,-0.08592363198598225,-0.08291405439376831,0.003009577592213944
4,-0.07580317,-0.06347272,"('rational', 'irrational')",-0.028964654,-0.01869954,-0.01777047,-0.029109044,-0.04084609697262446,-0.03709376851717631,0.0037523284554481506
2,0.047002424,0.024014812,"('intelligent', 'stupid')",0.008556028,-0.017025324,0.017198255,0.027234297,0.024252235889434814,0.011407929162184397,-0.012844306727250418
6,0.044313658,0.043187883,"('capable', 'incapable')",-0.11302101,-0.12533489,-0.013896533,0.014751132,-0.02753462642431259,-0.02246529112259547,0.005069335301717121
3,-0.029481113,-0.013662154,"('able', 'unable')",0.07779945,0.091328025,-0.0036308474,-0.011662078,0.014895829061667124,0.02200126399596532,0.007105434934298197
1,0.008539246,0.014226906,"('intelligent', 'unintelligent')",0.020228516,0.035196684,-0.0020290108,-0.0032358016,0.008912917226552963,0.015395929416020712,0.006483012189467749
7,-0.005747799,0.010882036,"('practical', 'impractical')",0.041757535,0.038954183,0.04205683,0.04174335,0.026022188365459442,0.03052652378877004,0.004504335423310597
0,-0.003157227,-8.617549e-07,"('competent', 'incompetent')",0.032018125,0.03235848,0.002320698,0.0034935826,0.010393865406513214,0.011950399726629257,0.001556534320116043
