,Kellogg's_male,Kellogg's_female,tuple,average_male,average_female,female-male
5,-0.112715654,-0.11533249,"('creative', 'uncreative')",-0.11271565407514572,-0.11533249169588089,-0.0026168376207351685
0,0.096649975,0.10326957,"('competent', 'incompetent')",0.09664997458457947,0.10326956957578659,0.006619594991207123
3,-0.0763908,-0.067566514,"('able', 'unable')",-0.07639080286026001,-0.06756651401519775,0.008824288845062256
7,-0.054106027,-0.056483414,"('practical', 'impractical')",-0.05410602688789368,-0.05648341402411461,-0.002377387136220932
1,-0.037586756,-0.043226473,"('intelligent', 'unintelligent')",-0.0375867560505867,-0.04322647303342819,-0.005639716982841492
4,-0.03153626,-0.04363512,"('rational', 'irrational')",-0.03153625875711441,-0.04363511875271797,-0.012098859995603561
6,-0.020380516,-0.022895359,"('capable', 'incapable')",-0.020380515605211258,-0.022895358502864838,-0.0025148428976535797
2,-0.0105713345,-0.014108383,"('intelligent', 'stupid')",-0.010571334511041641,-0.014108383096754551,-0.0035370485857129097
