,KeyCorp_male,KeyCorp_female,tuple,average_male,average_female,female-male
5,-0.11957519,-0.12304978,"('creative', 'uncreative')",-0.11957518756389618,-0.1230497807264328,-0.003474593162536621
7,-0.09028355,-0.08637093,"('practical', 'impractical')",-0.09028355032205582,-0.08637093007564545,0.00391262024641037
4,-0.08541167,-0.08055228,"('rational', 'irrational')",-0.0854116678237915,-0.08055227994918823,0.0048593878746032715
2,0.06597227,0.04954906,"('intelligent', 'stupid')",0.06597226858139038,0.04954906180500984,-0.01642320677638054
0,0.046770457,0.049459364,"('competent', 'incompetent')",0.04677045717835426,0.049459364265203476,0.0026889070868492126
3,0.026577339,0.02837204,"('able', 'unable')",0.026577338576316833,0.028372040018439293,0.0017947014421224594
6,0.024584636,0.014816211,"('capable', 'incapable')",0.024584636092185974,0.014816210605204105,-0.009768425486981869
1,-0.0036083048,0.002158713,"('intelligent', 'unintelligent')",-0.003608304774388671,0.002158713061362505,0.005767017835751176
