,Keysight_male,Keysight_female,tuple,Technologies_male,Technologies_female,average_male,average_female,female-male
3,0.08943087,0.09617321,"('able', 'unable')",0.049809396,0.0571437,0.06962013244628906,0.0766584575176239,0.007038325071334839
6,-0.06426507,-0.05731579,"('capable', 'incapable')",-0.058701407,-0.061793387,-0.061483241617679596,-0.05955458804965019,0.0019286535680294037
0,-0.04874823,-0.0341151,"('competent', 'incompetent')",0.03510259,0.054882664,-0.006822818890213966,0.010383782908320427,0.017206601798534393
5,0.03280236,0.020990226,"('creative', 'uncreative')",-0.055901635,-0.041397434,-0.011549638584256172,-0.010203603655099869,0.0013460349291563034
7,-0.02601288,-0.03790403,"('practical', 'impractical')",0.045350242,0.041509427,0.009668680839240551,0.001802697777748108,-0.007865983061492443
4,-0.025645966,-0.018767815,"('rational', 'irrational')",-0.048406024,-0.06244943,-0.037025995552539825,-0.04060862213373184,-0.0035826265811920166
2,0.0101642255,0.000605092,"('intelligent', 'stupid')",-0.060219824,-0.07023267,-0.025027800351381302,-0.034813787788152695,-0.009785987436771393
1,-0.004007731,-0.02033175,"('intelligent', 'unintelligent')",-0.030000392,-0.024963813,-0.017004061490297318,-0.022647781297564507,-0.005643719807267189
