,Kimberly-Clark_male,Kimberly-Clark_female,tuple,average_male,average_female,female-male
5,-0.23194715,-0.23670553,"('creative', 'uncreative')",-0.2319471538066864,-0.23670552670955658,-0.004758372902870178
0,0.14715706,0.16412164,"('competent', 'incompetent')",0.14715705811977386,0.16412164270877838,0.016964584589004517
3,-0.13352424,-0.12878902,"('able', 'unable')",-0.13352423906326294,-0.128789022564888,0.004735216498374939
2,0.10381405,0.09870974,"('intelligent', 'stupid')",0.10381405055522919,0.09870973974466324,-0.0051043108105659485
7,-0.06965984,-0.066281155,"('practical', 'impractical')",-0.06965983659029007,-0.06628115475177765,0.0033786818385124207
4,-0.068784595,-0.1111428,"('rational', 'irrational')",-0.06878459453582764,-0.11114279925823212,-0.04235820472240448
6,0.047970317,0.05864448,"('capable', 'incapable')",0.04797031730413437,0.058644481003284454,0.010674163699150085
1,-0.037775874,-0.027375996,"('intelligent', 'unintelligent')",-0.03777587413787842,-0.027375996112823486,0.010399878025054932
