,Kimco_male,Kimco_female,tuple,Realty_male,Realty_female,average_male,average_female,female-male
4,0.058160212,0.042542003,"('rational', 'irrational')",0.02181944,0.01759541,0.03998982533812523,0.03006870672106743,-0.0099211186170578
5,-0.05639124,-0.06569096,"('creative', 'uncreative')",-0.108653076,-0.106147446,-0.08252215385437012,-0.08591920137405396,-0.003397047519683838
3,0.04956038,0.059303258,"('able', 'unable')",0.0037134718,0.001067681,0.026636924594640732,0.03018546849489212,0.0035485439002513885
1,-0.03339594,-0.03681081,"('intelligent', 'unintelligent')",-0.008170877,-0.011758192,-0.020783407613635063,-0.024284502491354942,-0.003501094877719879
6,-0.024564302,-0.0112938285,"('capable', 'incapable')",-0.07620914,-0.06434299,-0.05038672313094139,-0.037818409502506256,0.012568313628435135
2,0.01998533,0.015678177,"('intelligent', 'stupid')",0.08057999,0.07230626,0.05028265714645386,0.043992217630147934,-0.0062904395163059235
0,0.017745968,0.01323325,"('competent', 'incompetent')",0.048141032,0.06518263,0.03294350206851959,0.03920794278383255,0.006264440715312958
7,0.0021790913,-0.0031278864,"('practical', 'impractical')",-0.039317068,-0.050735347,-0.018568988889455795,-0.02693161740899086,-0.008362628519535065
