,Kinder_male,Kinder_female,tuple,Morgan_male,Morgan_female,average_male,average_female,female-male
7,-0.120930485,-0.089385994,"('practical', 'impractical')",-0.0025736152,0.010870121,-0.06175205111503601,-0.03925793617963791,0.022494114935398102
5,-0.08937344,-0.03379349,"('creative', 'uncreative')",-0.13691147,-0.14963378,-0.1131424531340599,-0.09171363711357117,0.02142881602048874
3,0.07344283,0.10440301,"('able', 'unable')",0.030437285,0.035678998,0.051940057426691055,0.0700410008430481,0.01810094341635704
2,0.061861902,0.0030948562,"('intelligent', 'stupid')",0.05528615,0.04630692,0.05857402831315994,0.024700887501239777,-0.033873140811920166
4,0.053934902,0.07628406,"('rational', 'irrational')",-0.033233434,-0.012327305,0.010350733995437622,0.03197837620973587,0.02162764221429825
6,-0.036349438,-0.06539483,"('capable', 'incapable')",-0.014972761,-0.023287617,-0.025661099702119827,-0.04434122517704964,-0.01868012547492981
0,0.020994473,-0.005786158,"('competent', 'incompetent')",0.0034667538,-0.0025154147,0.012230613268911839,-0.004150786437094212,-0.01638139970600605
1,-0.010904728,-0.014115616,"('intelligent', 'unintelligent')",0.018438729,0.024796009,0.0037670000456273556,0.005340196657925844,0.0015731966122984886
