,KLA_male,KLA_female,tuple,Corporation_male,Corporation_female,average_male,average_female,female-male
4,0.06426006,0.06983739,"('rational', 'irrational')",-0.006659922,-0.005100324,0.02880006842315197,0.032368533313274384,0.0035684648901224136
6,-0.05215321,-0.047820132,"('capable', 'incapable')",-0.08914686,-0.09466634,-0.07065003365278244,-0.07124323397874832,-0.0005932003259658813
0,0.025843676,0.02679233,"('competent', 'incompetent')",-0.0069387513,0.00029346623,0.009452462196350098,0.013542897999286652,0.004090435802936554
5,-0.024462234,-0.02244226,"('creative', 'uncreative')",-0.08197817,-0.07486644,-0.05322020500898361,-0.04865434765815735,0.004565857350826263
7,-0.0130491555,-0.0299658,"('practical', 'impractical')",0.058297187,0.0635866,0.02262401580810547,0.016810400411486626,-0.005813615396618843
3,0.009009718,0.021066746,"('able', 'unable')",0.02245296,0.04172615,0.015731338411569595,0.031396448612213135,0.01566511020064354
1,0.0006087961,0.0044398275,"('intelligent', 'unintelligent')",0.025585327,0.033832077,0.013097061775624752,0.01913595199584961,0.006038890220224857
2,-0.00028779305,-0.013637104,"('intelligent', 'stupid')",0.013934675,-0.0056333407,0.0068234410136938095,-0.009635222144424915,-0.016458663158118725
