,Kraft_male,Kraft_female,tuple,Heinz_male,Heinz_female,average_male,average_female,female-male
5,-0.09175083,-0.1112291,"('creative', 'uncreative')",-0.15301563,-0.14593926,-0.1223832294344902,-0.12858417630195618,-0.006200946867465973
6,-0.07004529,-0.06543556,"('capable', 'incapable')",0.009883492,0.0011964424,-0.030080899596214294,-0.03211955726146698,-0.0020386576652526855
1,0.045360245,0.049588908,"('intelligent', 'unintelligent')",0.026190594,0.029236007,0.03577541932463646,0.03941245749592781,0.0036370381712913513
2,0.043813,0.039127108,"('intelligent', 'stupid')",0.033693496,0.016691227,0.03875324875116348,0.027909167110919952,-0.01084408164024353
3,0.04042033,0.041880175,"('able', 'unable')",-0.031151988,-0.013456263,0.004634171724319458,0.014211956411600113,0.009577784687280655
0,0.031111227,0.039254475,"('competent', 'incompetent')",0.055385392,0.053076535,0.043248310685157776,0.046165503561496735,0.0029171928763389587
4,-0.026976563,-0.03335054,"('rational', 'irrational')",-0.042943157,-0.03393078,-0.034959860146045685,-0.03364066034555435,0.001319199800491333
7,-0.0018170353,-0.003543055,"('practical', 'impractical')",-0.086946376,-0.08006001,-0.044381704181432724,-0.041801534593105316,0.002580169588327408
