,Kroger_male,Kroger_female,tuple,average_male,average_female,female-male
5,-0.087728895,-0.07335607,"('creative', 'uncreative')",-0.08772889524698257,-0.07335606962442398,0.014372825622558594
7,-0.07641314,-0.07931943,"('practical', 'impractical')",-0.07641313970088959,-0.07931943237781525,-0.002906292676925659
0,0.06672034,0.06566206,"('competent', 'incompetent')",0.06672033667564392,0.06566206365823746,-0.0010582730174064636
2,0.06455116,0.05097696,"('intelligent', 'stupid')",0.06455115973949432,0.050976961851119995,-0.013574197888374329
3,-0.057921927,-0.05957926,"('able', 'unable')",-0.05792192742228508,-0.059579260647296906,-0.0016573332250118256
4,0.051990587,0.06437718,"('rational', 'irrational')",0.05199058726429939,0.06437718123197556,0.012386593967676163
6,-0.026906855,-0.024911981,"('capable', 'incapable')",-0.026906855404376984,-0.02491198107600212,0.0019948743283748627
1,0.008137056,0.0005752905,"('intelligent', 'unintelligent')",0.008137055672705173,0.0005752905271947384,-0.007561765145510435
