,L3Harris_male,L3Harris_female,tuple,Technologies_male,Technologies_female,average_male,average_female,female-male
6,-0.07770671,-0.07447237,"('capable', 'incapable')",-0.058701407,-0.061793387,-0.06820406019687653,-0.06813287734985352,7.118284702301025e-05
3,0.048145656,0.053590246,"('able', 'unable')",0.049809396,0.0571437,0.04897752404212952,0.05536697059869766,0.006389446556568146
4,0.039272092,0.038274996,"('rational', 'irrational')",-0.048406024,-0.06244943,-0.004566965624690056,-0.012087216600775719,-0.007520250976085663
7,-0.031890154,-0.03972504,"('practical', 'impractical')",0.045350242,0.041509427,0.006730044260621071,0.0008921939879655838,-0.005837850272655487
0,0.028413186,0.026720274,"('competent', 'incompetent')",0.03510259,0.054882664,0.031757887452840805,0.04080146923661232,0.009043581783771515
1,0.004457184,0.002557713,"('intelligent', 'unintelligent')",-0.030000392,-0.024963813,-0.01277160458266735,-0.011203049682080746,0.001568554900586605
5,-0.0036904905,-0.007870516,"('creative', 'uncreative')",-0.055901635,-0.041397434,-0.029796063899993896,-0.024633973836898804,0.005162090063095093
2,0.0021671082,0.00051366206,"('intelligent', 'stupid')",-0.060219824,-0.07023267,-0.02902635745704174,-0.03485950082540512,-0.00583314336836338
