,LabCorp_male,LabCorp_female,tuple,average_male,average_female,female-male
3,0.07099899,0.07730471,"('able', 'unable')",0.07099898904561996,0.07730471342802048,0.006305724382400513
5,-0.066499576,-0.07838016,"('creative', 'uncreative')",-0.06649957597255707,-0.07838016003370285,-0.011880584061145782
6,-0.046598922,-0.047321953,"('capable', 'incapable')",-0.046598922461271286,-0.047321952879428864,-0.0007230304181575775
0,0.027673092,0.024594793,"('competent', 'incompetent')",0.027673091739416122,0.02459479309618473,-0.003078298643231392
1,-0.025425427,-0.0202058,"('intelligent', 'unintelligent')",-0.02542542666196823,-0.020205799490213394,0.005219627171754837
4,-0.012066916,-0.013655467,"('rational', 'irrational')",-0.01206691563129425,-0.013655466958880424,-0.001588551327586174
2,0.0050478755,0.0036357087,"('intelligent', 'stupid')",0.005047875456511974,0.0036357087083160877,-0.0014121667481958866
7,-0.0031348716,-0.0034913283,"('practical', 'impractical')",-0.0031348716001957655,-0.0034913283307105303,-0.0003564567305147648
