,Lam_male,Lam_female,tuple,Research_male,Research_female,average_male,average_female,female-male
5,-0.16567335,-0.15441397,"('creative', 'uncreative')",-0.039146855,-0.035050184,-0.10241010040044785,-0.09473207592964172,0.007678024470806122
0,0.060400847,0.051399216,"('competent', 'incompetent')",-0.021795955,-0.011627403,0.019302446395158768,0.01988590694963932,0.0005834605544805527
6,-0.046690043,-0.06336855,"('capable', 'incapable')",-0.0872012,-0.08669756,-0.0669456198811531,-0.07503305375576019,-0.008087433874607086
1,0.03513858,0.035905305,"('intelligent', 'unintelligent')",0.0073145004,0.0077807507,0.021226540207862854,0.02184302732348442,0.0006164871156215668
4,-0.026233844,-0.016277578,"('rational', 'irrational')",-0.013644066,-0.01926604,-0.019938955083489418,-0.017771808430552483,0.0021671466529369354
7,-0.016612712,-0.0072978535,"('practical', 'impractical')",0.008864094,0.019074775,-0.0038743093609809875,0.005888461135327816,0.009762770496308804
3,0.011408233,0.035287004,"('able', 'unable')",0.052656535,0.08588431,0.03203238546848297,0.06058565527200699,0.028553269803524017
2,0.0107813105,-0.0065397206,"('intelligent', 'stupid')",0.010607794,-0.017890282,0.010694552212953568,-0.01221500150859356,-0.022909553721547127
