,Lamb_male,Lamb_female,tuple,Weston_male,Weston_female,average_male,average_female,female-male
5,-0.09040538,-0.09605437,"('creative', 'uncreative')",-0.09197719,-0.09128371,-0.09119128435850143,-0.09366904199123383,-0.0024777576327323914
3,0.03662754,0.06519859,"('able', 'unable')",-0.030925022,0.0066575394,0.0028512580320239067,0.035928066819906235,0.03307680878788233
7,-0.0226883,-0.021935904,"('practical', 'impractical')",-0.008974591,-0.007338495,-0.015831444412469864,-0.01463720016181469,0.0011942442506551743
4,-0.021047795,-0.0060490086,"('rational', 'irrational')",-0.08531513,-0.06739842,-0.05318146198987961,-0.03672371432185173,0.016457747668027878
1,0.017985435,0.01694206,"('intelligent', 'unintelligent')",-0.0135854175,0.002141807,0.00220000883564353,0.009541933424770832,0.007341924589127302
2,0.014310662,-0.0007921622,"('intelligent', 'stupid')",0.003596596,-0.009504711,0.008953629061579704,-0.00514843687415123,-0.014102065935730934
0,0.011253477,0.010170066,"('competent', 'incompetent')",-0.025261128,-0.016033007,-0.00700382562354207,-0.0029314705170691013,0.004072355106472969
6,0.009822393,-0.0015999213,"('capable', 'incapable')",0.03693007,0.017671965,0.023376230150461197,0.008036022074520588,-0.015340208075940609
