,Las_male,Las_female,tuple,Vegas_male,Vegas_female,Sands_male,Sands_female,average_male,average_female,female-male
5,-0.10986124,-0.10836614,"('creative', 'uncreative')",-0.13760029,-0.1618434,-0.049617346,-0.043079935,-0.09902629256248474,-0.10442983110745747,-0.005403538544972733
0,0.054783948,0.05002509,"('competent', 'incompetent')",0.018864693,0.018160086,-0.026907856,-0.026531333,0.015580261747042337,0.013884616394837698,-0.0016956453522046395
4,-0.046219464,-0.046131775,"('rational', 'irrational')",-0.057677507,-0.054789785,-0.07310626,-0.05980089,-0.05900107820828756,-0.05357414980729421,0.005426928400993347
1,0.040057115,0.033863436,"('intelligent', 'unintelligent')",0.019416302,0.024149675,0.020506924,0.027841205,0.026660114526748657,0.02861810475587845,0.0019579902291297913
6,-0.026966738,-0.023941524,"('capable', 'incapable')",-0.06356436,-0.06488238,-0.03117613,-0.048622865,-0.04056907445192337,-0.04581559201081594,-0.00524651755889257
7,0.010939249,0.013433474,"('practical', 'impractical')",0.02870771,0.028611822,0.025062745,0.034281846,0.02156990021467209,0.025442381699879963,0.0038724814852078744
3,0.0008611252,0.02165934,"('able', 'unable')",0.06595163,0.089046195,0.025451677,0.056242574,0.030754809578259785,0.055649369955062866,0.02489456037680308
2,-0.0008216633,-0.007697854,"('intelligent', 'stupid')",0.057833657,0.053825747,0.025218518,0.0016146715,0.02741016944249471,0.015914188077052433,-0.011495981365442276
