,Leggett_male,Leggett_female,tuple,&_male,&_female,Platt_male,Platt_female,average_male,average_female,female-male
2,0.09588768,0.10147923,"('intelligent', 'stupid')",0.051717956,0.04445349,0.073069036,0.050300132,0.07355822622776031,0.0654109517733256,-0.008147274454434708
7,-0.0864957,-0.0880289,"('practical', 'impractical')",-0.048612878,-0.06842974,-0.0011464213,0.011961393,-0.04541833202044169,-0.048165748516718544,-0.0027474164962768555
5,-0.073170386,-0.07289416,"('creative', 'uncreative')",-0.043580506,-0.054771464,-0.07855177,-0.08416577,-0.06510088841120402,-0.07061046361923218,-0.005509575208028153
0,0.06063962,0.08771659,"('competent', 'incompetent')",-0.009155776,0.0012747109,-0.028390063,-0.024956604,0.007697926834225655,0.02134489764769872,0.013646970813473065
3,-0.04961947,-0.037095234,"('able', 'unable')",0.04109473,0.042220853,-0.0825073,-0.046165764,-0.03034401188294093,-0.013680048286914825,0.016663963596026104
4,0.049219713,0.034930006,"('rational', 'irrational')",-0.13764003,-0.14945811,-0.038341474,-0.027922632,-0.04225393136342367,-0.04748357832431793,-0.0052296469608942645
6,0.008691578,-0.006705241,"('capable', 'incapable')",-0.01493015,-0.0071977274,-0.01673947,-0.03224406,-0.007659347107013066,-0.015382342040538788,-0.0077229949335257215
1,-0.0034673375,-0.0033924645,"('intelligent', 'unintelligent')",0.045052934,0.049999837,0.017673867,0.036484435,0.019753155608971912,0.027697270115216572,0.00794411450624466
