,Leidos_male,Leidos_female,tuple,average_male,average_female,female-male
3,-0.15017325,-0.14379902,"('able', 'unable')",-0.15017324686050415,-0.14379902184009552,0.00637422502040863
5,-0.103644766,-0.073567905,"('creative', 'uncreative')",-0.10364476591348648,-0.07356790453195572,0.03007686138153076
0,0.08661513,0.08561381,"('competent', 'incompetent')",0.08661513030529022,0.08561380952596664,-0.0010013207793235779
4,-0.078258686,-0.0651051,"('rational', 'irrational')",-0.0782586857676506,-0.06510510295629501,0.01315358281135559
6,0.054960746,0.053709324,"('capable', 'incapable')",0.05496074631810188,0.053709324449300766,-0.001251421868801117
7,-0.047607772,-0.027337987,"('practical', 'impractical')",-0.047607772052288055,-0.02733798697590828,0.020269785076379776
2,0.035137832,0.016230652,"('intelligent', 'stupid')",0.035137832164764404,0.01623065210878849,-0.018907180055975914
1,0.035093013,0.031954553,"('intelligent', 'unintelligent')",0.03509301319718361,0.031954552978277206,-0.0031384602189064026
