,Lennar_male,Lennar_female,tuple,average_male,average_female,female-male
0,0.05805727,0.046619605,"('competent', 'incompetent')",0.0580572709441185,0.04661960527300835,-0.011437665671110153
5,-0.050855793,-0.023729486,"('creative', 'uncreative')",-0.05085579305887222,-0.023729486390948296,0.027126306667923927
7,-0.043259464,-0.046633057,"('practical', 'impractical')",-0.04325946420431137,-0.04663305729627609,-0.0033735930919647217
6,-0.03451932,-0.04119882,"('capable', 'incapable')",-0.034519318491220474,-0.04119881987571716,-0.006679501384496689
3,0.012853638,0.04292416,"('able', 'unable')",0.012853638269007206,0.04292415827512741,0.030070520006120205
4,0.01043696,0.022196814,"('rational', 'irrational')",0.010436959564685822,0.02219681441783905,0.011759854853153229
1,-0.004204837,-0.006999713,"('intelligent', 'unintelligent')",-0.004204837139695883,-0.0069997129030525684,-0.0027948757633566856
2,-0.0014629512,-0.021382008,"('intelligent', 'stupid')",-0.0014629511861130595,-0.021382007747888565,-0.019919056561775506
