,Lincoln_male,Lincoln_female,tuple,National_male,National_female,average_male,average_female,female-male
4,-0.10457453,-0.09006191,"('rational', 'irrational')",0.020561276,0.02049513,-0.04200662672519684,-0.034783389419317245,0.007223237305879593
3,-0.05067972,-0.020521421,"('able', 'unable')",0.101138234,0.10917685,0.025229256600141525,0.044327713549137115,0.01909845694899559
1,0.025894085,0.032239616,"('intelligent', 'unintelligent')",0.030421492,0.033363476,0.028157789260149002,0.0328015461564064,0.0046437568962574005
7,-0.019998893,-0.019679712,"('practical', 'impractical')",-0.01476393,-0.021854369,-0.01738141104578972,-0.02076704055070877,-0.003385629504919052
2,0.015504518,0.0025053322,"('intelligent', 'stupid')",0.039252445,0.031407963,0.02737848088145256,0.016956647858023643,-0.010421833023428917
5,-0.010309259,-0.024382852,"('creative', 'uncreative')",-0.14396574,-0.12980364,-0.07713750004768372,-0.07709324359893799,4.425644874572754e-05
6,-0.0017583234,-0.012428384,"('capable', 'incapable')",-0.08836917,-0.06384311,-0.045063745230436325,-0.038135744631290436,0.006928000599145889
0,3.0406767e-05,0.016716488,"('competent', 'incompetent')",0.016773544,9.976007e-06,0.008401975966989994,0.008363232016563416,-3.874395042657852e-05
