,Linde_male,Linde_female,tuple,average_male,average_female,female-male
5,-0.100780495,-0.06275545,"('creative', 'uncreative')",-0.10078049451112747,-0.06275545060634613,0.03802504390478134
0,0.048361,0.043596506,"('competent', 'incompetent')",0.048360999673604965,0.043596506118774414,-0.004764493554830551
7,-0.045469377,-0.0337503,"('practical', 'impractical')",-0.04546937718987465,-0.033750299364328384,0.011719077825546265
2,0.031953957,0.0146175185,"('intelligent', 'stupid')",0.03195395693182945,0.01461751852184534,-0.017336438409984112
6,-0.015898084,-0.03002696,"('capable', 'incapable')",-0.0158980842679739,-0.030026959255337715,-0.014128874987363815
3,-0.013660149,-0.0033505366,"('able', 'unable')",-0.013660148717463017,-0.00335053657181561,0.010309612145647407
4,0.0053266957,0.031141048,"('rational', 'irrational')",0.005326695740222931,0.031141048297286034,0.025814352557063103
1,0.0052118264,0.019705812,"('intelligent', 'unintelligent')",0.005211826413869858,0.019705811515450478,0.01449398510158062
