,Live_male,Live_female,tuple,Nation_male,Nation_female,Entertainment_male,Entertainment_female,average_male,average_female,female-male
6,-0.090954185,-0.09519689,"('capable', 'incapable')",-0.1179774,-0.11801723,-0.064910546,-0.065690786,-0.09128071864446004,-0.09296830495198567,-0.0016875863075256348
5,-0.08185446,-0.065916196,"('creative', 'uncreative')",-0.20203574,-0.20829767,-0.05420723,-0.035759043,-0.11269914110501607,-0.103324294090271,0.009374847014745072
3,0.05630016,0.06851687,"('able', 'unable')",0.11241437,0.13880493,0.02906054,0.033371124,0.06592502196629842,0.08023097117741902,0.014305949211120605
7,0.026430037,0.015829308,"('practical', 'impractical')",0.028402532,0.026456844,-0.0042546475,-0.018149966,0.016859307885169983,0.00804539459447066,-0.008813913290699324
2,-0.018676367,-0.02208339,"('intelligent', 'stupid')",0.0029163803,-0.013257947,-0.04018321,-0.057792265,-0.018647731592257816,-0.031044532855351765,-0.012396801263093948
4,-0.012569608,-0.0014965476,"('rational', 'irrational')",0.040163435,0.043066885,-0.077505715,-0.08537483,-0.016637295484542847,-0.014601497600475946,0.0020357978840669
0,-0.0050539477,-0.0018691435,"('competent', 'incompetent')",0.029359432,0.022368656,0.025580378,0.03433271,0.01662862052520116,0.018277407934268314,0.001648787409067154
1,0.0029458846,-0.0051015387,"('intelligent', 'unintelligent')",-0.021768026,-0.0034743673,0.020775173,0.0283076,0.0006510106225808462,0.006577230989933014,0.005926220367352168
