,LKQ_male,LKQ_female,tuple,Corporation_male,Corporation_female,average_male,average_female,female-male
7,-0.056282982,-0.06107603,"('practical', 'impractical')",0.058297187,0.0635866,0.0010071024298667908,0.001255284994840622,0.0002481825649738312
6,-0.05626829,-0.04322002,"('capable', 'incapable')",-0.08914686,-0.09466634,-0.07270757853984833,-0.06894318014383316,0.0037643983960151672
3,0.0559806,0.04708612,"('able', 'unable')",0.02245296,0.04172615,0.0392167791724205,0.04440613463521004,0.0051893554627895355
1,0.03525276,0.036193017,"('intelligent', 'unintelligent')",0.025585327,0.033832077,0.030419044196605682,0.03501254692673683,0.004593502730131149
5,-0.032968543,-0.031221328,"('creative', 'uncreative')",-0.08197817,-0.07486644,-0.057473357766866684,-0.05304388329386711,0.004429474472999573
2,0.02877452,0.021091916,"('intelligent', 'stupid')",0.013934675,-0.0056333407,0.021354597061872482,0.007729287259280682,-0.0136253098025918
4,0.013765065,0.0076066386,"('rational', 'irrational')",-0.006659922,-0.005100324,0.003552571404725313,0.0012531573884189129,-0.0022994140163064003
0,-0.0046256627,-0.0012982953,"('competent', 'incompetent')",-0.0069387513,0.00029346623,-0.005782207008451223,-0.0005024145357310772,0.005279792472720146
