,Lockheed_male,Lockheed_female,tuple,Martin_male,Martin_female,average_male,average_female,female-male
5,-0.14243829,-0.1612692,"('creative', 'uncreative')",-0.14786203,-0.14077027,-0.14515015482902527,-0.15101973712444305,-0.005869582295417786
4,-0.090590574,-0.082828835,"('rational', 'irrational')",-0.03678449,-0.05425598,-0.0636875331401825,-0.06854240596294403,-0.004854872822761536
0,0.0627489,0.0675698,"('competent', 'incompetent')",0.04628644,0.057652734,0.05451767146587372,0.06261126697063446,0.008093595504760742
3,-0.022002898,-0.014870836,"('able', 'unable')",0.021458114,0.037993062,-0.00027239229530096054,0.011561112478375435,0.011833504773676395
2,0.010864172,0.0006329079,"('intelligent', 'stupid')",0.057630192,0.043799944,0.03424718230962753,0.022216426208615303,-0.01203075610101223
1,-0.0047402694,-0.0055423207,"('intelligent', 'unintelligent')",0.013919796,0.016373718,0.004589763469994068,0.005415698513388634,0.0008259350433945656
6,-0.003156136,0.006114968,"('capable', 'incapable')",-0.058943924,-0.049770292,-0.031050030142068863,-0.021827662363648415,0.009222367778420448
7,0.0022303464,0.0043682046,"('practical', 'impractical')",-0.03006535,-0.03806232,-0.013917502015829086,-0.01684705726802349,-0.0029295552521944046
