,Loews_male,Loews_female,tuple,Corporation_male,Corporation_female,average_male,average_female,female-male
5,-0.0903827,-0.092776306,"('creative', 'uncreative')",-0.08197817,-0.07486644,-0.0861804336309433,-0.0838213711977005,0.002359062433242798
0,0.0864916,0.08945245,"('competent', 'incompetent')",-0.0069387513,0.00029346623,0.03977642580866814,0.0448729582130909,0.00509653240442276
7,-0.058984462,-0.050434288,"('practical', 'impractical')",0.058297187,0.0635866,-0.00034363754093647003,0.006576156243681908,0.006919793784618378
3,-0.047069024,-0.05313248,"('able', 'unable')",0.02245296,0.04172615,-0.012308032251894474,-0.005703164264559746,0.006604867987334728
1,0.029349703,0.031646416,"('intelligent', 'unintelligent')",0.025585327,0.033832077,0.0274675153195858,0.032739244401454926,0.005271729081869125
2,0.022490352,-0.00096539437,"('intelligent', 'stupid')",0.013934675,-0.0056333407,0.018212513998150826,-0.0032993676140904427,-0.021511881612241268
4,0.010103349,0.008565601,"('rational', 'irrational')",-0.006659922,-0.005100324,0.001721713226288557,0.0017326385714113712,1.0925345122814178e-05
6,-0.0068848166,0.0029006226,"('capable', 'incapable')",-0.08914686,-0.09466634,-0.048015836626291275,-0.04588285833597183,0.0021329782903194427
