,Lowe's_male,Lowe's_female,tuple,average_male,average_female,female-male
5,-0.08227668,-0.11153552,"('creative', 'uncreative')",-0.08227667957544327,-0.11153551936149597,-0.029258839786052704
3,0.080222614,0.069972254,"('able', 'unable')",0.08022261410951614,0.06997225433588028,-0.010250359773635864
6,-0.06266458,-0.06385333,"('capable', 'incapable')",-0.06266458332538605,-0.06385333091020584,-0.0011887475848197937
4,0.03147672,0.024031086,"('rational', 'irrational')",0.03147672116756439,0.024031085893511772,-0.00744563527405262
2,-0.023133608,-0.01314844,"('intelligent', 'stupid')",-0.02313360758125782,-0.013148440048098564,0.009985167533159256
7,0.012791921,0.013153945,"('practical', 'impractical')",0.012791921384632587,0.013153945095837116,0.0003620237112045288
1,0.010889909,0.00632354,"('intelligent', 'unintelligent')",0.010889909230172634,0.0063235401175916195,-0.004566369112581015
0,0.0026954277,0.007528096,"('competent', 'incompetent')",0.002695427741855383,0.007528095971792936,0.004832668229937553
