,Lumen_male,Lumen_female,tuple,Technologies_male,Technologies_female,average_male,average_female,female-male
5,-0.07634859,-0.037870504,"('creative', 'uncreative')",-0.055901635,-0.041397434,-0.06612510979175568,-0.039633966982364655,0.02649114280939102
6,-0.06180446,-0.083847225,"('capable', 'incapable')",-0.058701407,-0.061793387,-0.06025293469429016,-0.07282030582427979,-0.012567371129989624
0,0.051573616,0.034750346,"('competent', 'incompetent')",0.03510259,0.054882664,0.0433381050825119,0.044816505163908005,0.001478400081396103
1,0.03198277,0.041735023,"('intelligent', 'unintelligent')",-0.030000392,-0.024963813,0.0009911879897117615,0.008385605178773403,0.007394417189061642
2,0.025493769,-0.004567681,"('intelligent', 'stupid')",-0.060219824,-0.07023267,-0.01736302673816681,-0.037400174885988235,-0.020037148147821426
7,-0.024943301,-0.021234458,"('practical', 'impractical')",0.045350242,0.041509427,0.010203470475971699,0.010137484408915043,-6.598606705665588e-05
4,-0.0056649786,0.004840174,"('rational', 'irrational')",-0.048406024,-0.06244943,-0.02703550085425377,-0.028804628178477287,-0.0017691273242235184
3,0.0019187077,0.023110012,"('able', 'unable')",0.049809396,0.0571437,0.025864051654934883,0.04012685641646385,0.014262804761528969
