,LyondellBasell_male,LyondellBasell_female,tuple,average_male,average_female,female-male
7,-0.07218436,-0.07641765,"('practical', 'impractical')",-0.07218436151742935,-0.07641764730215073,-0.0042332857847213745
5,-0.057964053,-0.04249741,"('creative', 'uncreative')",-0.05796405300498009,-0.042497411370277405,0.015466641634702682
0,0.0477523,0.041889176,"('competent', 'incompetent')",0.047752298414707184,0.04188917577266693,-0.005863122642040253
4,-0.045779727,-0.04534724,"('rational', 'irrational')",-0.04577972739934921,-0.04534723982214928,0.0004324875771999359
3,-0.038653757,-0.016601503,"('able', 'unable')",-0.03865375742316246,-0.016601502895355225,0.022052254527807236
6,-0.03839073,-0.037676223,"('capable', 'incapable')",-0.03839072957634926,-0.03767622262239456,0.0007145069539546967
2,0.029912619,0.01571486,"('intelligent', 'stupid')",0.029912618920207024,0.01571485958993435,-0.014197759330272675
1,0.004125605,0.0053235036,"('intelligent', 'unintelligent')",0.004125604871660471,0.005323503632098436,0.0011978987604379654
