,M&T_male,M&T_female,tuple,Bank_male,Bank_female,average_male,average_female,female-male
7,-0.106626645,-0.1131737,"('practical', 'impractical')",0.017761733,0.014150849,-0.04443245381116867,-0.04951142519712448,-0.0050789713859558105
2,0.055507608,0.056346346,"('intelligent', 'stupid')",0.03549127,0.027231926,0.04549943655729294,0.041789136826992035,-0.0037102997303009033
0,0.033572014,0.054327324,"('competent', 'incompetent')",-0.0021903922,0.0018128012,0.015690810978412628,0.028070062398910522,0.012379251420497894
6,0.033460427,0.035344955,"('capable', 'incapable')",-0.07135972,-0.08020852,-0.01894964464008808,-0.022431781515479088,-0.0034821368753910065
1,-0.024382379,-0.027267665,"('intelligent', 'unintelligent')",0.02780075,0.037176967,0.001709185540676117,0.0049546509981155396,0.0032454654574394226
3,-0.023933364,-0.020416817,"('able', 'unable')",0.033815406,0.044275653,0.004941021092236042,0.011929417960345745,0.006988396868109703
4,0.021321218,0.01395301,"('rational', 'irrational')",0.0024981454,-0.0025484879,0.011909682303667068,0.005702260881662369,-0.0062074214220047
5,-0.008150462,-0.02913308,"('creative', 'uncreative')",-0.18535803,-0.18389966,-0.09675424546003342,-0.10651636868715286,-0.009762123227119446
