,Marathon_male,Marathon_female,tuple,Oil_male,Oil_female,average_male,average_female,female-male
4,-0.11333827,-0.096878074,"('rational', 'irrational')",-0.042832993,-0.004454392,-0.07808563113212585,-0.05066623166203499,0.027419399470090866
5,-0.10124571,-0.08964302,"('creative', 'uncreative')",-0.05961937,-0.06682906,-0.08043254166841507,-0.07823604345321655,0.002196498215198517
7,-0.035364367,-0.027613651,"('practical', 'impractical')",0.032661922,0.05397273,-0.0013512223958969116,0.013179538771510124,0.014530761167407036
2,0.025162296,0.0050301724,"('intelligent', 'stupid')",-0.020495879,-0.025501456,0.002333208918571472,-0.010235642082989216,-0.012568851001560688
0,0.018634316,0.017477276,"('competent', 'incompetent')",-0.088555224,-0.104844145,-0.03496045619249344,-0.04368343576788902,-0.008722979575395584
1,0.0012000087,0.0075856214,"('intelligent', 'unintelligent')",0.023189014,0.025134888,0.012194511480629444,0.01636025495827198,0.004165743477642536
3,-0.00069307623,-0.004012526,"('able', 'unable')",0.1266456,0.1705837,0.06297625601291656,0.08328558504581451,0.02030932903289795
6,-0.00046643082,-0.001003025,"('capable', 'incapable')",-0.027929727,-0.053468112,-0.014198078773915768,-0.027235567569732666,-0.013037488795816898
