,Marathon_male,Marathon_female,tuple,Petroleum_male,Petroleum_female,average_male,average_female,female-male
4,-0.11333827,-0.096878074,"('rational', 'irrational')",-0.019955372,-0.0027553665,-0.06664682179689407,-0.04981672018766403,0.01683010160923004
5,-0.10124571,-0.08964302,"('creative', 'uncreative')",-0.084818356,-0.075643435,-0.09303203225135803,-0.08264322578907013,0.010388806462287903
7,-0.035364367,-0.027613651,"('practical', 'impractical')",0.0027847746,0.00982398,-0.01628979668021202,-0.008894835598766804,0.007394961081445217
2,0.025162296,0.0050301724,"('intelligent', 'stupid')",0.058684696,0.05419256,0.04192349687218666,0.029611367732286453,-0.012312129139900208
0,0.018634316,0.017477276,"('competent', 'incompetent')",-0.060848545,-0.053170506,-0.021107114851474762,-0.017846614122390747,0.003260500729084015
1,0.0012000087,0.0075856214,"('intelligent', 'unintelligent')",-0.022679342,-0.022490092,-0.010739666409790516,-0.0074522350914776325,0.0032874313183128834
3,-0.00069307623,-0.004012526,"('able', 'unable')",-0.01565297,0.01926733,-0.008173022419214249,0.00762740196660161,0.01580042438581586
6,-0.00046643082,-0.001003025,"('capable', 'incapable')",-0.05211708,-0.06921031,-0.026291755959391594,-0.03510667011141777,-0.008814914152026176
