,MarketAxess_male,MarketAxess_female,tuple,average_male,average_female,female-male
6,-0.06454253,-0.081061095,"('capable', 'incapable')",-0.06454253196716309,-0.08106109499931335,-0.01651856303215027
4,0.06379662,0.08071923,"('rational', 'irrational')",0.06379661709070206,0.0807192325592041,0.016922615468502045
1,0.037175734,0.03495415,"('intelligent', 'unintelligent')",0.0371757335960865,0.03495414927601814,-0.0022215843200683594
3,0.03598494,0.049273096,"('able', 'unable')",0.03598494082689285,0.04927309602499008,0.013288155198097229
0,-0.026053522,-0.010341921,"('competent', 'incompetent')",-0.026053521782159805,-0.010341920889914036,0.01571160089224577
7,0.009555908,0.013213578,"('practical', 'impractical')",0.009555907920002937,0.013213577680289745,0.003657669760286808
5,0.008527785,0.026101455,"('creative', 'uncreative')",0.0085277846083045,0.026101455092430115,0.017573670484125614
2,0.0015358813,-0.024807904,"('intelligent', 'stupid')",0.0015358813107013702,-0.024807903915643692,-0.026343785226345062
