,Marriott_male,Marriott_female,tuple,International_male,International_female,average_male,average_female,female-male
5,-0.10478577,-0.11471241,"('creative', 'uncreative')",-0.12200729,-0.11464056,-0.1133965253829956,-0.11467648297548294,-0.0012799575924873352
4,-0.08805768,-0.07166971,"('rational', 'irrational')",0.027949685,0.019367075,-0.0300539992749691,-0.026151318103075027,0.0039026811718940735
0,0.059847493,0.0658782,"('competent', 'incompetent')",-0.0115038045,-0.0039770664,0.024171844124794006,0.03095056489109993,0.0067787207663059235
7,-0.054415166,-0.04551016,"('practical', 'impractical')",0.008239,0.000655524,-0.023088082671165466,-0.02242731861770153,0.0006607640534639359
6,0.031075967,0.017095996,"('capable', 'incapable')",-0.11211831,-0.09682173,-0.04052117094397545,-0.03986286744475365,0.0006583034992218018
1,0.024614843,0.025504837,"('intelligent', 'unintelligent')",-0.026011018,-0.014023297,-0.0006980877369642258,0.005740770138800144,0.00643885787576437
3,-0.014080337,-0.00034249268,"('able', 'unable')",0.1131766,0.09824854,0.049548130482435226,0.04895302280783653,-0.0005951076745986938
2,0.0078060096,-0.008559871,"('intelligent', 'stupid')",0.0011695327,-0.0063489676,0.004487771075218916,-0.007454419508576393,-0.011942190583795309
