,Marsh_male,Marsh_female,tuple,&_male,&_female,McLennan_male,McLennan_female,average_male,average_female,female-male
0,-0.06973907,-0.013708149,"('competent', 'incompetent')",-0.009155776,0.0012747109,0.050566472,0.06461643,-0.009442793826262156,0.017394329110781353,0.02683712293704351
2,0.06037137,0.025406294,"('intelligent', 'stupid')",0.051717956,0.04445349,0.07594485,0.07704329,0.06267805894215901,0.04896768927574158,-0.013710369666417435
3,0.05548418,0.0736954,"('able', 'unable')",0.04109473,0.042220853,0.0045201085,0.0017927098,0.03369967391093572,0.03923631956179937,0.0055366456508636475
4,-0.05069116,-0.021594157,"('rational', 'irrational')",-0.13764003,-0.14945811,0.031141851,0.039610293,-0.05239644646644592,-0.04381398856639862,0.008582457900047302
6,-0.023458622,-0.048144773,"('capable', 'incapable')",-0.01493015,-0.0071977274,0.0377264,0.02767224,-0.00022079174717267355,-0.009223419552048048,-0.009002627804875374
7,-0.013076047,-0.0031677356,"('practical', 'impractical')",-0.048612878,-0.06842974,-0.08966283,-0.09340955,-0.05045058329900106,-0.055002341667811074,-0.004551758368810013
1,0.0074055768,0.017114246,"('intelligent', 'unintelligent')",0.045052934,0.049999837,0.00037468298,0.004791275,0.017611064016819,0.02396845320860545,0.006357389191786449
5,-0.003967462,-0.03522156,"('creative', 'uncreative')",-0.043580506,-0.054771464,-0.089631274,-0.10386094,-0.04572641352812449,-0.06461799144744873,-0.01889157791932424
