,Martin_male,Martin_female,tuple,Marietta_male,Marietta_female,Materials_male,Materials_female,average_male,average_female,female-male
5,-0.14786203,-0.14077027,"('creative', 'uncreative')",-0.112094805,-0.119404145,0.05070476,0.07814936,-0.06975069145361583,-0.060675020019213356,0.009075671434402473
6,-0.058943924,-0.049770292,"('capable', 'incapable')",0.07161439,0.06448183,-0.10427107,-0.10915026,-0.03053353230158488,-0.03147957225640615,-0.0009460399548212699
2,0.057630192,0.043799944,"('intelligent', 'stupid')",0.104034334,0.09162127,0.03115487,0.028787583,0.06427313387393951,0.05473626653353373,-0.009536867340405784
0,0.04628644,0.057652734,"('competent', 'incompetent')",0.0973784,0.097096086,-0.031369645,-0.015695322,0.037431731820106506,0.04635116954644521,0.008919437726338707
4,-0.03678449,-0.05425598,"('rational', 'irrational')",0.005724718,0.01730601,-0.049103893,-0.063611165,-0.02672122170527776,-0.033520378172397614,-0.006799156467119854
7,-0.03006535,-0.03806232,"('practical', 'impractical')",-0.119875506,-0.12334991,0.048187163,0.041006528,-0.033917893966039024,-0.040135237077871956,-0.006217343111832932
3,0.021458114,0.037993062,"('able', 'unable')",-0.09033579,-0.07201901,-0.0028133998,0.0096497,-0.02389702449242274,-0.008125416313608488,0.015771608178814255
1,0.013919796,0.016373718,"('intelligent', 'unintelligent')",0.005368997,0.0021409206,0.019534366,0.029206105,0.012941052516301474,0.015906915068626404,0.0029658625523249302
