,Masco_male,Masco_female,tuple,average_male,average_female,female-male
5,-0.06929586,-0.055314615,"('creative', 'uncreative')",-0.06929586082696915,-0.05531461536884308,0.013981245458126068
6,-0.05472608,-0.04456773,"('capable', 'incapable')",-0.05472607910633087,-0.04456773027777672,0.010158348828554153
2,0.035597634,0.011550724,"('intelligent', 'stupid')",0.03559763357043266,0.0115507235750556,-0.024046909995377064
4,0.0354108,0.04260935,"('rational', 'irrational')",0.0354107990860939,0.04260934889316559,0.007198549807071686
3,0.034621798,0.059813604,"('able', 'unable')",0.03462179750204086,0.05981360375881195,0.025191806256771088
0,-0.009908313,-0.009315264,"('competent', 'incompetent')",-0.009908312931656837,-0.009315264411270618,0.000593048520386219
1,0.0050573554,-0.013197042,"('intelligent', 'unintelligent')",0.005057355388998985,-0.013197042047977448,-0.018254397436976433
7,0.0024244515,0.0030287155,"('practical', 'impractical')",0.002424451522529125,0.003028715495020151,0.0006042639724910259
