,Mastercard_male,Mastercard_female,tuple,average_male,average_female,female-male
5,-0.153936,-0.1610864,"('creative', 'uncreative')",-0.1539359986782074,-0.16108639538288116,-0.007150396704673767
4,-0.11941806,-0.112212874,"('rational', 'irrational')",-0.11941806226968765,-0.11221287399530411,0.007205188274383545
2,0.08103186,0.07977858,"('intelligent', 'stupid')",0.08103185892105103,0.07977858185768127,-0.001253277063369751
0,0.05211435,0.065120585,"('competent', 'incompetent')",0.052114348858594894,0.06512058526277542,0.013006236404180527
1,0.04466309,0.04033413,"('intelligent', 'unintelligent')",0.044663090258836746,0.04033413156867027,-0.004328958690166473
3,0.028643355,0.018623013,"('able', 'unable')",0.028643354773521423,0.01862301304936409,-0.010020341724157333
6,-0.013409726,-0.009790557,"('capable', 'incapable')",-0.013409726321697235,-0.009790557436645031,0.003619168885052204
7,-9.893529e-05,-0.015805526,"('practical', 'impractical')",-9.893529204418883e-05,-0.015805525705218315,-0.015706590413174126
