,Match_male,Match_female,tuple,Group_male,Group_female,average_male,average_female,female-male
3,0.10872131,0.11603193,"('able', 'unable')",0.07223469,0.08965085,0.09047800302505493,0.10284139215946198,0.012363389134407043
5,-0.104913406,-0.1165672,"('creative', 'uncreative')",-0.045939427,-0.050667785,-0.07542641460895538,-0.08361749351024628,-0.008191078901290894
6,-0.089406714,-0.08297409,"('capable', 'incapable')",-0.1054052,-0.10317491,-0.09740595519542694,-0.0930745005607605,0.004331454634666443
0,-0.046638463,-0.036114916,"('competent', 'incompetent')",-0.018240994,-0.013088708,-0.03243972733616829,-0.024601811543107033,0.007837915793061256
4,0.037430163,0.03958265,"('rational', 'irrational')",0.003967365,-0.004109691,0.02069876343011856,0.01773647964000702,-0.0029622837901115417
2,0.020476988,0.0034455464,"('intelligent', 'stupid')",0.006392564,0.0035066525,0.013434776104986668,0.0034760995768010616,-0.009958676528185606
1,0.009327857,0.017852673,"('intelligent', 'unintelligent')",0.021084711,0.026755482,0.015206283889710903,0.022304076701402664,0.007097792811691761
7,0.005766459,0.008364856,"('practical', 'impractical')",0.07082706,0.06171128,0.03829675912857056,0.035038068890571594,-0.0032586902379989624
