,McCormick_male,McCormick_female,tuple,&_male,&_female,Company_male,Company_female,average_male,average_female,female-male
3,-0.06704132,-0.06956531,"('able', 'unable')",0.04109473,0.042220853,0.060346927,0.06603282,0.011466778814792633,0.012896120548248291,0.001429341733455658
4,-0.050730154,-0.031429656,"('rational', 'irrational')",-0.13764003,-0.14945811,0.017195245,0.005020061,-0.05705831448237101,-0.05862256387869517,-0.0015642493963241577
2,0.04485749,0.036809582,"('intelligent', 'stupid')",0.051717956,0.04445349,0.032683164,0.012360053,0.04308620095252991,0.031207708021004994,-0.011878492931524914
5,-0.039703537,-0.04938645,"('creative', 'uncreative')",-0.043580506,-0.054771464,-0.10418273,-0.096098416,-0.06248892347017924,-0.0667521059513092,-0.0042631824811299665
0,0.03430396,0.030190654,"('competent', 'incompetent')",-0.009155776,0.0012747109,-0.022272779,-9.499664e-05,0.0009584681441386541,0.010456790526707968,0.009498322382569313
6,-0.029497996,-0.030386461,"('capable', 'incapable')",-0.01493015,-0.0071977274,-0.10877178,-0.11490957,-0.051066642006238304,-0.05083125332991282,0.00023538867632548477
7,-0.019840857,-0.013578172,"('practical', 'impractical')",-0.048612878,-0.06842974,0.06996697,0.06634621,0.0005044117569923401,-0.005220564703146617,-0.005724976460138957
1,-0.0049614636,-0.0035084416,"('intelligent', 'unintelligent')",0.045052934,0.049999837,0.023542136,0.03339987,0.021211201945940655,0.02663042147954305,0.005419219533602394
