,McDonald's_male,McDonald's_female,tuple,average_male,average_female,female-male
3,-0.12151042,-0.10324775,"('able', 'unable')",-0.12151042371988297,-0.1032477468252182,0.018262676894664764
5,-0.112213336,-0.10647559,"('creative', 'uncreative')",-0.11221333593130112,-0.1064755916595459,0.0057377442717552185
0,0.102848515,0.10452701,"('competent', 'incompetent')",0.10284851491451263,0.10452701151371002,0.0016784965991973877
7,-0.051470324,-0.051975027,"('practical', 'impractical')",-0.0514703243970871,-0.05197502672672272,-0.0005047023296356201
1,-0.033182718,-0.032701686,"('intelligent', 'unintelligent')",-0.033182717859745026,-0.03270168602466583,0.0004810318350791931
2,-0.013198428,-0.019750334,"('intelligent', 'stupid')",-0.013198427855968475,-0.019750334322452545,-0.00655190646648407
6,-0.0048983344,-0.007595662,"('capable', 'incapable')",-0.004898334387689829,-0.007595662027597427,-0.0026973276399075985
4,-0.0028550322,-0.014487831,"('rational', 'irrational')",-0.002855032216757536,-0.01448783092200756,-0.011632798705250025
