,McKesson_male,McKesson_female,tuple,Corporation_male,Corporation_female,average_male,average_female,female-male
7,-0.09958971,-0.10551381,"('practical', 'impractical')",0.058297187,0.0635866,-0.020646262913942337,-0.020963605493307114,-0.0003173425793647766
5,-0.08194802,-0.09659926,"('creative', 'uncreative')",-0.08197817,-0.07486644,-0.08196309208869934,-0.0857328474521637,-0.0037697553634643555
6,0.070691034,0.076975666,"('capable', 'incapable')",-0.08914686,-0.09466634,-0.009227912873029709,-0.008845336735248566,0.0003825761377811432
3,-0.03972804,-0.042129118,"('able', 'unable')",0.02245296,0.04172615,-0.008637540973722935,-0.00020148418843746185,0.008436056785285473
0,0.03711912,0.06739524,"('competent', 'incompetent')",-0.0069387513,0.00029346623,0.015090184286236763,0.03384435176849365,0.01875416748225689
2,0.036361866,0.024542205,"('intelligent', 'stupid')",0.013934675,-0.0056333407,0.025148270651698112,0.00945443194359541,-0.015693838708102703
1,0.007259385,0.004196321,"('intelligent', 'unintelligent')",0.025585327,0.033832077,0.01642235554754734,0.01901419833302498,0.0025918427854776382
4,-0.0037771116,-0.02080059,"('rational', 'irrational')",-0.006659922,-0.005100324,-0.005218517035245895,-0.012950457632541656,-0.007731940597295761
