,Medtronic_male,Medtronic_female,tuple,average_male,average_female,female-male
7,-0.059112016,-0.06422642,"('practical', 'impractical')",-0.05911201611161232,-0.0642264187335968,-0.005114402621984482
0,0.046273466,0.03361244,"('competent', 'incompetent')",0.04627346619963646,0.0336124412715435,-0.012661024928092957
4,0.037586052,0.036439348,"('rational', 'irrational')",0.03758605197072029,0.03643934801220894,-0.0011467039585113525
3,0.031157933,0.05101187,"('able', 'unable')",0.031157933175563812,0.05101187154650688,0.01985393837094307
6,-0.023807282,-0.016561305,"('capable', 'incapable')",-0.023807281628251076,-0.01656130515038967,0.007245976477861404
5,0.020220893,0.026466446,"('creative', 'uncreative')",0.020220892503857613,0.02646644599735737,0.006245553493499756
1,-0.016238537,-0.019979738,"('intelligent', 'unintelligent')",-0.016238536685705185,-0.01997973769903183,-0.003741201013326645
2,-0.0070152637,-0.010766063,"('intelligent', 'stupid')",-0.00701526366174221,-0.010766062885522842,-0.003750799223780632
