,Merck_male,Merck_female,tuple,&_male,&_female,Co._male,Co._female,average_male,average_female,female-male
5,-0.14693354,-0.15186323,"('creative', 'uncreative')",-0.043580506,-0.054771464,-0.020686034,0.008349297,-0.07040002445379893,-0.06609513362248738,0.004304890831311553
3,-0.10480354,-0.10651531,"('able', 'unable')",0.04109473,0.042220853,0.15887192,0.16347444,0.031721035639444985,0.03305999437967936,0.001338958740234375
0,0.075361766,0.08788329,"('competent', 'incompetent')",-0.009155776,0.0012747109,-0.011914944,-0.02575045,0.01809701571861903,0.021135851740837097,0.0030388360222180673
7,-0.06869436,-0.06790061,"('practical', 'impractical')",-0.048612878,-0.06842974,-0.016795175,-0.0071545164,-0.04470080633958181,-0.04782828688621521,-0.0031274805466334
4,-0.053015642,-0.057839252,"('rational', 'irrational')",-0.13764003,-0.14945811,0.0032827188,-0.0019118163,-0.062457650899887085,-0.06973639130592346,-0.007278740406036377
2,0.032168042,0.018632554,"('intelligent', 'stupid')",0.051717956,0.04445349,0.023643412,-0.0009600426,0.035843136409918465,0.02070866897702217,-0.015134467432896294
1,-0.004876176,-0.013221948,"('intelligent', 'unintelligent')",0.045052934,0.049999837,0.014016381,0.017424155,0.018064379692077637,0.01806734750668208,2.9678146044424814e-06
6,-2.1065718e-05,0.020928726,"('capable', 'incapable')",-0.01493015,-0.0071977274,-0.044010535,-0.045968223,-0.019653916358947754,-0.010745741426944733,0.008908174932003021
