,MetLife_male,MetLife_female,tuple,average_male,average_female,female-male
0,0.0812707,0.076400846,"('competent', 'incompetent')",0.08127070218324661,0.07640084624290466,-0.0048698559403419495
4,-0.07646109,-0.056502085,"('rational', 'irrational')",-0.07646109163761139,-0.0565020851790905,0.01995900645852089
5,-0.059497427,-0.061546426,"('creative', 'uncreative')",-0.05949742719531059,-0.06154642626643181,-0.002048999071121216
7,-0.04521264,-0.047960583,"('practical', 'impractical')",-0.04521264135837555,-0.04796058312058449,-0.0027479417622089386
3,-0.039123587,-0.030136911,"('able', 'unable')",-0.03912358731031418,-0.03013691119849682,0.00898667611181736
2,0.02882088,0.025038878,"('intelligent', 'stupid')",0.028820879757404327,0.02503887750208378,-0.003782002255320549
6,-0.014277042,-0.027315248,"('capable', 'incapable')",-0.014277041889727116,-0.027315247803926468,-0.013038205914199352
1,-0.0033870516,0.0017159028,"('intelligent', 'unintelligent')",-0.00338705163449049,0.001715902821160853,0.005102954455651343
