,Mettler_male,Mettler_female,tuple,Toledo_male,Toledo_female,average_male,average_female,female-male
5,-0.08614663,-0.083292,"('creative', 'uncreative')",-0.079719774,-0.07340499,-0.0829332023859024,-0.07834849506616592,0.004584707319736481
2,0.06873707,0.03677158,"('intelligent', 'stupid')",0.037975844,0.04172583,0.05335645377635956,0.03924870491027832,-0.014107748866081238
7,-0.06558048,-0.057028163,"('practical', 'impractical')",0.019736167,0.023593402,-0.022922156378626823,-0.01671738177537918,0.0062047746032476425
3,-0.033894602,-0.046849627,"('able', 'unable')",-0.096717745,-0.06312839,-0.0653061717748642,-0.054989010095596313,0.010317161679267883
0,0.025126494,0.045189347,"('competent', 'incompetent')",0.009342107,-0.009225164,0.017234301194548607,0.01798209175467491,0.0007477905601263046
6,-0.014032427,-0.01014174,"('capable', 'incapable')",0.0014342535,-0.023105498,-0.006299086846411228,-0.016623619943857193,-0.010324533097445965
1,0.012211211,0.013200321,"('intelligent', 'unintelligent')",-0.01950221,0.006951295,-0.003645499236881733,0.010075807571411133,0.013721306808292866
4,-0.002326207,-0.021716343,"('rational', 'irrational')",-0.1519544,-0.12084058,-0.07714030146598816,-0.07127846032381058,0.005861841142177582
