,MGM_male,MGM_female,tuple,Resorts_male,Resorts_female,International_male,International_female,average_male,average_female,female-male
4,-0.1513854,-0.13626415,"('rational', 'irrational')",-0.06994805,-0.084362894,0.027949685,0.019367075,-0.06446125109990437,-0.067086656888326,-0.002625405788421631
0,0.079684906,0.07834849,"('competent', 'incompetent')",-0.006000412,-0.004604272,-0.0115038045,-0.0039770664,0.020726895580689114,0.023255715767542522,0.002528820186853409
7,-0.065010674,-0.0639429,"('practical', 'impractical')",0.016138123,0.013319373,0.008239,0.000655524,-0.01354451725880305,-0.016656001408894856,-0.0031114841500918065
3,-0.02678521,-0.029122619,"('able', 'unable')",0.061200853,0.061748113,0.1131766,0.09824854,0.04919741551081339,0.043624679247538246,-0.0055727362632751465
2,0.009836272,0.006923393,"('intelligent', 'stupid')",0.071362995,0.065242834,0.0011695327,-0.0063489676,0.027456266184647877,0.021939086417357128,-0.005517179767290749
1,0.009768134,0.012868013,"('intelligent', 'unintelligent')",0.031895436,0.028165115,-0.026011018,-0.014023297,0.005217518036564191,0.009003276626269022,0.003785758589704831
5,-0.009049229,-0.00843654,"('creative', 'uncreative')",-0.12981044,-0.13698691,-0.12200729,-0.11464056,-0.0869556466738383,-0.08668800195058186,0.0002676447232564383
6,-0.0030107303,-0.010525695,"('capable', 'incapable')",-0.06944711,-0.057999115,-0.11211831,-0.09682173,-0.06152538458506266,-0.05511551102002462,0.006409873565038041
