,Microchip_male,Microchip_female,tuple,Technology_male,Technology_female,average_male,average_female,female-male
0,0.07784927,0.07551329,"('competent', 'incompetent')",0.077857524,0.087146685,0.07785339653491974,0.08132998645305634,0.0034765899181365967
3,-0.053735647,-0.031268097,"('able', 'unable')",-0.00589931,0.008344942,-0.029817478731274605,-0.01146157830953598,0.018355900421738625
6,-0.04531291,-0.045963164,"('capable', 'incapable')",-0.082549855,-0.087200075,-0.06393138319253922,-0.0665816217660904,-0.002650238573551178
7,-0.041540384,-0.048152808,"('practical', 'impractical')",-0.023970129,-0.020227615,-0.032755255699157715,-0.034190211445093155,-0.00143495574593544
1,-0.02355595,-0.012280745,"('intelligent', 'unintelligent')",-0.017232906,-0.013442564,-0.020394427701830864,-0.012861654162406921,0.0075327735394239426
4,0.018470852,0.028662425,"('rational', 'irrational')",-0.063927725,-0.07325588,-0.022728435695171356,-0.022296728566288948,0.00043170712888240814
5,-0.017722784,0.00042465958,"('creative', 'uncreative')",-0.13270712,-0.10357038,-0.07521495223045349,-0.05157285928726196,0.02364209294319153
2,-0.0054931995,-0.023784028,"('intelligent', 'stupid')",0.0021123162,-0.013178409,-0.001690441626124084,-0.018481219187378883,-0.0167907775612548
