,Micron_male,Micron_female,tuple,Technology_male,Technology_female,average_male,average_female,female-male
5,-0.06267042,-0.055521823,"('creative', 'uncreative')",-0.13270712,-0.10357038,-0.09768876433372498,-0.07954610139131546,0.018142662942409515
3,-0.044294674,-0.03160712,"('able', 'unable')",-0.00589931,0.008344942,-0.025096992030739784,-0.011631090193986893,0.013465901836752892
0,0.029055482,0.032655448,"('competent', 'incompetent')",0.077857524,0.087146685,0.05345650389790535,0.05990106612443924,0.00644456222653389
6,-0.023173286,-0.014729013,"('capable', 'incapable')",-0.082549855,-0.087200075,-0.052861571311950684,-0.05096454545855522,0.001897025853395462
1,-0.02287473,-0.017921273,"('intelligent', 'unintelligent')",-0.017232906,-0.013442564,-0.020053818821907043,-0.0156819187104702,0.004371900111436844
2,-0.021111557,-0.026741087,"('intelligent', 'stupid')",0.0021123162,-0.013178409,-0.009499620646238327,-0.019959747791290283,-0.010460127145051956
4,0.0192315,0.020043265,"('rational', 'irrational')",-0.063927725,-0.07325588,-0.022348113358020782,-0.026606308296322823,-0.00425819493830204
7,0.0043663904,0.0003725264,"('practical', 'impractical')",-0.023970129,-0.020227615,-0.00980186928063631,-0.009927543811500072,-0.0001256745308637619
