,Microsoft_male,Microsoft_female,tuple,average_male,average_female,female-male
4,-0.14221102,-0.13904853,"('rational', 'irrational')",-0.14221101999282837,-0.1390485316514969,0.003162488341331482
5,-0.118565895,-0.12999256,"('creative', 'uncreative')",-0.11856589466333389,-0.1299925595521927,-0.011426664888858795
3,-0.052101698,-0.03901915,"('able', 'unable')",-0.05210169777274132,-0.0390191487967968,0.013082548975944519
0,0.041684613,0.039940294,"('competent', 'incompetent')",0.04168461263179779,0.03994029387831688,-0.0017443187534809113
7,-0.04077155,-0.045925815,"('practical', 'impractical')",-0.04077155143022537,-0.0459258146584034,-0.005154263228178024
1,-0.028935382,-0.02750028,"('intelligent', 'unintelligent')",-0.028935382142663002,-0.027500279247760773,0.0014351028949022293
2,0.021437954,0.014209077,"('intelligent', 'stupid')",0.021437954157590866,0.014209076762199402,-0.007228877395391464
6,0.0057222974,0.011960857,"('capable', 'incapable')",0.005722297355532646,0.01196085661649704,0.006238559260964394
