,Mid-America_male,Mid-America_female,tuple,Apartments_male,Apartments_female,average_male,average_female,female-male
7,-0.09802844,-0.0932748,"('practical', 'impractical')",0.08537684,0.08271819,-0.006325799971818924,-0.005278304219245911,0.0010474957525730133
2,0.06510796,0.05472071,"('intelligent', 'stupid')",0.033634894,0.01788743,0.049371425062417984,0.03630407154560089,-0.013067353516817093
3,0.06381568,0.07830579,"('able', 'unable')",0.070213616,0.0855757,0.0670146495103836,0.08194074034690857,0.014926090836524963
0,0.06338389,0.06620525,"('competent', 'incompetent')",-0.030653214,-0.0106880525,0.01636533811688423,0.02775859832763672,0.011393260210752487
6,-0.039909787,-0.044626992,"('capable', 'incapable')",-0.12084747,-0.13756238,-0.08037862926721573,-0.09109468758106232,-0.010716058313846588
4,0.032146037,0.02551213,"('rational', 'irrational')",0.009694638,0.0044200625,0.02092033624649048,0.014966096729040146,-0.005954239517450333
5,-0.025015784,-0.03482513,"('creative', 'uncreative')",-0.07947325,-0.090117894,-0.05224451795220375,-0.06247151270508766,-0.010226994752883911
1,-0.0067911516,-0.006586162,"('intelligent', 'unintelligent')",0.079370566,0.08906105,0.03628970682621002,0.041237443685531616,0.004947736859321594
