,Moderna_male,Moderna_female,tuple,average_male,average_female,female-male
5,-0.112945296,-0.11088489,"('creative', 'uncreative')",-0.11294529587030411,-0.110884889960289,0.002060405910015106
0,0.0741225,0.07665106,"('competent', 'incompetent')",0.07412250339984894,0.07665105909109116,0.002528555691242218
6,-0.058226302,-0.057102352,"('capable', 'incapable')",-0.05822630226612091,-0.057102352380752563,0.0011239498853683472
4,-0.038113505,-0.03733984,"('rational', 'irrational')",-0.03811350464820862,-0.037339840084314346,0.0007736645638942719
7,0.035903078,0.041425344,"('practical', 'impractical')",0.03590307757258415,0.04142534360289574,0.0055222660303115845
2,-0.030251162,-0.04454219,"('intelligent', 'stupid')",-0.030251162126660347,-0.04454218968749046,-0.014291027560830116
1,0.025210092,0.026154952,"('intelligent', 'unintelligent')",0.025210091844201088,0.026154952123761177,0.0009448602795600891
3,0.0046164887,0.00070916396,"('able', 'unable')",0.004616488702595234,0.0007091639563441277,-0.003907324746251106
