,Mohawk_male,Mohawk_female,tuple,Industries_male,Industries_female,average_male,average_female,female-male
5,-0.17100704,-0.18570496,"('creative', 'uncreative')",-0.047391195,-0.045714617,-0.10919911414384842,-0.11570978909730911,-0.006510674953460693
2,0.10776384,0.07786384,"('intelligent', 'stupid')",0.03468897,-0.002848296,0.07122640311717987,0.03750777244567871,-0.03371863067150116
4,-0.07602687,-0.045814876,"('rational', 'irrational')",-0.026191428,-0.028445857,-0.05110915005207062,-0.03713036701083183,0.013978783041238785
6,-0.06289599,-0.07236238,"('capable', 'incapable')",-0.11859329,-0.12680347,-0.09074464440345764,-0.09958292543888092,-0.008838281035423279
0,0.044453423,0.02946364,"('competent', 'incompetent')",-0.024362678,-0.012162433,0.010045372880995274,0.008650602772831917,-0.0013947701081633568
1,0.026190603,0.030578993,"('intelligent', 'unintelligent')",0.051828433,0.053294472,0.039009518921375275,0.041936732828617096,0.0029272139072418213
3,0.018253952,0.03491138,"('able', 'unable')",0.05982482,0.090144716,0.03903938829898834,0.06252804398536682,0.02348865568637848
7,-0.013896002,0.001000994,"('practical', 'impractical')",6.20572e-05,0.010314035,-0.006916972808539867,0.0056575145572423935,0.012574487365782261
