,Molson_male,Molson_female,tuple,Coors_male,Coors_female,Beverage_male,Beverage_female,Company_male,Company_female,average_male,average_female,female-male
7,-0.08706768,-0.09249237,"('practical', 'impractical')",-0.058071353,-0.050972935,0.07220366,0.06980877,0.06996697,0.06634621,-0.0007421020418405533,-0.0018275808542966843,-0.001085478812456131
3,-0.07310657,-0.07675198,"('able', 'unable')",-0.024974415,-0.029701993,0.08809777,0.079859175,0.060346927,0.06603282,0.012590928934514523,0.009859506040811539,-0.002731422893702984
2,0.061205823,0.06875593,"('intelligent', 'stupid')",-0.016075648,-0.018830381,0.016202047,0.01488059,0.032683164,0.012360053,0.023503847420215607,0.019291548058390617,-0.004212299361824989
5,-0.05941045,-0.06608754,"('creative', 'uncreative')",-0.06301571,-0.07311316,-0.11008591,-0.082758255,-0.10418273,-0.096098416,-0.08417369425296783,-0.07951433956623077,0.0046593546867370605
0,0.044510406,0.04735185,"('competent', 'incompetent')",0.10121081,0.099488,-0.118604235,-0.10125878,-0.022272779,-9.499664e-05,0.0012110495008528233,0.011371517553925514,0.010160468053072691
1,0.011773984,0.016656447,"('intelligent', 'unintelligent')",-0.018825272,-0.024019163,0.0090136,0.009884914,0.023542136,0.03339987,0.006376111879944801,0.008980516344308853,0.002604404464364052
6,0.006378184,0.005068538,"('capable', 'incapable')",0.027047727,0.035862952,-0.10921633,-0.11234834,-0.10877178,-0.11490957,-0.04614055156707764,-0.04658160358667374,-0.00044105201959609985
4,-0.0050021065,-0.0025372806,"('rational', 'irrational')",-0.061206695,-0.061614092,0.06987855,0.044496235,0.017195245,0.005020061,0.005216247867792845,-0.003658770117908716,-0.008875017985701561
