,Mondelez_male,Mondelez_female,tuple,International_male,International_female,average_male,average_female,female-male
3,-0.122965775,-0.11122638,"('able', 'unable')",0.1131766,0.09824854,-0.004894588142633438,-0.006488919258117676,-0.0015943311154842377
0,0.11874049,0.11717673,"('competent', 'incompetent')",-0.0115038045,-0.0039770664,0.05361834168434143,0.056599829345941544,0.002981487661600113
5,-0.10384048,-0.11250643,"('creative', 'uncreative')",-0.12200729,-0.11464056,-0.11292388290166855,-0.11357349157333374,-0.0006496086716651917
4,-0.03373446,-0.027009433,"('rational', 'irrational')",0.027949685,0.019367075,-0.0028923870995640755,-0.0038211792707443237,-0.0009287921711802483
7,-0.03199809,-0.026077226,"('practical', 'impractical')",0.008239,0.000655524,-0.011879544705152512,-0.012710850685834885,-0.000831305980682373
6,0.016142013,0.015642146,"('capable', 'incapable')",-0.11211831,-0.09682173,-0.047988150268793106,-0.040589794516563416,0.0073983557522296906
1,0.005168501,0.0071855723,"('intelligent', 'unintelligent')",-0.026011018,-0.014023297,-0.01042125839740038,-0.0034188621211797,0.007002396276220679
2,0.002129825,-0.008465814,"('intelligent', 'stupid')",0.0011695327,-0.0063489676,0.0016496789176017046,-0.007407390978187323,-0.009057069895789027
