,Monolithic_male,Monolithic_female,tuple,Power_male,Power_female,Systems_male,Systems_female,average_male,average_female,female-male
3,-0.07920825,-0.005914629,"('able', 'unable')",0.0861146,0.103861324,-0.058603786,-0.04050901,-0.01723247766494751,0.019145894795656204,0.036378372460603714
1,-0.048427694,-0.028475726,"('intelligent', 'unintelligent')",0.0109979985,0.008646115,-0.026023638,-0.027291045,-0.021151110529899597,-0.01570688560605049,0.005444224923849106
0,0.046456903,0.031278435,"('competent', 'incompetent')",-0.020550527,-0.010895386,0.034475036,0.04537493,0.020127137502034504,0.02191932499408722,0.0017921874920527152
5,0.039365865,0.068037964,"('creative', 'uncreative')",-0.002861085,-0.010598521,-0.016990561,-0.0038701189,0.006504739324251811,0.01785644143819809,0.011351702113946278
6,-0.035086636,-0.034728386,"('capable', 'incapable')",-0.088375226,-0.0735167,-0.060783036,-0.05304884,-0.06141496698061625,-0.05376464128494263,0.007650325695673622
4,0.025836695,0.055099282,"('rational', 'irrational')",-0.0168437,-0.010288601,-0.07158169,-0.07769497,-0.020862899720668793,-0.01096142828464508,0.009901471436023712
7,-0.0043744156,-0.026680859,"('practical', 'impractical')",-0.020879885,0.0067573045,0.008896482,-0.004632152,-0.005452606827020645,-0.008185235783457756,-0.002732628956437111
2,-0.0036791547,-0.024372887,"('intelligent', 'stupid')",-0.031335086,-0.06714884,-0.007825484,-0.016360257,-0.014279908190170923,-0.03596065938472748,-0.021680751194556556
