,Monster_male,Monster_female,tuple,Beverage_male,Beverage_female,average_male,average_female,female-male
5,-0.13061407,-0.11488113,"('creative', 'uncreative')",-0.11008591,-0.082758255,-0.12034998834133148,-0.09881968796253204,0.02153030037879944
6,-0.083823495,-0.078817725,"('capable', 'incapable')",-0.10921633,-0.11234834,-0.09651991724967957,-0.09558303654193878,0.0009368807077407837
0,0.046990417,0.031003758,"('competent', 'incompetent')",-0.118604235,-0.10125878,-0.03580690920352936,-0.035127509385347366,0.0006793998181819916
3,0.043720193,0.06525578,"('able', 'unable')",0.08809777,0.079859175,0.06590898334980011,0.0725574791431427,0.00664849579334259
2,0.029137926,0.00024572483,"('intelligent', 'stupid')",0.016202047,0.01488059,0.02266998589038849,0.007563157472759485,-0.015106828417629004
4,-0.015810788,-0.0081597995,"('rational', 'irrational')",0.06987855,0.044496235,0.027033880352973938,0.018168218433856964,-0.008865661919116974
7,0.008303288,0.017076775,"('practical', 'impractical')",0.07220366,0.06980877,0.040253475308418274,0.043442774564027786,0.0031892992556095123
1,0.0044136154,0.018732455,"('intelligent', 'unintelligent')",0.0090136,0.009884914,0.006713607348501682,0.014308684505522251,0.007595077157020569
