,Moody's_male,Moody's_female,tuple,Corporation_male,Corporation_female,average_male,average_female,female-male
5,-0.12027826,-0.12988064,"('creative', 'uncreative')",-0.08197817,-0.07486644,-0.1011282205581665,-0.10237354040145874,-0.0012453198432922363
6,-0.1003115,-0.11837663,"('capable', 'incapable')",-0.08914686,-0.09466634,-0.09472918510437012,-0.10652148723602295,-0.011792302131652832
0,0.09849504,0.0865707,"('competent', 'incompetent')",-0.0069387513,0.00029346623,0.045778144150972366,0.0434320829808712,-0.0023460611701011658
7,-0.08865261,-0.070831574,"('practical', 'impractical')",0.058297187,0.0635866,-0.015177711844444275,-0.003622487187385559,0.011555224657058716
3,0.064737335,0.076359406,"('able', 'unable')",0.02245296,0.04172615,0.043595146387815475,0.05904277786612511,0.015447631478309631
4,0.045383032,0.064423054,"('rational', 'irrational')",-0.006659922,-0.005100324,0.019361555576324463,0.02966136485338211,0.010299809277057648
1,0.040760495,0.04080294,"('intelligent', 'unintelligent')",0.025585327,0.033832077,0.033172912895679474,0.03731750696897507,0.004144594073295593
2,0.019168578,0.024481187,"('intelligent', 'stupid')",0.013934675,-0.0056333407,0.016551626846194267,0.009423922747373581,-0.007127704098820686
