,Morgan_male,Morgan_female,tuple,Stanley_male,Stanley_female,average_male,average_female,female-male
5,-0.13691147,-0.14963378,"('creative', 'uncreative')",-0.11009264,-0.123352356,-0.12350205332040787,-0.13649307191371918,-0.01299101859331131
2,0.05528615,0.04630692,"('intelligent', 'stupid')",0.07569788,0.063769296,0.06549201160669327,0.05503810942173004,-0.010453902184963226
4,-0.033233434,-0.012327305,"('rational', 'irrational')",-0.05602314,-0.041374885,-0.04462828487157822,-0.026851095259189606,0.01777718961238861
3,0.030437285,0.035678998,"('able', 'unable')",0.0404576,0.075302,0.035447441041469574,0.05549049749970436,0.020043056458234787
1,0.018438729,0.024796009,"('intelligent', 'unintelligent')",0.029421229,0.029092988,0.023929979652166367,0.02694449946284294,0.0030145198106765747
6,-0.014972761,-0.023287617,"('capable', 'incapable')",-0.004503726,-0.004168027,-0.009738244116306305,-0.013727821409702301,-0.003989577293395996
0,0.0034667538,-0.0025154147,"('competent', 'incompetent')",-0.0051575694,-0.0031953214,-0.000845407834276557,-0.002855367958545685,-0.002009960124269128
7,-0.0025736152,0.010870121,"('practical', 'impractical')",-0.057757907,-0.050498683,-0.030165761709213257,-0.019814280793070793,0.010351480916142464
