,Motorola_male,Motorola_female,tuple,Solutions_male,Solutions_female,average_male,average_female,female-male
0,0.07291299,0.064177945,"('competent', 'incompetent')",0.0114883175,0.0016007783,0.04220065474510193,0.032889362424612045,-0.009311292320489883
4,-0.07093946,-0.05926649,"('rational', 'irrational')",-0.027378712,-0.013343779,-0.04915908724069595,-0.03630513325333595,0.01285395398736
3,-0.065525755,-0.036240343,"('able', 'unable')",0.048290752,0.06118524,-0.008617501705884933,0.012472448870539665,0.0210899505764246
6,-0.05953189,-0.061101727,"('capable', 'incapable')",-0.045517605,-0.045648374,-0.05252474546432495,-0.05337505042552948,-0.0008503049612045288
5,-0.055366423,-0.0672147,"('creative', 'uncreative')",-0.028869094,-0.050181076,-0.042117759585380554,-0.058697886765003204,-0.01658012717962265
1,-0.029687079,-0.025417384,"('intelligent', 'unintelligent')",-0.022458259,-0.018734187,-0.0260726697742939,-0.02207578532397747,0.003996884450316429
7,0.021378577,0.02954686,"('practical', 'impractical')",-0.024650255,-0.028223125,-0.001635839231312275,0.0006618676707148552,0.00229770690202713
2,0.010191149,0.008368854,"('intelligent', 'stupid')",-0.0131425625,-0.007964484,-0.001475706696510315,0.00020218500867486,0.001677891705185175
