,Nasdaq_male,Nasdaq_female,tuple,average_male,average_female,female-male
5,-0.14477222,-0.15455353,"('creative', 'uncreative')",-0.1447722166776657,-0.15455353260040283,-0.009781315922737122
0,0.09679469,0.10987796,"('competent', 'incompetent')",0.09679468721151352,0.10987795889377594,0.01308327168226242
3,-0.09490232,-0.089405954,"('able', 'unable')",-0.09490232169628143,-0.08940595388412476,0.005496367812156677
4,-0.094860435,-0.09215852,"('rational', 'irrational')",-0.09486043453216553,-0.09215851873159409,0.0027019158005714417
6,0.09297049,0.09195628,"('capable', 'incapable')",0.09297049045562744,0.09195628017187119,-0.001014210283756256
2,0.08828362,0.07700541,"('intelligent', 'stupid')",0.08828362077474594,0.07700540870428085,-0.011278212070465088
7,-0.0837816,-0.0886006,"('practical', 'impractical')",-0.08378159999847412,-0.08860059827566147,-0.004818998277187347
1,0.047862392,0.052574933,"('intelligent', 'unintelligent')",0.04786239191889763,0.05257493257522583,0.004712540656328201
