,NetApp_male,NetApp_female,tuple,average_male,average_female,female-male
0,0.083911456,0.073980086,"('competent', 'incompetent')",0.0839114561676979,0.07398008555173874,-0.009931370615959167
5,-0.08154254,-0.08413364,"('creative', 'uncreative')",-0.08154253661632538,-0.08413363993167877,-0.0025911033153533936
4,-0.0685084,-0.059190698,"('rational', 'irrational')",-0.06850840151309967,-0.059190697968006134,0.009317703545093536
7,-0.06794785,-0.0721846,"('practical', 'impractical')",-0.06794784963130951,-0.07218459993600845,-0.004236750304698944
3,-0.035708003,-0.015318396,"('able', 'unable')",-0.035708002746105194,-0.01531839556992054,0.020389607176184654
1,-0.02398632,-0.01832847,"('intelligent', 'unintelligent')",-0.023986319079995155,-0.0183284692466259,0.005657849833369255
2,0.014590989,0.008692075,"('intelligent', 'stupid')",0.014590988866984844,0.008692074567079544,-0.0058989142999053
6,-0.013965291,-0.013313096,"('capable', 'incapable')",-0.01396529097110033,-0.013313096016645432,0.0006521949544548988
