,Netflix_male,Netflix_female,tuple,average_male,average_female,female-male
4,-0.11461064,-0.11293742,"('rational', 'irrational')",-0.11461064219474792,-0.11293742060661316,0.0016732215881347656
6,-0.05724644,-0.054241486,"('capable', 'incapable')",-0.05724643915891647,-0.05424148589372635,0.0030049532651901245
5,-0.048212864,-0.042919397,"('creative', 'uncreative')",-0.04821286350488663,-0.04291939735412598,0.005293466150760651
7,-0.028488595,-0.050177295,"('practical', 'impractical')",-0.02848859503865242,-0.05017729476094246,-0.02168869972229004
0,0.021166928,0.017996177,"('competent', 'incompetent')",0.021166928112506866,0.017996177077293396,-0.0031707510352134705
1,0.0147408955,0.015314318,"('intelligent', 'unintelligent')",0.014740895479917526,0.015314318239688873,0.000573422759771347
3,0.006275132,-0.0010265572,"('able', 'unable')",0.006275131832808256,-0.001026557176373899,-0.007301689009182155
2,-0.0038925235,-0.0037899048,"('intelligent', 'stupid')",-0.003892523469403386,-0.003789904760196805,0.00010261870920658112
