,Newell_male,Newell_female,tuple,Brands_male,Brands_female,average_male,average_female,female-male
5,-0.10833477,-0.12084403,"('creative', 'uncreative')",-0.10751212,-0.1009526,-0.10792344808578491,-0.11089831590652466,-0.002974867820739746
4,-0.094221205,-0.0707975,"('rational', 'irrational')",-0.04174971,-0.054097496,-0.06798546016216278,-0.062447499483823776,0.0055379606783390045
3,-0.054424275,-0.06522442,"('able', 'unable')",0.040701613,0.067288406,-0.006861330941319466,0.0010319948196411133,0.007893325760960579
1,0.034879643,0.029064933,"('intelligent', 'unintelligent')",0.04282979,0.04982045,0.03885471820831299,0.03944269195199013,0.0005879737436771393
0,0.022621123,0.023310157,"('competent', 'incompetent')",0.018575791,0.016808469,0.020598456263542175,0.020059313625097275,-0.0005391426384449005
7,0.012850135,0.013021509,"('practical', 'impractical')",0.0060534193,-0.00010300318,0.00945177674293518,0.006459252908825874,-0.0029925238341093063
6,0.0056229914,0.01111794,"('capable', 'incapable')",-0.05724465,-0.051725466,-0.025810830295085907,-0.020303763449192047,0.00550706684589386
2,0.0053444146,0.0075427364,"('intelligent', 'stupid')",0.017031524,-0.00267768,0.011187969706952572,0.0024325281847268343,-0.008755441522225738
