,News_male,News_female,tuple,Corp_male,Corp_female,(Class_male,(Class_female,B)_male,B)_female,average_male,average_female,female-male
6,-0.13537437,-0.13212699,"('capable', 'incapable')",-0.041310117,-0.038715057,-0.1314472,-0.1336964,-0.065250374,-0.06624169,-0.0933455154299736,-0.09269503504037857,0.0006504803895950317
5,-0.091016375,-0.099959575,"('creative', 'uncreative')",-0.11412648,-0.11047702,0.04402673,0.018332925,-0.06616851,-0.0680097,-0.05682116001844406,-0.06502833962440491,-0.008207179605960846
3,0.09007125,0.083044946,"('able', 'unable')",0.0999496,0.11479322,0.17448343,0.19871874,0.043605532,0.058520827,0.10202745348215103,0.11376943439245224,0.011741980910301208
7,-0.03934978,-0.046906702,"('practical', 'impractical')",0.027091606,0.03626745,0.11315178,0.09748604,0.042692486,0.03424424,0.03589652478694916,0.03027275577187538,-0.005623769015073776
1,0.034247022,0.037173934,"('intelligent', 'unintelligent')",0.0010721454,-0.007177876,0.061842702,0.07000121,0.14360324,0.14051801,0.06019127741456032,0.060128819197416306,-6.245821714401245e-05
0,0.017634105,0.019370208,"('competent', 'incompetent')",0.013359732,0.0104339365,-0.11206448,-0.10064655,-0.13310672,-0.13089491,-0.05354434251785278,-0.050434328615665436,0.0031100139021873474
4,-0.014652142,-0.017265273,"('rational', 'irrational')",-0.0029861457,0.0074518984,0.016083097,0.008118572,0.07817109,0.054499887,0.019153974950313568,0.013201271183788776,-0.005952703766524792
2,-0.012891625,-0.017098917,"('intelligent', 'stupid')",-0.012201122,-0.012562309,-0.041183397,-0.0369232,0.050447624,0.045367267,-0.0039571309462189674,-0.005304289050400257,-0.0013471581041812897
