,News_male,News_female,tuple,Corp_male,Corp_female,(Class_male,(Class_female,A)_male,A)_female,average_male,average_female,female-male
6,-0.13537437,-0.13212699,"('capable', 'incapable')",-0.041310117,-0.038715057,-0.1314472,-0.1336964,-0.11728098,-0.10834561,-0.10635317116975784,-0.10322101414203644,0.003132157027721405
5,-0.091016375,-0.099959575,"('creative', 'uncreative')",-0.11412648,-0.11047702,0.04402673,0.018332925,-0.035963476,-0.040092994,-0.049269899725914,-0.05804916471242905,-0.008779264986515045
3,0.09007125,0.083044946,"('able', 'unable')",0.0999496,0.11479322,0.17448343,0.19871874,0.065938644,0.082216226,0.10761073231697083,0.11969328671693802,0.012082554399967194
7,-0.03934978,-0.046906702,"('practical', 'impractical')",0.027091606,0.03626745,0.11315178,0.09748604,0.0029052966,0.00568902,0.02594972588121891,0.02313395030796528,-0.0028157755732536316
1,0.034247022,0.037173934,"('intelligent', 'unintelligent')",0.0010721454,-0.007177876,0.061842702,0.07000121,0.12534745,0.12241906,0.055627331137657166,0.055604081600904465,-2.3249536752700806e-05
0,0.017634105,0.019370208,"('competent', 'incompetent')",0.013359732,0.0104339365,-0.11206448,-0.10064655,-0.09084427,-0.09227567,-0.04297873005270958,-0.040779516100883484,0.0021992139518260956
4,-0.014652142,-0.017265273,"('rational', 'irrational')",-0.0029861457,0.0074518984,0.016083097,0.008118572,0.06515643,0.033136457,0.01590031012892723,0.007860413752496243,-0.008039896376430988
2,-0.012891625,-0.017098917,"('intelligent', 'stupid')",-0.012201122,-0.012562309,-0.041183397,-0.0369232,-0.012446848,-0.017661806,-0.019680749624967575,-0.02106155827641487,-0.0013808086514472961
