,NextEra_male,NextEra_female,tuple,Energy_male,Energy_female,average_male,average_female,female-male
0,0.057307046,0.06757026,"('competent', 'incompetent')",0.039062213,0.042480562,0.048184629529714584,0.05502541363239288,0.006840784102678299
5,-0.039193243,-0.071795546,"('creative', 'uncreative')",-0.005074311,-0.02356725,-0.022133776918053627,-0.04768139868974686,-0.02554762177169323
7,-0.03418299,-0.03815917,"('practical', 'impractical')",-0.03488957,-0.029364854,-0.03453627973794937,-0.03376201167702675,0.0007742680609226227
1,-0.029969873,-0.050362267,"('intelligent', 'unintelligent')",0.0046072626,0.010602739,-0.012681305408477783,-0.019879763945937157,-0.0071984585374593735
2,0.029451521,0.031162983,"('intelligent', 'stupid')",-0.065077595,-0.07664522,-0.01781303808093071,-0.02274111658334732,-0.004928078502416611
6,-0.021204948,-0.0026490025,"('capable', 'incapable')",-0.06564437,-0.06611495,-0.043424658477306366,-0.03438197448849678,0.009042683988809586
4,0.004728022,-0.0016200634,"('rational', 'irrational')",-0.05856218,-0.055049308,-0.026917077600955963,-0.028334684669971466,-0.001417607069015503
3,0.0044647045,0.027326342,"('able', 'unable')",0.03048999,0.053108077,0.01747734844684601,0.04021720960736275,0.02273986116051674
