,Nielsen_male,Nielsen_female,tuple,Holdings_male,Holdings_female,average_male,average_female,female-male
5,-0.08321545,-0.094182365,"('creative', 'uncreative')",-0.053658955,-0.07643603,-0.06843720376491547,-0.08530919253826141,-0.016871988773345947
6,-0.05140143,-0.048659366,"('capable', 'incapable')",-0.069236204,-0.059655063,-0.06031881645321846,-0.05415721237659454,0.006161604076623917
3,0.049945384,0.05537545,"('able', 'unable')",0.11538586,0.13276215,0.08266562223434448,0.09406879544258118,0.011403173208236694
0,0.03451856,0.04480289,"('competent', 'incompetent')",-0.054858144,-0.052832823,-0.010169792920351028,-0.004014967009425163,0.006154825910925865
2,0.023500089,0.0114346,"('intelligent', 'stupid')",-0.025787735,-0.056807045,-0.0011438233777880669,-0.022686222568154335,-0.021542399190366268
1,0.02130115,0.028703647,"('intelligent', 'unintelligent')",0.034783427,0.03469721,0.02804228849709034,0.03170042857527733,0.003658140078186989
4,-0.013324238,-0.01284937,"('rational', 'irrational')",-0.024002356,-0.012593959,-0.018663298338651657,-0.01272166520357132,0.0059416331350803375
7,-0.01319823,-0.024411099,"('practical', 'impractical')",0.06948138,0.0810062,0.028141574934124947,0.028297550976276398,0.0001559760421514511
