,Nike_male,Nike_female,tuple,average_male,average_female,female-male
5,-0.10352845,-0.12308639,"('creative', 'uncreative')",-0.1035284474492073,-0.12308639287948608,-0.019557945430278778
4,-0.097290516,-0.10357553,"('rational', 'irrational')",-0.0972905158996582,-0.10357552766799927,-0.0062850117683410645
0,0.064966604,0.07864456,"('competent', 'incompetent')",0.0649666041135788,0.07864455878734589,0.01367795467376709
6,-0.043784104,-0.0379928,"('capable', 'incapable')",-0.04378410428762436,-0.037992801517248154,0.0057913027703762054
1,0.041348465,0.04018051,"('intelligent', 'unintelligent')",0.04134846478700638,0.0401805117726326,-0.0011679530143737793
2,0.022877637,0.016082417,"('intelligent', 'stupid')",0.022877637296915054,0.016082417219877243,-0.006795220077037811
3,-0.010008861,-0.022681825,"('able', 'unable')",-0.010008861310780048,-0.022681824862957,-0.012672963552176952
7,0.0014609736,0.0021463756,"('practical', 'impractical')",0.0014609736390411854,0.00214637559838593,0.0006854019593447447
