,NiSource_male,NiSource_female,tuple,average_male,average_female,female-male
5,-0.10096696,-0.06297061,"('creative', 'uncreative')",-0.10096696019172668,-0.0629706084728241,0.03799635171890259
3,-0.06522899,-0.0196639,"('able', 'unable')",-0.06522899121046066,-0.019663900136947632,0.04556509107351303
0,0.05045349,0.050394546,"('competent', 'incompetent')",0.050453491508960724,0.05039454624056816,-5.8945268392562866e-05
2,0.032274034,0.016527774,"('intelligent', 'stupid')",0.0322740338742733,0.016527773812413216,-0.015746260061860085
7,-0.01926394,-0.0213741,"('practical', 'impractical')",-0.019263939931988716,-0.02137410081923008,-0.0021101608872413635
1,0.015137866,0.016890114,"('intelligent', 'unintelligent')",0.015137866139411926,0.016890114173293114,0.0017522480338811874
4,0.01296159,0.03358707,"('rational', 'irrational')",0.012961589731276035,0.03358706831932068,0.020625478588044643
6,-0.011030377,-0.02496457,"('capable', 'incapable')",-0.011030376888811588,-0.02496456913650036,-0.01393419224768877
