,Norfolk_male,Norfolk_female,tuple,Southern_male,Southern_female,average_male,average_female,female-male
4,-0.054037906,-0.078388505,"('rational', 'irrational')",-0.01777047,-0.029109044,-0.035904187709093094,-0.05374877527356148,-0.017844587564468384
1,-0.03579605,-0.0143064065,"('intelligent', 'unintelligent')",-0.0020290108,-0.0032358016,-0.018912529572844505,-0.00877110380679369,0.010141425766050816
0,-0.031852294,-0.04929512,"('competent', 'incompetent')",0.002320698,0.0034935826,-0.01476579811424017,-0.022900769487023354,-0.008134971372783184
5,-0.026544947,-0.0140046645,"('creative', 'uncreative')",-0.10436382,-0.11594835,-0.0654543861746788,-0.06497650593519211,0.00047788023948669434
3,0.025486257,0.01954207,"('able', 'unable')",-0.0036308474,-0.011662078,0.010927705094218254,0.0039399960078299046,-0.0069877090863883495
2,0.02074562,-0.0017254348,"('intelligent', 'stupid')",0.017198255,0.027234297,0.018971938639879227,0.012754430994391441,-0.006217507645487785
6,0.01688282,0.008169912,"('capable', 'incapable')",-0.013896533,0.014751132,0.0014931433834135532,0.011460522189736366,0.009967378806322813
7,-0.013295748,-0.015115418,"('practical', 'impractical')",0.04205683,0.04174335,0.014380540698766708,0.013313965871930122,-0.001066574826836586
