,Northrop_male,Northrop_female,tuple,Grumman_male,Grumman_female,average_male,average_female,female-male
5,-0.05850987,-0.06826879,"('creative', 'uncreative')",-0.17623377,-0.17962648,-0.1173718199133873,-0.1239476352930069,-0.006575815379619598
6,0.02651641,0.04449371,"('capable', 'incapable')",0.057273004,0.061471134,0.04189470782876015,0.05298241972923279,0.011087711900472641
0,0.025500402,0.07075675,"('competent', 'incompetent')",0.14182334,0.14593565,0.08366186916828156,0.10834620147943497,0.024684332311153412
1,-0.024287371,-0.033029813,"('intelligent', 'unintelligent')",-0.046126686,-0.039969303,-0.035207029432058334,-0.03649955987930298,-0.0012925304472446442
7,-0.023599062,-0.03894695,"('practical', 'impractical')",-0.12348538,-0.12760796,-0.07354222238063812,-0.08327744901180267,-0.00973522663116455
3,-0.019139318,-0.015970718,"('able', 'unable')",-0.060610197,-0.04918491,-0.03987475857138634,-0.03257781267166138,0.00729694589972496
2,0.018141976,-0.0061964854,"('intelligent', 'stupid')",0.07532856,0.06387167,0.04673526808619499,0.028837591409683228,-0.017897676676511765
4,-0.014305626,0.004940537,"('rational', 'irrational')",-0.022089217,-0.024689289,-0.018197420984506607,-0.00987437553703785,0.008323045447468758
