,NortonLifeLock_male,NortonLifeLock_female,tuple,average_male,average_female,female-male
6,-0.06486658,-0.06947802,"('capable', 'incapable')",-0.0648665800690651,-0.06947802007198334,-0.004611440002918243
7,-0.032468565,-0.038765203,"('practical', 'impractical')",-0.03246856480836868,-0.03876520320773125,-0.006296638399362564
2,0.025249658,0.007170624,"('intelligent', 'stupid')",0.025249658152461052,0.007170624099671841,-0.01807903405278921
3,0.023397781,0.03330274,"('able', 'unable')",0.0233977809548378,0.03330273926258087,0.009904958307743073
5,-0.009934201,-0.0133751845,"('creative', 'uncreative')",-0.009934200905263424,-0.013375184498727322,-0.0034409835934638977
4,0.0022461645,0.0020236995,"('rational', 'irrational')",0.002246164483949542,0.0020236994605511427,-0.00022246502339839935
1,0.0011975823,0.009657467,"('intelligent', 'unintelligent')",0.0011975823435932398,0.009657466784119606,0.008459884440526366
0,0.00052996585,0.0056784074,"('competent', 'incompetent')",0.0005299658514559269,0.00567840738222003,0.005148441530764103
