,Northern_male,Northern_female,tuple,Trust_male,Trust_female,average_male,average_female,female-male
6,-0.049009517,-0.040988907,"('capable', 'incapable')",-0.1105964,-0.09390199,-0.07980296015739441,-0.06744544953107834,0.01235751062631607
3,0.047144964,0.051169254,"('able', 'unable')",0.10887621,0.123291165,0.07801058888435364,0.08723020553588867,0.009219616651535034
5,-0.046747304,-0.07329823,"('creative', 'uncreative')",-0.02192124,-0.041660763,-0.034334272146224976,-0.05747949704527855,-0.023145224899053574
2,0.031036062,0.03367556,"('intelligent', 'stupid')",-0.025893396,-0.040751908,0.002571333199739456,-0.00353817455470562,-0.006109507754445076
4,-0.02130072,-0.01802178,"('rational', 'irrational')",-0.019425986,-0.013134194,-0.020363353192806244,-0.01557798683643341,0.004785366356372833
0,-0.017325554,-0.012106455,"('competent', 'incompetent')",-0.0057503134,-0.005969198,-0.011537933722138405,-0.009037826210260391,0.0025001075118780136
7,0.011551722,0.0154095255,"('practical', 'impractical')",-0.0068705706,0.0014532756,0.0023405756801366806,0.008431400172412395,0.006090824492275715
1,0.0051839,0.007824861,"('intelligent', 'unintelligent')",0.03046172,0.027639596,0.017822809517383575,0.017732229083776474,-9.058043360710144e-05
