,Norwegian_male,Norwegian_female,tuple,Cruise_male,Cruise_female,Line_male,Line_female,Holdings_male,Holdings_female,average_male,average_female,female-male
5,-0.09979328,-0.088693745,"('creative', 'uncreative')",-0.18209772,-0.15066312,-0.05350116,-0.08236166,-0.053658955,-0.07643603,-0.09726277738809586,-0.0995386391878128,-0.0022758617997169495
0,0.065528534,0.06784252,"('competent', 'incompetent')",0.0030520514,-0.0023780852,0.029878128,0.027814396,-0.054858144,-0.052832823,0.01090014073997736,0.01011150237172842,-0.0007886383682489395
6,-0.050071243,-0.0614702,"('capable', 'incapable')",-0.043383773,-0.03289844,-0.10060862,-0.10759305,-0.069236204,-0.059655063,-0.065824955701828,-0.06540419161319733,0.00042076408863067627
4,-0.04857402,-0.0419048,"('rational', 'irrational')",-0.0360444,-0.05387259,0.0057935324,0.008930413,-0.024002356,-0.012593959,-0.025706810876727104,-0.024860234931111336,0.0008465759456157684
2,0.036590535,0.023514535,"('intelligent', 'stupid')",0.023571726,0.011436168,0.05815534,0.04536984,-0.025787735,-0.056807045,0.02313246764242649,0.00587837491184473,-0.01725409273058176
7,-0.026840925,-0.02603295,"('practical', 'impractical')",-0.012577175,-0.011036522,-0.027739216,-0.010283578,0.06948138,0.0810062,0.0005810167640447617,0.008413286879658699,0.007832270115613937
1,0.014569261,0.018907622,"('intelligent', 'unintelligent')",0.024302378,0.026281811,0.031037401,0.035401136,0.034783427,0.03469721,0.026173114776611328,0.028821945190429688,0.0026488304138183594
3,0.0015314416,0.025607863,"('able', 'unable')",0.033601448,0.017963432,0.05619067,0.07892261,0.11538586,0.13276215,0.05167735368013382,0.06381401419639587,0.012136660516262054
