,NRG_male,NRG_female,tuple,Energy_male,Energy_female,average_male,average_female,female-male
5,-0.09383244,-0.085921384,"('creative', 'uncreative')",-0.005074311,-0.02356725,-0.04945337772369385,-0.05474431812763214,-0.0052909404039382935
2,0.06648267,0.04792555,"('intelligent', 'stupid')",-0.065077595,-0.07664522,0.0007025375962257385,-0.014359833672642708,-0.015062371268868446
0,0.056324486,0.070392996,"('competent', 'incompetent')",0.039062213,0.042480562,0.04769334942102432,0.056436777114868164,0.008743427693843842
7,-0.045375083,-0.06344143,"('practical', 'impractical')",-0.03488957,-0.029364854,-0.04013232886791229,-0.04640314355492592,-0.006270814687013626
6,-0.038040612,-0.028062826,"('capable', 'incapable')",-0.06564437,-0.06611495,-0.05184248834848404,-0.04708888754248619,0.0047536008059978485
1,0.032378476,0.03222648,"('intelligent', 'unintelligent')",0.0046072626,0.010602739,0.018492870032787323,0.021414609625935555,0.0029217395931482315
4,-0.025361009,-0.018414134,"('rational', 'irrational')",-0.05856218,-0.055049308,-0.04196159541606903,-0.036731719970703125,0.005229875445365906
3,-0.01857762,-0.013098944,"('able', 'unable')",0.03048999,0.053108077,0.005956185050308704,0.02000456675887108,0.014048381708562374
