,Nucor_male,Nucor_female,tuple,average_male,average_female,female-male
5,-0.050889358,-0.014336562,"('creative', 'uncreative')",-0.050889357924461365,-0.014336561784148216,0.03655279614031315
0,0.04148776,0.031250935,"('competent', 'incompetent')",0.041487760841846466,0.031250935047864914,-0.010236825793981552
6,-0.032465618,-0.023966739,"('capable', 'incapable')",-0.0324656181037426,-0.02396673895418644,0.00849887914955616
3,-0.02500534,-0.020765573,"('able', 'unable')",-0.025005340576171875,-0.020765572786331177,0.004239767789840698
2,0.023172976,-0.0051082787,"('intelligent', 'stupid')",0.023172976449131966,-0.005108278710395098,-0.028281255159527063
4,0.012401717,0.040526632,"('rational', 'irrational')",0.012401716783642769,0.040526632219552994,0.028124915435910225
1,0.008260642,-0.00010628321,"('intelligent', 'unintelligent')",0.008260642178356647,-0.00010628320887917653,-0.008366925387235824
7,-0.0053069377,0.013427632,"('practical', 'impractical')",-0.0053069377318024635,0.013427631929516792,0.018734569661319256
