,Nvidia_male,Nvidia_female,tuple,average_male,average_female,female-male
0,0.11394813,0.12739153,"('competent', 'incompetent')",0.11394812911748886,0.1273915320634842,0.01344340294599533
7,-0.08129827,-0.07673053,"('practical', 'impractical')",-0.08129826933145523,-0.07673052698373795,0.004567742347717285
5,-0.06763674,-0.059426133,"('creative', 'uncreative')",-0.06763674318790436,-0.05942613258957863,0.00821061059832573
3,-0.03355118,-0.05616932,"('able', 'unable')",-0.0335511788725853,-0.05616931989789009,-0.022618141025304794
4,0.017635692,0.0040260013,"('rational', 'irrational')",0.017635691910982132,0.0040260013192892075,-0.013609690591692924
6,0.011693464,0.030596739,"('capable', 'incapable')",0.011693463660776615,0.030596738681197166,0.01890327502042055
2,-0.0062710415,-0.029234117,"('intelligent', 'stupid')",-0.006271041464060545,-0.02923411689698696,-0.022963075432926416
1,-0.0062122406,-0.021204771,"('intelligent', 'unintelligent')",-0.0062122405506670475,-0.021204771474003792,-0.014992530923336744
