,NVR_male,NVR_female,tuple,average_male,average_female,female-male
4,-0.04415048,-0.023557402,"('rational', 'irrational')",-0.04415047913789749,-0.023557402193546295,0.020593076944351196
5,0.04379142,0.04013177,"('creative', 'uncreative')",0.04379142075777054,0.04013177007436752,-0.003659650683403015
0,-0.043419972,-0.028871587,"('competent', 'incompetent')",-0.0434199720621109,-0.028871586546301842,0.01454838551580906
3,0.034195017,0.027161978,"('able', 'unable')",0.03419501706957817,0.02716197818517685,-0.007033038884401321
1,0.031864014,0.0348374,"('intelligent', 'unintelligent')",0.03186401352286339,0.034837398678064346,0.0029733851552009583
7,-0.013641345,-0.010302968,"('practical', 'impractical')",-0.01364134531468153,-0.010302968323230743,0.0033383769914507866
6,-0.010499472,-0.034925763,"('capable', 'incapable')",-0.010499471798539162,-0.03492576256394386,-0.0244262907654047
2,0.0052695237,0.020140808,"('intelligent', 'stupid')",0.005269523710012436,0.020140808075666428,0.014871284365653992
