,NXP_male,NXP_female,tuple,average_male,average_female,female-male
6,-0.09043625,-0.07472977,"('capable', 'incapable')",-0.09043624997138977,-0.07472977042198181,0.01570647954940796
5,-0.08450021,-0.08090082,"('creative', 'uncreative')",-0.08450020849704742,-0.08090081810951233,0.003599390387535095
7,-0.052170116,-0.05965383,"('practical', 'impractical')",-0.05217011645436287,-0.05965382978320122,-0.007483713328838348
2,0.047256764,0.037193958,"('intelligent', 'stupid')",0.04725676402449608,0.03719395771622658,-0.0100628063082695
4,0.044523172,0.041605547,"('rational', 'irrational')",0.044523172080516815,0.041605547070503235,-0.0029176250100135803
1,0.04052931,0.042327214,"('intelligent', 'unintelligent')",0.04052931070327759,0.042327214032411575,0.0017979033291339874
0,0.027124286,0.033247173,"('competent', 'incompetent')",0.02712428569793701,0.033247172832489014,0.006122887134552002
3,0.0044407723,-0.001444473,"('able', 'unable')",0.004440772347152233,-0.0014444730477407575,-0.005885245394892991
