,O'Reilly_male,O'Reilly_female,tuple,Automotive_male,Automotive_female,average_male,average_female,female-male
5,-0.06555408,-0.063364044,"('creative', 'uncreative')",-0.1313075,-0.10235433,-0.09843079000711441,-0.08285918831825256,0.015571601688861847
4,0.059303734,0.06791076,"('rational', 'irrational')",-0.019621126,-0.023377264,0.019841304048895836,0.022266749292612076,0.00242544524371624
0,0.054336973,0.048942372,"('competent', 'incompetent')",0.0009330905,0.005277609,0.027635032311081886,0.027109989896416664,-0.0005250424146652222
3,-0.048002254,-0.042594723,"('able', 'unable')",-0.07042513,-0.044327307,-0.05921369045972824,-0.043461017310619354,0.015752673149108887
2,-0.03631235,-0.037578695,"('intelligent', 'stupid')",0.037412122,0.03598528,0.0005498863756656647,-0.000796707347035408,-0.0013465937227010727
1,0.011925174,0.010574205,"('intelligent', 'unintelligent')",-0.00795683,-0.00024814333,0.001984172035008669,0.005163030698895454,0.0031788586638867855
7,-0.0030859972,-0.007960812,"('practical', 'impractical')",0.009504338,-0.0046968185,0.0032091704197227955,-0.006328815594315529,-0.009537986014038324
6,-0.0012930977,-0.0027136055,"('capable', 'incapable')",-0.0900295,-0.10124891,-0.04566130042076111,-0.051981259137392044,-0.006319958716630936
