,Occidental_male,Occidental_female,tuple,Petroleum_male,Petroleum_female,average_male,average_female,female-male
0,0.14926402,0.14776203,"('competent', 'incompetent')",-0.060848545,-0.053170506,0.04420773684978485,0.047295764088630676,0.003088027238845825
7,-0.07325565,-0.09260582,"('practical', 'impractical')",0.0027847746,0.00982398,-0.035235438495874405,-0.04139092192053795,-0.006155483424663544
2,0.06684045,0.046213817,"('intelligent', 'stupid')",0.058684696,0.05419256,0.06276257336139679,0.05020318925380707,-0.012559384107589722
5,-0.059123997,-0.043491937,"('creative', 'uncreative')",-0.084818356,-0.075643435,-0.07197117805480957,-0.059567686170339584,0.012403491884469986
3,-0.04725303,-0.05139352,"('able', 'unable')",-0.01565297,0.01926733,-0.03145299851894379,-0.01606309413909912,0.015389904379844666
1,0.021165233,0.023320617,"('intelligent', 'unintelligent')",-0.022679342,-0.022490092,-0.0007570544257760048,0.00041526276618242264,0.0011723171919584274
6,-0.0047369557,0.014336428,"('capable', 'incapable')",-0.05211708,-0.06921031,-0.028427017852663994,-0.027436941862106323,0.0009900759905576706
4,-0.004719326,-0.009201891,"('rational', 'irrational')",-0.019955372,-0.0027553665,-0.012337349355220795,-0.0059786285273730755,0.006358720827847719
