,Old_male,Old_female,tuple,Dominion_male,Dominion_female,Freight_male,Freight_female,Line_male,Line_female,average_male,average_female,female-male
3,0.15869878,0.18726724,"('able', 'unable')",0.04434308,0.045272734,-0.010935408,0.0071013146,0.05619067,0.07892261,0.06207428127527237,0.07964097708463669,0.01756669580936432
6,-0.060281914,-0.0880823,"('capable', 'incapable')",-0.013768677,-0.009993947,-0.08658495,-0.07936732,-0.10060862,-0.10759305,-0.06531103700399399,-0.07125915586948395,-0.00594811886548996
0,-0.057517193,-0.042320598,"('competent', 'incompetent')",0.012675551,0.01743085,-0.042451873,-0.039779436,0.029878128,0.027814396,-0.014353848062455654,-0.009213697165250778,0.005140150897204876
4,0.035852715,0.051300857,"('rational', 'irrational')",-0.014447757,-0.010896121,-0.023260618,-0.028540032,0.0057935324,0.008930413,0.0009844684973359108,0.0051987795159220695,0.004214311018586159
7,0.035065945,0.05182696,"('practical', 'impractical')",-0.08188483,-0.07615557,0.016066337,0.017274726,-0.027739216,-0.010283578,-0.014622941613197327,-0.004334365949034691,0.010288575664162636
5,-0.030182848,-0.042658187,"('creative', 'uncreative')",-0.09398947,-0.11122401,-0.012085628,-0.011576362,-0.05350116,-0.08236166,-0.04743977636098862,-0.061955057084560394,-0.014515280723571777
2,-0.018669931,-0.058274392,"('intelligent', 'stupid')",0.046784766,0.035219613,0.045016836,0.022781076,0.05815534,0.04536984,0.03282175213098526,0.011274034157395363,-0.021547717973589897
1,0.016189406,0.033054974,"('intelligent', 'unintelligent')",0.013524843,0.012199447,0.058795426,0.059171613,0.031037401,0.035401136,0.029886770993471146,0.03495679050683975,0.005070019513368607
