,Omnicom_male,Omnicom_female,tuple,Group_male,Group_female,average_male,average_female,female-male
0,0.09729909,0.10863561,"('competent', 'incompetent')",-0.018240994,-0.013088708,0.03952904790639877,0.04777345061302185,0.008244402706623077
1,-0.051000137,-0.065315194,"('intelligent', 'unintelligent')",0.021084711,0.026755482,-0.014957712963223457,-0.019279856234788895,-0.004322143271565437
3,-0.050639883,-0.04491086,"('able', 'unable')",0.07223469,0.08965085,0.010797403752803802,0.0223699938505888,0.011572590097784996
5,-0.045601174,-0.022400148,"('creative', 'uncreative')",-0.045939427,-0.050667785,-0.045770302414894104,-0.03653396666049957,0.009236335754394531
7,-0.039176613,-0.05440135,"('practical', 'impractical')",0.07082706,0.06171128,0.015825223177671432,0.0036549661308526993,-0.012170257046818733
6,-0.021159763,0.0017426215,"('capable', 'incapable')",-0.1054052,-0.10317491,-0.06328248232603073,-0.05071614310145378,0.01256633922457695
2,0.013819122,-2.5172842e-05,"('intelligent', 'stupid')",0.006392564,0.0035066525,0.010105842724442482,0.0017407397972419858,-0.008365102927200496
4,-0.0020708255,-0.0027605451,"('rational', 'irrational')",0.003967365,-0.004109691,0.0009482696186751127,-0.0034351181238889694,-0.004383387742564082
