,Oneok_male,Oneok_female,tuple,average_male,average_female,female-male
6,-0.05196214,-0.048282716,"('capable', 'incapable')",-0.05196214094758034,-0.04828271642327309,0.003679424524307251
3,0.049167924,0.06507903,"('able', 'unable')",0.049167923629283905,0.06507903337478638,0.015911109745502472
5,-0.03567795,-0.049487833,"('creative', 'uncreative')",-0.0356779508292675,-0.04948783293366432,-0.01380988210439682
1,0.027483461,0.02185207,"('intelligent', 'unintelligent')",0.027483461424708366,0.021852070465683937,-0.005631390959024429
0,0.023041015,0.006972719,"('competent', 'incompetent')",0.02304101549088955,0.006972718983888626,-0.016068296507000923
2,-0.021353131,-0.01841385,"('intelligent', 'stupid')",-0.021353131160140038,-0.01841384917497635,0.0029392819851636887
4,-0.010964329,-0.008262009,"('rational', 'irrational')",-0.010964329354465008,-0.008262009359896183,0.0027023199945688248
7,0.005241511,-0.004098353,"('practical', 'impractical')",0.005241510923951864,-0.00409835297614336,-0.009339863900095224
