,Oracle_male,Oracle_female,tuple,average_male,average_female,female-male
5,-0.10007138,-0.09575504,"('creative', 'uncreative')",-0.10007137805223465,-0.09575504064559937,0.004316337406635284
4,-0.054284554,-0.05261214,"('rational', 'irrational')",-0.05428455397486687,-0.05261214077472687,0.0016724132001399994
0,0.04894181,0.039722532,"('competent', 'incompetent')",0.04894180968403816,0.03972253203392029,-0.009219277650117874
7,-0.030856619,-0.040021535,"('practical', 'impractical')",-0.030856618657708168,-0.04002153500914574,-0.009164916351437569
6,-0.019683905,-0.0036940204,"('capable', 'incapable')",-0.019683904945850372,-0.0036940204445272684,0.015989884501323104
1,-0.015721334,-0.025726695,"('intelligent', 'unintelligent')",-0.015721334144473076,-0.025726694613695145,-0.010005360469222069
3,0.014549862,0.008233112,"('able', 'unable')",0.014549861662089825,0.008233112283051014,-0.006316749379038811
2,0.012670845,0.012985338,"('intelligent', 'stupid')",0.012670844793319702,0.01298533845692873,0.00031449366360902786
