,Organon_male,Organon_female,tuple,&_male,&_female,Co._male,Co._female,average_male,average_female,female-male
6,-0.07053629,-0.07971287,"('capable', 'incapable')",-0.01493015,-0.0071977274,-0.044010535,-0.045968223,-0.04315899312496185,-0.04429294168949127,-0.001133948564529419
2,-0.059743345,-0.06759381,"('intelligent', 'stupid')",0.051717956,0.04445349,0.023643412,-0.0009600426,0.00520600751042366,-0.008033455039064089,-0.01323946254948775
0,0.045700677,0.045635547,"('competent', 'incompetent')",-0.009155776,0.0012747109,-0.011914944,-0.02575045,0.008209985370437304,0.0070532696942488355,-0.001156715676188468
5,0.02888318,0.039492704,"('creative', 'uncreative')",-0.043580506,-0.054771464,-0.020686034,0.008349297,-0.011794452865918478,-0.00230982123563687,0.009484631630281608
7,-0.02613842,-0.024389664,"('practical', 'impractical')",-0.048612878,-0.06842974,-0.016795175,-0.0071545164,-0.030515489478905995,-0.033324639002482094,-0.0028091495235760995
4,-0.025121646,-0.011115355,"('rational', 'irrational')",-0.13764003,-0.14945811,0.0032827188,-0.0019118163,-0.05315964917341868,-0.0541617621978124,-0.001002113024393722
3,0.022662101,0.036088813,"('able', 'unable')",0.04109473,0.042220853,0.15887192,0.16347444,0.07420958081881206,0.08059470355510712,0.00638512273629506
1,-1.2641021e-05,0.004963244,"('intelligent', 'unintelligent')",0.045052934,0.049999837,0.014016381,0.017424155,0.01968555897474289,0.024129077792167664,0.004443518817424774
