,Otis_male,Otis_female,tuple,Worldwide_male,Worldwide_female,average_male,average_female,female-male
4,-0.060827248,-0.052052487,"('rational', 'irrational')",0.010251665,0.014244933,-0.025287792086601257,-0.01890377700328827,0.006384015083312988
5,-0.047997337,-0.059269648,"('creative', 'uncreative')",-0.1203739,-0.10540332,-0.08418561518192291,-0.08233648538589478,0.0018491297960281372
7,-0.04513493,-0.03789421,"('practical', 'impractical')",-0.03360482,-0.03661169,-0.03936987370252609,-0.03725295141339302,0.002116922289133072
2,0.043785267,0.02969535,"('intelligent', 'stupid')",0.0298238,0.020097323,0.03680453449487686,0.02489633671939373,-0.011908197775483131
0,0.034542922,0.038483836,"('competent', 'incompetent')",-0.0031977019,-0.011197847,0.015672609210014343,0.013642994686961174,-0.0020296145230531693
6,0.03381714,0.035637327,"('capable', 'incapable')",-0.07888024,-0.08433897,-0.022531552240252495,-0.02435082197189331,-0.0018192697316408157
1,0.026120622,0.023954947,"('intelligent', 'unintelligent')",-0.017262513,-0.017968986,0.004429054446518421,0.002992980182170868,-0.0014360742643475533
3,-0.00022909432,-0.0028447811,"('able', 'unable')",0.082603596,0.111611396,0.04118724912405014,0.054383307695388794,0.013196058571338654
