,Paccar_male,Paccar_female,tuple,average_male,average_female,female-male
5,-0.07633606,-0.063888505,"('creative', 'uncreative')",-0.07633606344461441,-0.06388850510120392,0.012447558343410492
6,-0.0697958,-0.05174584,"('capable', 'incapable')",-0.06979580223560333,-0.05174583941698074,0.01804996281862259
4,0.03630629,0.03424951,"('rational', 'irrational')",0.036306291818618774,0.03424951061606407,-0.0020567812025547028
2,0.032608155,0.00816109,"('intelligent', 'stupid')",0.03260815516114235,0.008161090314388275,-0.024447064846754074
1,-0.017501561,-0.0123082595,"('intelligent', 'unintelligent')",-0.01750156097114086,-0.01230825949460268,0.005193301476538181
0,0.012520822,0.014537201,"('competent', 'incompetent')",0.012520821765065193,0.014537201263010502,0.0020163794979453087
3,-0.0025196266,0.007560848,"('able', 'unable')",-0.002519626636058092,0.007560847792774439,0.010080474428832531
7,0.00013211234,-0.009905805,"('practical', 'impractical')",0.00013211234181653708,-0.009905804879963398,-0.010037917221779935
