,Packaging_male,Packaging_female,tuple,Corporation_male,Corporation_female,of_male,of_female,America_male,America_female,average_male,average_female,female-male
6,-0.10205702,-0.10376889,"('capable', 'incapable')",-0.08914686,-0.09466634,-0.109745756,-0.12693688,-0.07840258,-0.08016012,-0.09483805298805237,-0.10138305276632309,-0.0065449997782707214
5,-0.098603494,-0.09698462,"('creative', 'uncreative')",-0.08197817,-0.07486644,-0.19309443,-0.18292557,-0.06754546,-0.08298127,-0.11030538380146027,-0.10943947732448578,0.0008659064769744873
7,0.0424095,0.064936794,"('practical', 'impractical')",0.058297187,0.0635866,0.05129931,0.08018512,0.006596461,0.0074684806,0.03965061530470848,0.05404425039887428,0.014393635094165802
2,0.039906744,-0.006425871,"('intelligent', 'stupid')",0.013934675,-0.0056333407,-0.019132983,-0.045366336,0.00899222,-0.0037769822,0.010925164446234703,-0.015300632454454899,-0.026225796900689602
3,0.026014896,0.06855778,"('able', 'unable')",0.02245296,0.04172615,0.15607685,0.179784,0.09456905,0.11935654,0.07477843761444092,0.10235611349344254,0.027577675879001617
0,-0.024296362,-0.03172579,"('competent', 'incompetent')",-0.0069387513,0.00029346623,-0.023143522,-0.008195696,0.017323272,0.01799085,-0.009263841435313225,-0.0054092928767204285,0.0038545485585927963
1,0.023273395,0.039860405,"('intelligent', 'unintelligent')",0.025585327,0.033832077,0.03386574,0.04203477,-0.026904102,-0.021715114,0.013955091126263142,0.02350303716957569,0.00954794604331255
4,0.0067912657,0.007932051,"('rational', 'irrational')",-0.006659922,-0.005100324,0.08843486,0.06986225,-0.0026647912,-0.0024914935,0.021475354209542274,0.017550619319081306,-0.003924734890460968
