,Parker-Hannifin_male,Parker-Hannifin_female,tuple,average_male,average_female,female-male
2,0.10537427,0.118592426,"('intelligent', 'stupid')",0.10537426918745041,0.11859242618083954,0.01321815699338913
6,-0.09640128,-0.08727834,"('capable', 'incapable')",-0.09640128165483475,-0.0872783362865448,0.009122945368289948
3,0.08847659,0.07548582,"('able', 'unable')",0.08847659081220627,0.07548581808805466,-0.012990772724151611
0,0.059152298,0.07404833,"('competent', 'incompetent')",0.05915229767560959,0.07404833287000656,0.014896035194396973
5,-0.05588923,-0.07698184,"('creative', 'uncreative')",-0.055889230221509933,-0.07698184251785278,-0.02109261229634285
4,-0.024131028,-0.031635217,"('rational', 'irrational')",-0.02413102798163891,-0.03163521736860275,-0.007504189386963844
1,-0.015450816,-0.017380515,"('intelligent', 'unintelligent')",-0.015450815670192242,-0.01738051511347294,-0.0019296994432806969
7,-0.010333401,-0.017250491,"('practical', 'impractical')",-0.010333401151001453,-0.017250491306185722,-0.006917090155184269
