,Paychex_male,Paychex_female,tuple,average_male,average_female,female-male
5,-0.113041885,-0.12128492,"('creative', 'uncreative')",-0.11304188519716263,-0.12128491699695587,-0.008243031799793243
0,0.062327575,0.08875719,"('competent', 'incompetent')",0.06232757493853569,0.08875718712806702,0.026429612189531326
4,0.055503797,0.06227602,"('rational', 'irrational')",0.05550379678606987,0.062276020646095276,0.006772223860025406
1,0.03151849,0.021675676,"('intelligent', 'unintelligent')",0.03151848912239075,0.021675676107406616,-0.00984281301498413
7,-0.03147826,-0.027428437,"('practical', 'impractical')",-0.03147825971245766,-0.027428437024354935,0.004049822688102722
3,-0.01996433,-0.017953895,"('able', 'unable')",-0.01996432989835739,-0.017953895032405853,0.002010434865951538
6,-0.013630039,-0.0012489919,"('capable', 'incapable')",-0.013630039058625698,-0.0012489919317886233,0.012381047126837075
2,0.007982064,0.0034014424,"('intelligent', 'stupid')",0.007982064038515091,0.0034014424309134483,-0.004580621607601643
