,Paycom_male,Paycom_female,tuple,average_male,average_female,female-male
5,-0.10305817,-0.09805265,"('creative', 'uncreative')",-0.10305816680192947,-0.09805265069007874,0.0050055161118507385
2,0.04540099,0.018654184,"('intelligent', 'stupid')",0.045400988310575485,0.01865418441593647,-0.026746803894639015
3,-0.039370116,-0.02832202,"('able', 'unable')",-0.03937011584639549,-0.028322020545601845,0.011048095300793648
7,-0.025070362,-0.028562574,"('practical', 'impractical')",-0.02507036179304123,-0.028562573716044426,-0.0034922119230031967
4,0.017029345,0.027215945,"('rational', 'irrational')",0.01702934503555298,0.027215944603085518,0.01018659956753254
0,0.013231096,0.028421216,"('competent', 'incompetent')",0.013231095857918262,0.02842121571302414,0.015190119855105877
6,-0.010057302,-0.011187151,"('capable', 'incapable')",-0.010057302191853523,-0.011187151074409485,-0.0011298488825559616
1,-0.0014339426,-0.008938321,"('intelligent', 'unintelligent')",-0.0014339425833895802,-0.00893832091242075,-0.007504378329031169
