,PayPal_male,PayPal_female,tuple,average_male,average_female,female-male
5,-0.16926675,-0.16823561,"('creative', 'uncreative')",-0.1692667454481125,-0.16823561489582062,0.0010311305522918701
3,-0.09029634,-0.0845256,"('able', 'unable')",-0.09029634296894073,-0.08452560007572174,0.005770742893218994
0,0.049822252,0.053307306,"('competent', 'incompetent')",0.04982225224375725,0.05330730602145195,0.003485053777694702
2,0.0460277,0.039131343,"('intelligent', 'stupid')",0.04602770134806633,0.039131343364715576,-0.006896357983350754
7,-0.034353603,-0.03665362,"('practical', 'impractical')",-0.034353602677583694,-0.03665361925959587,-0.0023000165820121765
1,0.0057144333,0.005925397,"('intelligent', 'unintelligent')",0.005714433267712593,0.005925396922975779,0.0002109636552631855
4,-0.0051156683,0.013352895,"('rational', 'irrational')",-0.005115668289363384,0.01335289515554905,0.018468563444912434
6,-0.00045158132,-0.00017881118,"('capable', 'incapable')",-0.0004515813197940588,-0.00017881118401419371,0.0002727701357798651
