,Penn_male,Penn_female,tuple,National_male,National_female,Gaming_male,Gaming_female,average_male,average_female,female-male
4,-0.1138041,-0.116041005,"('rational', 'irrational')",0.020561276,0.02049513,-0.066108614,-0.06940475,-0.0531171460946401,-0.05498354136943817,-0.001866395274798073
5,-0.11234975,-0.119074844,"('creative', 'uncreative')",-0.14396574,-0.12980364,-0.12828979,-0.12176174,-0.12820175290107727,-0.12354673941930135,0.004655013481775924
0,0.098920554,0.096491165,"('competent', 'incompetent')",0.016773544,9.976007e-06,0.050256822,0.048930537,0.05531697471936544,0.04847722748915354,-0.006839747230211898
6,0.0495284,0.05102691,"('capable', 'incapable')",-0.08836917,-0.06384311,-0.052072577,-0.045088965,-0.030304446816444397,-0.019301721205314,0.011002725611130398
1,0.042463064,0.047504373,"('intelligent', 'unintelligent')",0.030421492,0.033363476,-0.026159586,-0.025694514,0.015574991703033447,0.018391112486521404,0.002816120783487957
3,-0.041202266,-0.043517217,"('able', 'unable')",0.101138234,0.10917685,-0.008844453,0.0085021835,0.017030504842599232,0.024720606704552967,0.007690101861953735
7,0.0075661927,0.010839763,"('practical', 'impractical')",-0.01476393,-0.021854369,-0.010716655,-0.013491819,-0.005971464018026988,-0.008168807874123255,-0.002197343856096267
2,0.0028795553,-0.009035702,"('intelligent', 'stupid')",0.039252445,0.031407963,0.009373663,0.0021083327,0.01716855416695277,0.008160197486480078,-0.009008356680472692
