,Pentair_male,Pentair_female,tuple,average_male,average_female,female-male
2,0.12666276,0.122247614,"('intelligent', 'stupid')",0.12666276097297668,0.122247613966465,-0.004415147006511688
5,-0.10793242,-0.094933845,"('creative', 'uncreative')",-0.10793241858482361,-0.09493384510278702,0.01299857348203659
7,-0.0879995,-0.086933516,"('practical', 'impractical')",-0.08799950033426285,-0.08693351596593857,0.0010659843683242798
4,-0.07257133,-0.055845562,"('rational', 'irrational')",-0.07257132977247238,-0.05584556236863136,0.01672576740384102
6,0.03026806,0.015767703,"('capable', 'incapable')",0.03026806004345417,0.01576770283281803,-0.014500357210636139
0,0.026786147,0.011571152,"('competent', 'incompetent')",0.02678614668548107,0.01157115213572979,-0.015214994549751282
1,-0.024741538,-0.01885249,"('intelligent', 'unintelligent')",-0.024741537868976593,-0.018852489069104195,0.005889048799872398
3,-0.013888025,0.020747067,"('able', 'unable')",-0.013888024725019932,0.020747067406773567,0.0346350921317935
