,People's_male,People's_female,tuple,United_male,United_female,Financial_male,Financial_female,average_male,average_female,female-male
3,0.18890727,0.19853738,"('able', 'unable')",0.053505324,0.07970231,0.05265288,0.06768411,0.09835515419642131,0.1153079370657603,0.01695278286933899
6,-0.1834598,-0.19146359,"('capable', 'incapable')",-0.06995679,-0.07577601,-0.054879494,-0.05356338,-0.10276536146799724,-0.10693432887395223,-0.0041689674059549875
2,-0.07179287,-0.07774965,"('intelligent', 'stupid')",0.004376796,-0.008551405,0.054200027,0.05260942,-0.004405348251263301,-0.01123054325580597,-0.006825195004542668
4,0.031665575,0.050005853,"('rational', 'irrational')",-0.041761614,0.008593933,-0.05656872,-0.06376427,-0.022221585114796955,-0.001721493899822235,0.02050009121497472
0,0.03140635,0.02484589,"('competent', 'incompetent')",0.015162031,0.02437578,0.007329611,0.01521931,0.017965997258822124,0.021480326851209004,0.003514329592386879
5,-0.02938047,-0.027643764,"('creative', 'uncreative')",-0.042944916,-0.086480476,-0.13608731,-0.1424287,-0.0694709022839864,-0.08551764488220215,-0.016046742598215744
1,0.028080013,0.026448919,"('intelligent', 'unintelligent')",-0.009084418,0.00067762745,0.0011748647,0.003082894,0.006723486507932345,0.010069812958439192,0.0033463264505068464
7,0.027241906,0.023711985,"('practical', 'impractical')",0.016635714,0.023695732,-0.012875622,-0.009891839,0.010333999370535215,0.012505292892456055,0.0021712935219208394
