,PepsiCo_male,PepsiCo_female,tuple,average_male,average_female,female-male
5,-0.08887403,-0.08613177,"('creative', 'uncreative')",-0.08887402713298798,-0.08613176643848419,0.002742260694503784
0,0.073773265,0.069041915,"('competent', 'incompetent')",0.07377326488494873,0.0690419152379036,-0.0047313496470451355
7,-0.060672157,-0.061852034,"('practical', 'impractical')",-0.060672156512737274,-0.06185203418135643,-0.0011798776686191559
6,-0.037500255,-0.03444747,"('capable', 'incapable')",-0.037500254809856415,-0.03444746881723404,0.0030527859926223755
3,0.0143658705,0.022410283,"('able', 'unable')",0.014365870505571365,0.022410282865166664,0.008044412359595299
2,-0.0088044135,-0.015418492,"('intelligent', 'stupid')",-0.008804413489997387,-0.015418492257595062,-0.006614078767597675
4,-0.0034325772,-0.009819266,"('rational', 'irrational')",-0.0034325772430747747,-0.009819266386330128,-0.006386689143255353
1,-0.0031590285,-0.004533021,"('intelligent', 'unintelligent')",-0.0031590284779667854,-0.004533020779490471,-0.0013739923015236855
