,PerkinElmer_male,PerkinElmer_female,tuple,average_male,average_female,female-male
4,0.08415869,0.09425963,"('rational', 'irrational')",0.08415868878364563,0.09425962716341019,0.010100938379764557
6,-0.060383037,-0.07400157,"('capable', 'incapable')",-0.060383036732673645,-0.07400157302618027,-0.013618536293506622
3,0.059865415,0.06916175,"('able', 'unable')",0.05986541509628296,0.06916175037622452,0.009296335279941559
5,-0.04482235,-0.008825007,"('creative', 'uncreative')",-0.04482235014438629,-0.008825006894767284,0.03599734324961901
7,-0.044722125,-0.02941322,"('practical', 'impractical')",-0.04472212493419647,-0.029413219541311264,0.015308905392885208
2,0.036008216,0.0081478255,"('intelligent', 'stupid')",0.03600821644067764,0.008147825486958027,-0.027860390953719616
1,0.010200532,0.013525191,"('intelligent', 'unintelligent')",0.010200532153248787,0.013525190763175488,0.0033246586099267006
0,0.0056340075,-0.010551289,"('competent', 'incompetent')",0.0056340075097978115,-0.010551288723945618,-0.01618529623374343
