,Pfizer_male,Pfizer_female,tuple,average_male,average_female,female-male
5,-0.1352426,-0.1382619,"('creative', 'uncreative')",-0.13524259626865387,-0.13826189935207367,-0.0030193030834198
0,0.132491,0.14058807,"('competent', 'incompetent')",0.13249100744724274,0.14058807492256165,0.008097067475318909
7,-0.10893035,-0.10461586,"('practical', 'impractical')",-0.10893034934997559,-0.10461585968732834,0.004314489662647247
3,-0.09800618,-0.08922244,"('able', 'unable')",-0.09800618141889572,-0.08922243863344193,0.008783742785453796
2,0.040416297,0.032189496,"('intelligent', 'stupid')",0.04041629657149315,0.032189495861530304,-0.008226800709962845
6,0.034115735,0.029787354,"('capable', 'incapable')",0.034115735441446304,0.029787354171276093,-0.004328381270170212
1,-0.030266339,-0.029017923,"('intelligent', 'unintelligent')",-0.03026633895933628,-0.029017923399806023,0.0012484155595302582
4,-0.021202847,-0.028122358,"('rational', 'irrational')",-0.021202847361564636,-0.02812235802412033,-0.006919510662555695
