,Philip_male,Philip_female,tuple,Morris_male,Morris_female,International_male,International_female,average_male,average_female,female-male
5,-0.12395345,-0.13974316,"('creative', 'uncreative')",-0.079684466,-0.08504837,-0.12200729,-0.11464056,-0.10854840278625488,-0.11314403017361958,-0.004595627387364701
3,0.081375256,0.0826469,"('able', 'unable')",-0.038878027,-0.024337426,0.1131766,0.09824854,0.05189127723375956,0.052186002333958946,0.00029472510019938614
2,0.06909147,0.054933466,"('intelligent', 'stupid')",0.09809753,0.08789283,0.0011695327,-0.0063489676,0.05611951152483622,0.04549244046211243,-0.010627071062723793
6,-0.043316443,-0.029620174,"('capable', 'incapable')",-0.007273882,-0.007778013,-0.11211831,-0.09682173,-0.05423621336619059,-0.04473997155825297,0.009496241807937622
0,-0.027817799,-0.021414367,"('competent', 'incompetent')",0.03458451,0.027724504,-0.0115038045,-0.0039770664,-0.001579030727346738,0.0007776902057230473,0.002356720933069785
1,0.011991983,0.017279522,"('intelligent', 'unintelligent')",0.00028768426,0.008041427,-0.026011018,-0.014023297,-0.004577116730312507,0.0037658841659625373,0.008343000896275043
4,-0.009308243,-0.027942222,"('rational', 'irrational')",-0.13207278,-0.13090678,0.027949685,0.019367075,-0.03781044731537501,-0.046493977308273315,-0.008683529992898308
7,0.0083743995,-0.0061789323,"('practical', 'impractical')",-0.034986056,-0.02189414,0.008239,0.000655524,-0.006124218304951985,-0.00913918266693751,-0.003014964361985524
