,Phillips_male,Phillips_female,tuple,66_male,66_female,average_male,average_female,female-male
5,-0.13727842,-0.17535593,"('creative', 'uncreative')",0.03605061,0.04646649,-0.05061390623450279,-0.06444472074508667,-0.013830814510583878
4,-0.07880768,-0.06761857,"('rational', 'irrational')",-0.036991708,-0.01876954,-0.05789969488978386,-0.04319405555725098,0.014705639332532883
2,0.03357906,0.040274907,"('intelligent', 'stupid')",0.03365019,0.010965776,0.0336146242916584,0.025620341300964355,-0.007994282990694046
6,-0.025307542,-0.018555788,"('capable', 'incapable')",-0.10431165,-0.12658995,-0.06480959802865982,-0.07257287204265594,-0.007763274013996124
0,0.022285277,0.038603716,"('competent', 'incompetent')",-0.0248259,-0.06124616,-0.0012703118845820427,-0.01132122240960598,-0.010050910525023937
3,0.01427962,0.018859701,"('able', 'unable')",0.004956408,0.08555989,0.009618014097213745,0.05220979452133179,0.04259178042411804
1,-0.005400602,-0.0085061705,"('intelligent', 'unintelligent')",0.03340212,0.050147954,0.014000758528709412,0.020820891484618187,0.006820132955908775
7,-0.0016392295,-0.005610931,"('practical', 'impractical')",0.02629135,0.03984448,0.012326059862971306,0.01711677387356758,0.004790714010596275
