,Pinnacle_male,Pinnacle_female,tuple,West_male,West_female,Capital_male,Capital_female,average_male,average_female,female-male
5,-0.10218665,-0.086782485,"('creative', 'uncreative')",-0.037772983,-0.057133652,-0.12589848,-0.13069429,-0.08861937125523885,-0.09153680006663005,-0.002917428811391204
3,0.076957844,0.08433513,"('able', 'unable')",0.124674566,0.14148659,0.09792382,0.11315139,0.09985207517941792,0.11299103498458862,0.0131389598051707
2,0.0363795,0.013919447,"('intelligent', 'stupid')",0.02806393,0.018364223,0.02387753,-0.0041883467,0.029440321028232574,0.009365107864141464,-0.02007521316409111
6,-0.031000642,-0.04130148,"('capable', 'incapable')",-0.055209372,-0.056565918,-0.059175584,-0.07586968,-0.048461864391962685,-0.057912359635035195,-0.00945049524307251
4,-0.028336488,-0.045050435,"('rational', 'irrational')",-0.057297185,-0.058640514,-0.013694033,-0.030882014,-0.03310923526684443,-0.04485765596230825,-0.011748420695463821
7,-0.018073969,-0.008376276,"('practical', 'impractical')",0.0386159,0.045252997,0.02638074,0.014700934,0.015640890846649807,0.017192552487055462,0.001551661640405655
0,0.0101441955,0.017038137,"('competent', 'incompetent')",-0.015144599,-0.0011675614,-0.03581838,0.0046236236,-0.013606260220209757,0.006831399475534757,0.020437659695744514
1,0.0067050913,0.00067256304,"('intelligent', 'unintelligent')",-0.010449317,-0.01995706,0.027347298,0.037982892,0.007867690796653429,0.006232798720399539,-0.0016348920762538901
