,Pioneer_male,Pioneer_female,tuple,Natural_male,Natural_female,Resources_male,Resources_female,average_male,average_female,female-male
5,-0.12483269,-0.12525102,"('creative', 'uncreative')",-0.0896434,-0.09862735,-0.0323723,-0.027405033,-0.08228279153505962,-0.08376113573710124,-0.001478344202041626
3,0.1056454,0.11538406,"('able', 'unable')",0.10439297,0.11938994,0.086155824,0.103741065,0.0987313985824585,0.11283834775288899,0.014106949170430497
6,-0.062434424,-0.06789744,"('capable', 'incapable')",-0.10124233,-0.11943039,-0.11562912,-0.110482484,-0.09310195843378703,-0.09927010536193848,-0.006168146928151444
2,0.059410825,0.037980255,"('intelligent', 'stupid')",-0.0068459497,-0.027396189,0.013390377,-0.0058453376,0.02198508381843567,0.0015795760167141755,-0.020405507801721495
7,-0.04441438,-0.038588136,"('practical', 'impractical')",0.00091307826,0.020533882,-0.044332504,-0.060061764,-0.02927793562412262,-0.026038671533266704,0.003239264090855915
4,-0.04305982,-0.034148477,"('rational', 'irrational')",0.015463046,0.01880805,-0.03905047,-0.047962878,-0.0222157488266627,-0.021101102232933044,0.001114646593729656
0,0.037643194,0.041495632,"('competent', 'incompetent')",-0.031574942,-0.0063453224,-0.006946517,0.007390097,-0.00029275504251321155,0.014180136223634085,0.014472891266147297
1,-0.008659905,-0.008753393,"('intelligent', 'unintelligent')",-0.0020482298,0.015206125,0.05498752,0.048686307,0.014759795119365057,0.018379679570595425,0.0036198844512303676
