,PNC_male,PNC_female,tuple,Financial_male,Financial_female,Services_male,Services_female,average_male,average_female,female-male
5,-0.12912922,-0.11487998,"('creative', 'uncreative')",-0.13608731,-0.1424287,-0.006061723,-0.013786001,-0.09042608737945557,-0.09036488334337871,6.120403607685898e-05
6,-0.052266866,-0.041794647,"('capable', 'incapable')",-0.054879494,-0.05356338,-0.11026695,-0.11131189,-0.07247110207875569,-0.06888997554779053,0.0035811265309651646
2,0.030485041,0.02130176,"('intelligent', 'stupid')",0.054200027,0.05260942,0.02319728,-0.007672766,0.03596078356107076,0.02207947274049123,-0.013881310820579532
0,0.015795566,0.02388856,"('competent', 'incompetent')",0.007329611,0.01521931,-0.11489722,-0.10913509,-0.03059068073829015,-0.023342405756314594,0.007248274981975555
1,0.008711225,0.018015627,"('intelligent', 'unintelligent')",0.0011748647,0.003082894,0.08487477,0.0886893,0.03158695499102274,0.036595940589904785,0.005008985598882042
3,0.007713617,0.010784885,"('able', 'unable')",0.05265288,0.06768411,0.038890615,0.058799874,0.03308570384979248,0.045756290356318154,0.012670586506525673
7,-0.0012061257,-0.014648873,"('practical', 'impractical')",-0.012875622,-0.009891839,-0.011741714,-0.0031877963,-0.008607820918162664,-0.009242835765083631,-0.0006350148469209671
4,0.00055068324,0.0001632324,"('rational', 'irrational')",-0.05656872,-0.06376427,-0.003905393,0.005056871,-0.01997447634736697,-0.019514719645182293,0.0004597567021846771
