,Pool_male,Pool_female,tuple,Corporation_male,Corporation_female,average_male,average_female,female-male
5,-0.13151357,-0.13065115,"('creative', 'uncreative')",-0.08197817,-0.07486644,-0.10674586892127991,-0.10275879502296448,0.00398707389831543
6,-0.0955449,-0.106429875,"('capable', 'incapable')",-0.08914686,-0.09466634,-0.09234587848186493,-0.10054810345172882,-0.008202224969863892
3,0.045785494,0.05538516,"('able', 'unable')",0.02245296,0.04172615,0.03411922603845596,0.048555657267570496,0.014436431229114532
7,0.042295452,0.033313833,"('practical', 'impractical')",0.058297187,0.0635866,0.050296321511268616,0.04845021665096283,-0.0018461048603057861
0,-0.040969428,-0.03802525,"('competent', 'incompetent')",-0.0069387513,0.00029346623,-0.023954089730978012,-0.01886589080095291,0.005088198930025101
1,0.03218339,0.043739423,"('intelligent', 'unintelligent')",0.025585327,0.033832077,0.02888435870409012,0.038785748183727264,0.009901389479637146
4,0.015360407,0.0070646806,"('rational', 'irrational')",-0.006659922,-0.005100324,0.004350242204964161,0.0009821783751249313,-0.0033680638298392296
2,0.0026319164,-0.011987018,"('intelligent', 'stupid')",0.013934675,-0.0056333407,0.008283295668661594,-0.008810179308056831,-0.017093474976718426
