,PPG_male,PPG_female,tuple,Industries_male,Industries_female,average_male,average_female,female-male
6,-0.104128785,-0.08625496,"('capable', 'incapable')",-0.11859329,-0.12680347,-0.11136104166507721,-0.10652922093868256,0.004831820726394653
3,0.070548765,0.07175558,"('able', 'unable')",0.05982482,0.090144716,0.06518679112195969,0.08095014840364456,0.015763357281684875
0,-0.04992724,-0.039494094,"('competent', 'incompetent')",-0.024362678,-0.012162433,-0.03714495897293091,-0.02582826279103756,0.011316696181893349
5,-0.046299424,-0.042723075,"('creative', 'uncreative')",-0.047391195,-0.045714617,-0.04684530943632126,-0.044218845665454865,0.002626463770866394
1,0.04039236,0.047948536,"('intelligent', 'unintelligent')",0.051828433,0.053294472,0.046110399067401886,0.050621502101421356,0.00451110303401947
2,0.021154094,0.009848348,"('intelligent', 'stupid')",0.03468897,-0.002848296,0.027921531349420547,0.0035000259522348642,-0.024421505397185683
4,0.00899411,0.0060056555,"('rational', 'irrational')",-0.026191428,-0.028445857,-0.008598659187555313,-0.011220100335776806,-0.0026214411482214928
7,0.007021409,-0.0077800225,"('practical', 'impractical')",6.20572e-05,0.010314035,0.0035417331382632256,0.0012670063879340887,-0.002274726750329137
