,PPL_male,PPL_female,tuple,average_male,average_female,female-male
6,-0.096651405,-0.077960014,"('capable', 'incapable')",-0.09665140509605408,-0.07796001434326172,0.01869139075279236
3,0.07593006,0.076256424,"('able', 'unable')",0.07593005895614624,0.07625642418861389,0.00032636523246765137
0,-0.07067489,-0.057321906,"('competent', 'incompetent')",-0.07067488878965378,-0.057321906089782715,0.013352982699871063
1,0.037308592,0.035795104,"('intelligent', 'unintelligent')",0.03730859234929085,0.03579510375857353,-0.0015134885907173157
5,-0.027600212,-0.033641573,"('creative', 'uncreative')",-0.027600212022662163,-0.033641573041677475,-0.006041361019015312
2,0.007901224,0.0030042797,"('intelligent', 'stupid')",0.007901224307715893,0.003004279686138034,-0.004896944621577859
7,0.0065417592,-0.006484879,"('practical', 'impractical')",0.006541759241372347,-0.006484879180788994,-0.01302663842216134
4,0.00086938625,0.0013510621,"('rational', 'irrational')",0.0008693862473592162,0.001351062091998756,0.0004816758446395397
