,Principal_male,Principal_female,tuple,Financial_male,Financial_female,Group_male,Group_female,average_male,average_female,female-male
3,0.13815464,0.15561596,"('able', 'unable')",0.05265288,0.06768411,0.07223469,0.08965085,0.08768073717753093,0.10431696971257527,0.016636232535044343
5,-0.099182114,-0.101941645,"('creative', 'uncreative')",-0.13608731,-0.1424287,-0.045939427,-0.050667785,-0.09373628099759419,-0.09834604461987813,-0.0046097636222839355
0,-0.08429513,-0.056925423,"('competent', 'incompetent')",0.007329611,0.01521931,-0.018240994,-0.013088708,-0.03173550466696421,-0.018264940629402798,0.013470564037561413
2,0.067111015,0.029800234,"('intelligent', 'stupid')",0.054200027,0.05260942,0.006392564,0.0035066525,0.04256786902745565,0.02863877018292745,-0.013929098844528202
6,-0.064067736,-0.07878791,"('capable', 'incapable')",-0.054879494,-0.05356338,-0.1054052,-0.10317491,-0.07478413979212443,-0.07850872973601024,-0.0037245899438858032
1,0.046275564,0.06534311,"('intelligent', 'unintelligent')",0.0011748647,0.003082894,0.021084711,0.026755482,0.02284504473209381,0.031727162500222526,0.008882117768128715
7,0.023383673,-0.0027687314,"('practical', 'impractical')",-0.012875622,-0.009891839,0.07082706,0.06171128,0.027111704150835674,0.0163502370317777,-0.010761467119057976
4,-0.0030221937,0.0012327526,"('rational', 'irrational')",-0.05656872,-0.06376427,0.003967365,-0.004109691,-0.018541183322668076,-0.022213734686374664,-0.0036725513637065887
