,Procter_male,Procter_female,tuple,&_male,&_female,Gamble_male,Gamble_female,average_male,average_female,female-male
5,-0.0821403,-0.10178477,"('creative', 'uncreative')",-0.043580506,-0.054771464,-0.1363327,-0.1706003,-0.08735116322835286,-0.10905218124389648,-0.021701018015543624
2,-0.054605275,-0.056293253,"('intelligent', 'stupid')",0.051717956,0.04445349,0.058846217,0.05062333,0.018652965625127155,0.012927856296300888,-0.005725109328826267
6,0.04851624,0.053076535,"('capable', 'incapable')",-0.01493015,-0.0071977274,0.005941187,-0.0012396754,0.013175759464502335,0.014879710972309113,0.001703951507806778
1,-0.04719148,-0.050839372,"('intelligent', 'unintelligent')",0.045052934,0.049999837,0.0025930912,0.0043578516,0.0001515157831211885,0.001172772143036127,0.0010212563599149387
0,0.041627094,0.05081605,"('competent', 'incompetent')",-0.009155776,0.0012747109,0.039992016,0.037790563,0.024154444535573322,0.02996044357617696,0.005805999040603638
3,-0.038346495,-0.025385814,"('able', 'unable')",0.04109473,0.042220853,0.020152869,0.023680227,0.007633701587716739,0.013505088786284128,0.00587138719856739
7,-0.037728556,-0.037495974,"('practical', 'impractical')",-0.048612878,-0.06842974,0.034986906,0.04826875,-0.017118175824483235,-0.01921898623307546,-0.002100810408592224
4,0.029886326,0.036881745,"('rational', 'irrational')",-0.13764003,-0.14945811,-0.025054697,-0.0026939982,-0.04426946739355723,-0.03842345376809438,0.005846013625462845
