,Progressive_male,Progressive_female,tuple,Corporation_male,Corporation_female,average_male,average_female,female-male
3,0.15607622,0.1552691,"('able', 'unable')",0.02245296,0.04172615,0.08926459401845932,0.09849762916564941,0.009233035147190094
5,-0.14574438,-0.14330824,"('creative', 'uncreative')",-0.08197817,-0.07486644,-0.11386127769947052,-0.10908733308315277,0.004773944616317749
6,-0.13561207,-0.1269376,"('capable', 'incapable')",-0.08914686,-0.09466634,-0.11237946152687073,-0.11080196499824524,0.0015774965286254883
2,-0.031643663,-0.03739864,"('intelligent', 'stupid')",0.013934675,-0.0056333407,-0.008854493498802185,-0.021515989676117897,-0.012661496177315712
0,0.030014288,0.029724838,"('competent', 'incompetent')",-0.0069387513,0.00029346623,0.011537767946720123,0.01500915177166462,0.003471383824944496
4,0.00983363,0.0079289535,"('rational', 'irrational')",-0.006659922,-0.005100324,0.0015868539921939373,0.0014143148437142372,-0.0001725391484797001
1,-0.006328283,-0.011530748,"('intelligent', 'unintelligent')",0.025585327,0.033832077,0.009628522209823132,0.011150664649903774,0.0015221424400806427
7,0.006211921,0.0043591107,"('practical', 'impractical')",0.058297187,0.0635866,0.03225455433130264,0.033972855657339096,0.0017183013260364532
