,Prologis_male,Prologis_female,tuple,average_male,average_female,female-male
0,0.07412673,0.06952968,"('competent', 'incompetent')",0.0741267278790474,0.06952968239784241,-0.004597045481204987
7,-0.06477056,-0.051835336,"('practical', 'impractical')",-0.06477055698633194,-0.05183533579111099,0.012935221195220947
6,-0.048859455,-0.051187217,"('capable', 'incapable')",-0.048859454691410065,-0.051187217235565186,-0.002327762544155121
5,-0.045286693,-0.01725881,"('creative', 'uncreative')",-0.045286692678928375,-0.017258809879422188,0.028027882799506187
4,0.035251718,0.0497473,"('rational', 'irrational')",0.035251718014478683,0.049747299402952194,0.01449558138847351
3,-0.017267767,0.011796644,"('able', 'unable')",-0.01726776733994484,0.01179664395749569,0.02906441129744053
2,0.01690062,-0.012549613,"('intelligent', 'stupid')",0.016900619491934776,-0.012549612671136856,-0.029450232163071632
1,0.0114895245,0.00026293218,"('intelligent', 'unintelligent')",0.011489524506032467,0.0002629321825224906,-0.011226592323509976
