,Prudential_male,Prudential_female,tuple,Financial_male,Financial_female,average_male,average_female,female-male
5,-0.13863401,-0.14574763,"('creative', 'uncreative')",-0.13608731,-0.1424287,-0.13736066222190857,-0.14408816397190094,-0.006727501749992371
0,0.13760489,0.1354058,"('competent', 'incompetent')",0.007329611,0.01521931,0.07246725261211395,0.0753125548362732,0.0028453022241592407
4,-0.07059634,-0.06670803,"('rational', 'irrational')",-0.05656872,-0.06376427,-0.06358252465724945,-0.0652361512184143,-0.001653626561164856
7,-0.05685918,-0.06428218,"('practical', 'impractical')",-0.012875622,-0.009891839,-0.03486740216612816,-0.037087008357048035,-0.002219606190919876
2,0.023597043,0.020420598,"('intelligent', 'stupid')",0.054200027,0.05260942,0.0388985350728035,0.0365150086581707,-0.0023835264146327972
1,0.01849,0.020131456,"('intelligent', 'unintelligent')",0.0011748647,0.003082894,0.009832432493567467,0.011607174761593342,0.001774742268025875
3,-0.008901529,-0.0014862313,"('able', 'unable')",0.05265288,0.06768411,0.02187567576766014,0.03309893608093262,0.011223260313272476
6,0.005012774,0.00671531,"('capable', 'incapable')",-0.054879494,-0.05356338,-0.024933360517024994,-0.02342403493821621,0.0015093255788087845
