,PTC_male,PTC_female,tuple,average_male,average_female,female-male
5,-0.085250355,-0.07650684,"('creative', 'uncreative')",-0.0852503553032875,-0.0765068382024765,0.008743517100811005
2,0.07328397,0.06477285,"('intelligent', 'stupid')",0.07328397035598755,0.06477285176515579,-0.008511118590831757
6,-0.0697007,-0.062171984,"('capable', 'incapable')",-0.0697007030248642,-0.06217198446393013,0.007528718560934067
3,-0.04722193,-0.04651826,"('able', 'unable')",-0.04722192883491516,-0.04651825875043869,0.000703670084476471
7,-0.037563756,-0.047354735,"('practical', 'impractical')",-0.037563756108284,-0.04735473543405533,-0.009790979325771332
0,0.036469907,0.03938557,"('competent', 'incompetent')",0.03646990656852722,0.03938556835055351,0.002915661782026291
4,-0.035958253,-0.027985286,"('rational', 'irrational')",-0.03595825284719467,-0.027985285967588425,0.007972966879606247
1,0.0050063473,0.010436108,"('intelligent', 'unintelligent')",0.005006347317248583,0.010436108335852623,0.00542976101860404
