,Public_male,Public_female,tuple,Storage_male,Storage_female,average_male,average_female,female-male
6,-0.14307399,-0.16366863,"('capable', 'incapable')",-0.058736816,-0.051555734,-0.1009054034948349,-0.10761218518018723,-0.0067067816853523254
5,-0.05559994,-0.042413786,"('creative', 'uncreative')",-0.03946426,-0.024454962,-0.0475321002304554,-0.03343437612056732,0.014097724109888077
3,0.05373602,0.06309001,"('able', 'unable')",0.06180119,0.08564226,0.05776860564947128,0.07436613738536835,0.016597531735897064
0,-0.05168888,-0.03697278,"('competent', 'incompetent')",-0.024080737,-0.012346374,-0.03788480907678604,-0.024659577757120132,0.013225231319665909
7,0.038843993,0.039499506,"('practical', 'impractical')",0.017942997,0.0067162383,0.028393495827913284,0.023107871413230896,-0.005285624414682388
1,0.029533552,0.037246533,"('intelligent', 'unintelligent')",0.07017072,0.07464185,0.04985213652253151,0.05594419315457344,0.006092056632041931
2,0.01605273,0.015119766,"('intelligent', 'stupid')",0.042845316,0.011989231,0.02944902330636978,0.013554498553276062,-0.01589452475309372
4,0.00072740996,-0.0037181028,"('rational', 'irrational')",-0.038641833,-0.048059747,-0.018957210704684258,-0.025888925418257713,-0.006931714713573456
