,Public_male,Public_female,tuple,Service_male,Service_female,Enterprise_male,Enterprise_female,Group_male,Group_female,average_male,average_female,female-male
6,-0.14307399,-0.16366863,"('capable', 'incapable')",-0.14453942,-0.14338623,-0.10468648,-0.11328025,-0.1054052,-0.10317491,-0.12442626059055328,-0.1308775097131729,-0.006451249122619629
5,-0.05559994,-0.042413786,"('creative', 'uncreative')",-0.014633698,-0.004357934,-0.037189152,-0.033076074,-0.045939427,-0.050667785,-0.038340553641319275,-0.03262889385223389,0.005711659789085388
3,0.05373602,0.06309001,"('able', 'unable')",0.06911915,0.079287626,-0.010192319,-0.0008119851,0.07223469,0.08965085,0.046224385499954224,0.057804130017757416,0.011579744517803192
0,-0.05168888,-0.03697278,"('competent', 'incompetent')",-0.099455416,-0.097052395,0.06994157,0.073107466,-0.018240994,-0.013088708,-0.024860929697752,-0.018501603975892067,0.006359325721859932
7,0.038843993,0.039499506,"('practical', 'impractical')",-0.0057612984,0.0051887254,0.058733214,0.050834313,0.07082706,0.06171128,0.040660738945007324,0.03930845856666565,-0.0013522803783416748
1,0.029533552,0.037246533,"('intelligent', 'unintelligent')",0.0586153,0.06627942,0.040054273,0.042416334,0.021084711,0.026755482,0.03732195869088173,0.043174441903829575,0.0058524832129478455
2,0.01605273,0.015119766,"('intelligent', 'stupid')",0.00569689,-0.01165756,-0.054718163,-0.06679712,0.006392564,0.0035066525,-0.006643994711339474,-0.014957066625356674,-0.0083130719140172
4,0.00072740996,-0.0037181028,"('rational', 'irrational')",0.048375845,0.038643952,-0.030233195,-0.042420715,0.003967365,-0.004109691,0.005709356628358364,-0.002901139436289668,-0.008610496064648032
