,PulteGroup_male,PulteGroup_female,tuple,average_male,average_female,female-male
0,0.06161771,0.06319506,"('competent', 'incompetent')",0.06161770969629288,0.06319505721330643,0.0015773475170135498
5,-0.05170529,-0.033482846,"('creative', 'uncreative')",-0.051705289632081985,-0.03348284587264061,0.018222443759441376
7,-0.034624297,-0.03093501,"('practical', 'impractical')",-0.03462429717183113,-0.030935009941458702,0.003689287230372429
6,-0.033139683,-0.03457614,"('capable', 'incapable')",-0.033139683306217194,-0.034576140344142914,-0.0014364570379257202
2,0.0083765015,-0.0040877345,"('intelligent', 'stupid')",0.008376501500606537,-0.004087734501808882,-0.012464236002415419
1,0.003996398,-0.000685884,"('intelligent', 'unintelligent')",0.0039963978342711926,-0.0006858839769847691,-0.004682281811255962
4,-0.0037694725,0.0018491186,"('rational', 'irrational')",-0.003769472474232316,0.0018491186201572418,0.005618591094389558
3,-7.382364e-05,0.00016179879,"('able', 'unable')",-7.38236412871629e-05,0.0001617987873032689,0.0002356224285904318
