,PVH_male,PVH_female,tuple,average_male,average_female,female-male
5,-0.089363575,-0.09217042,"('creative', 'uncreative')",-0.08936357498168945,-0.09217041730880737,-0.00280684232711792
7,-0.08762173,-0.08841738,"('practical', 'impractical')",-0.08762173354625702,-0.08841738104820251,-0.0007956475019454956
0,0.052636493,0.058072727,"('competent', 'incompetent')",0.05263649299740791,0.05807272717356682,0.005436234176158905
2,0.037528012,0.023827426,"('intelligent', 'stupid')",0.037528011947870255,0.02382742613554001,-0.013700585812330246
1,0.025459407,0.021622516,"('intelligent', 'unintelligent')",0.02545940689742565,0.021622516214847565,-0.003836890682578087
3,-0.02150148,-0.024749955,"('able', 'unable')",-0.021501479670405388,-0.024749955162405968,-0.00324847549200058
4,-0.01765023,-0.010582053,"('rational', 'irrational')",-0.01765022985637188,-0.01058205310255289,0.007068176753818989
6,-0.0061732833,0.0043252264,"('capable', 'incapable')",-0.006173283327370882,0.004325226414948702,0.010498509742319584
