,Qorvo_male,Qorvo_female,tuple,average_male,average_female,female-male
7,-0.049279444,-0.052105475,"('practical', 'impractical')",-0.04927944391965866,-0.05210547521710396,-0.0028260312974452972
2,0.046744097,0.023056092,"('intelligent', 'stupid')",0.04674409702420235,0.023056091740727425,-0.023688005283474922
5,-0.026175821,0.014120414,"('creative', 'uncreative')",-0.02617582120001316,0.014120413921773434,0.040296235121786594
4,-0.023968639,0.010932126,"('rational', 'irrational')",-0.023968638852238655,0.010932126082479954,0.03490076493471861
1,-0.019402493,-0.018816153,"('intelligent', 'unintelligent')",-0.01940249279141426,-0.018816152587532997,0.0005863402038812637
0,0.01844639,0.016083626,"('competent', 'incompetent')",0.018446389585733414,0.016083626076579094,-0.0023627635091543198
3,0.008946544,0.034342304,"('able', 'unable')",0.00894654355943203,0.03434230387210846,0.02539576031267643
6,-0.007921825,-0.01913564,"('capable', 'incapable')",-0.007921825163066387,-0.01913563907146454,-0.011213813908398151
