,Qualcomm_male,Qualcomm_female,tuple,average_male,average_female,female-male
0,0.106076874,0.13091587,"('competent', 'incompetent')",0.10607687383890152,0.13091586530208588,0.024838991463184357
7,-0.106031425,-0.11517435,"('practical', 'impractical')",-0.10603142529726028,-0.11517435312271118,-0.009142927825450897
5,-0.074276574,-0.07150876,"('creative', 'uncreative')",-0.07427657395601273,-0.07150875777006149,0.002767816185951233
3,-0.053009257,-0.05285434,"('able', 'unable')",-0.05300925672054291,-0.05285434052348137,0.0001549161970615387
6,0.04295815,0.05029902,"('capable', 'incapable')",0.042958151549100876,0.0502990186214447,0.007340867072343826
1,-0.030084437,-0.04386243,"('intelligent', 'unintelligent')",-0.030084436759352684,-0.04386242851614952,-0.013777991756796837
2,0.022559235,0.0010242838,"('intelligent', 'stupid')",0.022559234872460365,0.0010242838179692626,-0.021534951054491103
4,-0.016696788,-0.011077125,"('rational', 'irrational')",-0.016696788370609283,-0.011077124625444412,0.005619663745164871
