,Quanta_male,Quanta_female,tuple,Services_male,Services_female,average_male,average_female,female-male
5,-0.09110056,-0.055821035,"('creative', 'uncreative')",-0.006061723,-0.013786001,-0.048581141978502274,-0.034803517162799835,0.013777624815702438
0,0.08191852,0.06852664,"('competent', 'incompetent')",-0.11489722,-0.10913509,-0.01648934930562973,-0.020304225385189056,-0.003814876079559326
7,-0.04615685,-0.042860385,"('practical', 'impractical')",-0.011741714,-0.0031877963,-0.028949281200766563,-0.023024091497063637,0.005925189703702927
2,0.03364134,-0.0075859306,"('intelligent', 'stupid')",0.02319728,-0.007672766,0.028419308364391327,-0.0076293484307825565,-0.03604865679517388
1,0.032997373,0.024310054,"('intelligent', 'unintelligent')",0.08487477,0.0886893,0.05893607437610626,0.056499674916267395,-0.002436399459838867
3,-0.022788199,0.0017255342,"('able', 'unable')",0.038890615,0.058799874,0.008051208220422268,0.03026270493865013,0.022211496718227863
6,0.009802011,0.01237069,"('capable', 'incapable')",-0.11026695,-0.11131189,-0.05023247003555298,-0.04947059974074364,0.0007618702948093414
4,0.0035002278,0.01695069,"('rational', 'irrational')",-0.003905393,0.005056871,-0.00020258256699889898,0.01100378017872572,0.011206362745724618
