,Quest_male,Quest_female,tuple,Diagnostics_male,Diagnostics_female,average_male,average_female,female-male
5,-0.08517968,-0.093248926,"('creative', 'uncreative')",-0.08442168,-0.07026197,-0.08480067551136017,-0.08175544440746307,0.0030452311038970947
3,0.067694135,0.06594591,"('able', 'unable')",-0.0074307555,0.022818135,0.030131690204143524,0.04438202083110809,0.014250330626964569
4,-0.055650998,-0.051827766,"('rational', 'irrational')",0.02652849,0.018411094,-0.014561253599822521,-0.016708336770534515,-0.002147083170711994
0,0.03395805,0.030652286,"('competent', 'incompetent')",-0.019597655,-0.003908255,0.007180198095738888,0.013372015208005905,0.006191817112267017
7,-0.025780099,-0.02477051,"('practical', 'impractical')",0.0021242234,-0.017491443,-0.011827937327325344,-0.02113097533583641,-0.009303038008511066
6,-0.01608233,-0.017544528,"('capable', 'incapable')",-0.046191413,-0.031139376,-0.03113687038421631,-0.024341952055692673,0.006794918328523636
2,0.00770369,0.0023767508,"('intelligent', 'stupid')",-0.0052811564,-0.031483077,0.0012112667318433523,-0.014553163200616837,-0.01576442993246019
1,0.0021580134,-0.0020496582,"('intelligent', 'unintelligent')",0.009605446,0.020128082,0.005881729535758495,0.009039212018251419,0.0031574824824929237
