,Ralph_male,Ralph_female,tuple,Lauren_male,Lauren_female,Corporation_male,Corporation_female,average_male,average_female,female-male
5,-0.1011288,-0.121449105,"('creative', 'uncreative')",-0.14454633,-0.14834881,-0.08197817,-0.07486644,-0.10921776294708252,-0.11488812168439229,-0.005670358737309769
3,0.06492963,0.07579379,"('able', 'unable')",-0.001625023,-0.0010106919,0.02245296,0.04172615,0.028585853676001232,0.03883641461531321,0.010250560939311978
2,0.06276201,0.03179378,"('intelligent', 'stupid')",-0.02484355,-0.009864539,0.013934675,-0.0056333407,0.01728437716762225,0.005431966856122017,-0.011852410311500233
7,-0.043758377,-0.049946737,"('practical', 'impractical')",-0.0061350963,-0.013315628,0.058297187,0.0635866,0.0028012382487456002,0.00010807812213897705,-0.002693160126606623
1,0.03099877,0.017224677,"('intelligent', 'unintelligent')",0.03237723,0.035687324,0.025585327,0.033832077,0.029653772711753845,0.028914692501227062,-0.0007390802105267831
4,-0.03075397,-0.01897658,"('rational', 'irrational')",-0.0612622,-0.03749137,-0.006659922,-0.005100324,-0.03289203345775604,-0.02052275836467743,0.012369275093078613
0,-0.025033101,-0.010970987,"('competent', 'incompetent')",0.07251658,0.07323284,-0.0069387513,0.00029346623,0.013514909893274307,0.020851771036783855,0.007336861143509548
6,-0.004456506,-0.011890128,"('capable', 'incapable')",-0.05566295,-0.0973022,-0.08914686,-0.09466634,-0.049755439162254333,-0.06795289119084676,-0.018197452028592423
