,Raymond_male,Raymond_female,tuple,James_male,James_female,Financial_male,Financial_female,average_male,average_female,female-male
5,-0.12619843,-0.13310397,"('creative', 'uncreative')",-0.12811461,-0.14411758,-0.13608731,-0.1424287,-0.13013345003128052,-0.13988341887791952,-0.009749968846639007
2,0.03937539,0.028513208,"('intelligent', 'stupid')",0.07700782,0.072499715,0.054200027,0.05260942,0.056861077745755516,0.0512074480454127,-0.005653629700342819
0,0.036972303,0.031567127,"('competent', 'incompetent')",-0.021723418,-0.016073903,0.007329611,0.01521931,0.007526165495316188,0.010237511247396469,0.0027113457520802813
4,-0.032582693,-0.025527589,"('rational', 'irrational')",-0.025110805,-0.02069126,-0.05656872,-0.06376427,-0.038087405264377594,-0.03666103879610697,0.001426366468270622
3,-0.028180541,0.012055022,"('able', 'unable')",0.07331429,0.10073147,0.05265288,0.06768411,0.03259554256995519,0.060156866908073425,0.027561324338118233
6,-0.013534844,-0.011385533,"('capable', 'incapable')",0.009467194,0.003480005,-0.054879494,-0.05356338,-0.019649048646291096,-0.020489635566870373,-0.0008405869205792768
1,-0.0102801025,-0.009207559,"('intelligent', 'unintelligent')",0.032842424,0.021300618,0.0011748647,0.003082894,0.007912395521998405,0.005058650858700275,-0.00285374466329813
7,0.007001351,0.012176511,"('practical', 'impractical')",-0.0068621254,-0.00022738206,-0.012875622,-0.009891839,-0.004245465621352196,0.0006857632348934809,0.004931228856245677
