,Raytheon_male,Raytheon_female,tuple,Technologies_male,Technologies_female,average_male,average_female,female-male
0,0.12578623,0.14654204,"('competent', 'incompetent')",0.03510259,0.054882664,0.08044441044330597,0.100712351500988,0.020267941057682037
7,-0.07768161,-0.08643565,"('practical', 'impractical')",0.045350242,0.041509427,-0.016165683045983315,-0.022463113069534302,-0.006297430023550987
4,-0.07404211,-0.07692675,"('rational', 'irrational')",-0.048406024,-0.06244943,-0.061224065721035004,-0.0696880891919136,-0.008464023470878601
5,-0.07168304,-0.084203415,"('creative', 'uncreative')",-0.055901635,-0.041397434,-0.06379234045743942,-0.06280042231082916,0.00099191814661026
6,0.066561684,0.06867968,"('capable', 'incapable')",-0.058701407,-0.061793387,0.003930138424038887,0.003443147987127304,-0.00048699043691158295
3,-0.04919343,-0.047535058,"('able', 'unable')",0.049809396,0.0571437,0.00030798278748989105,0.0048043206334114075,0.004496337845921516
1,-0.031444065,-0.034430724,"('intelligent', 'unintelligent')",-0.030000392,-0.024963813,-0.030722228810191154,-0.029697269201278687,0.001024959608912468
2,-0.024557084,-0.027102012,"('intelligent', 'stupid')",-0.060219824,-0.07023267,-0.04238845407962799,-0.048667341470718384,-0.006278887391090393
