,Realty_male,Realty_female,tuple,Income_male,Income_female,Corporation_male,Corporation_female,average_male,average_female,female-male
5,-0.108653076,-0.106147446,"('creative', 'uncreative')",-0.07910628,-0.07608663,-0.08197817,-0.07486644,-0.08991251389185588,-0.08570017417271932,0.004212339719136565
2,0.08057999,0.07230626,"('intelligent', 'stupid')",-0.027100662,-0.04937076,0.013934675,-0.0056333407,0.022471333543459576,0.005767387027541797,-0.016703946515917778
6,-0.07620914,-0.06434299,"('capable', 'incapable')",-0.05061715,-0.046313763,-0.08914686,-0.09466634,-0.0719910462697347,-0.06844103336334229,0.0035500129063924107
0,0.048141032,0.06518263,"('competent', 'incompetent')",-0.0031920464,-0.014234488,-0.0069387513,0.00029346623,0.012670078625281652,0.017080537974834442,0.00441045934955279
7,-0.039317068,-0.050735347,"('practical', 'impractical')",0.003525834,0.0076591833,0.058297187,0.0635866,0.0075019846359888715,0.006836811701456706,-0.0006651729345321655
4,0.02181944,0.01759541,"('rational', 'irrational')",0.002136017,-0.0037464628,-0.006659922,-0.005100324,0.005765178551276525,0.002916207847495874,-0.0028489707037806507
1,-0.008170877,-0.011758192,"('intelligent', 'unintelligent')",0.052034177,0.0468107,0.025585327,0.033832077,0.02314954251050949,0.022961527109146118,-0.0001880154013633728
3,0.0037134718,0.001067681,"('able', 'unable')",0.076261796,0.09907457,0.02245296,0.04172615,0.03414274255434672,0.04728947083155314,0.013146728277206421
