,Regency_male,Regency_female,tuple,Centers_male,Centers_female,average_male,average_female,female-male
3,0.10664947,0.09456432,"('able', 'unable')",0.08111162,0.09362403,0.0938805490732193,0.0940941721200943,0.000213623046875
5,-0.0763963,-0.088041775,"('creative', 'uncreative')",-0.01675761,-0.011805061,-0.046576954424381256,-0.04992341995239258,-0.003346465528011322
4,-0.067511,-0.07361193,"('rational', 'irrational')",-0.03956346,-0.04198063,-0.05353722721338272,-0.057796280831098557,-0.004259053617715836
0,0.0654277,0.0530422,"('competent', 'incompetent')",-0.038110334,-0.030085143,0.013658681884407997,0.011478528380393982,-0.002180153504014015
6,-0.058517355,-0.06457831,"('capable', 'incapable')",-0.07897589,-0.0946438,-0.06874662637710571,-0.07961105555295944,-0.01086442917585373
1,0.028817821,0.037513237,"('intelligent', 'unintelligent')",0.054571077,0.060126178,0.04169444739818573,0.048819705843925476,0.007125258445739746
2,-0.015472761,-0.026277596,"('intelligent', 'stupid')",0.0028361368,-0.018826095,-0.0063183121383190155,-0.022551845759153366,-0.01623353362083435
7,-0.005946173,-0.002667794,"('practical', 'impractical')",-0.025874842,-0.020170834,-0.01591050811111927,-0.011419313959777355,0.004491194151341915
