,Regeneron_male,Regeneron_female,tuple,Pharmaceuticals_male,Pharmaceuticals_female,average_male,average_female,female-male
5,-0.08656784,-0.060551558,"('creative', 'uncreative')",-0.06806732,-0.0697973,-0.07731758058071136,-0.06517443060874939,0.012143149971961975
3,-0.084598355,-0.06083591,"('able', 'unable')",0.018466895,0.028070249,-0.03306572884321213,-0.01638283021748066,0.016682898625731468
0,0.08082935,0.07221475,"('competent', 'incompetent')",-0.005979182,0.004956756,0.03742508590221405,0.03858575224876404,0.0011606663465499878
7,-0.075358324,-0.074185684,"('practical', 'impractical')",0.065341555,0.048761226,-0.005008384585380554,-0.012712229043245316,-0.007703844457864761
4,-0.06074609,-0.044926643,"('rational', 'irrational')",0.045100138,0.04282531,-0.007822975516319275,-0.0010506659746170044,0.0067723095417022705
1,0.0290779,0.032922145,"('intelligent', 'unintelligent')",-0.0067602787,-0.007117711,0.011158810928463936,0.012902216985821724,0.001743406057357788
6,0.018829886,0.0057297642,"('capable', 'incapable')",-0.067542925,-0.05658509,-0.024356519803404808,-0.02542766183614731,-0.0010711420327425003
2,0.0023524074,-0.013017586,"('intelligent', 'stupid')",-0.033291664,-0.03146321,-0.015469628386199474,-0.022240398451685905,-0.006770770065486431
