,Regions_male,Regions_female,tuple,Financial_male,Financial_female,Corporation_male,Corporation_female,average_male,average_female,female-male
3,0.13550675,0.15075387,"('able', 'unable')",0.05265288,0.06768411,0.02245296,0.04172615,0.07020419836044312,0.08672137061754863,0.016517172257105514
6,-0.09303011,-0.0928161,"('capable', 'incapable')",-0.054879494,-0.05356338,-0.08914686,-0.09466634,-0.07901882131894429,-0.08034860094388326,-0.0013297796249389648
2,0.04512726,0.016840464,"('intelligent', 'stupid')",0.054200027,0.05260942,0.013934675,-0.0056333407,0.03775398681561152,0.02127218246459961,-0.01648180435101191
1,0.026199898,0.03254196,"('intelligent', 'unintelligent')",0.0011748647,0.003082894,0.025585327,0.033832077,0.017653363446394604,0.02315231164296468,0.005498948196570076
4,-0.016320534,-0.0071913986,"('rational', 'irrational')",-0.05656872,-0.06376427,-0.006659922,-0.005100324,-0.026516392827033997,-0.025351996223131817,0.0011643966039021798
0,0.010085882,0.003032277,"('competent', 'incompetent')",0.007329611,0.01521931,-0.0069387513,0.00029346623,0.003492247313261032,0.006181684012214343,0.002689436698953311
7,-0.006299013,0.002002402,"('practical', 'impractical')",-0.012875622,-0.009891839,0.058297187,0.0635866,0.013040850559870401,0.018565721809864044,0.005524871249993643
5,-1.7236673e-05,0.00021417931,"('creative', 'uncreative')",-0.13608731,-0.1424287,-0.08197817,-0.07486644,-0.07269424200057983,-0.07236031691233318,0.0003339250882466588
