,Republic_male,Republic_female,tuple,Services_male,Services_female,average_male,average_female,female-male
6,-0.13633876,-0.1392584,"('capable', 'incapable')",-0.11026695,-0.11131189,-0.12330285459756851,-0.12528514862060547,-0.001982294023036957
5,-0.102337554,-0.11101411,"('creative', 'uncreative')",-0.006061723,-0.013786001,-0.054199639707803726,-0.062400057911872864,-0.008200418204069138
3,0.0917462,0.09128047,"('able', 'unable')",0.038890615,0.058799874,0.06531840562820435,0.07504016906023026,0.00972176343202591
2,0.045473605,0.05055983,"('intelligent', 'stupid')",0.02319728,-0.007672766,0.03433544188737869,0.021443530917167664,-0.012891910970211029
4,-0.014118399,0.00065094145,"('rational', 'irrational')",-0.003905393,0.005056871,-0.009011895395815372,0.002853906247764826,0.011865801643580198
0,0.0094712805,0.023164121,"('competent', 'incompetent')",-0.11489722,-0.10913509,-0.05271296948194504,-0.04298548400402069,0.009727485477924347
7,-0.007977706,-0.012959445,"('practical', 'impractical')",-0.011741714,-0.0031877963,-0.00985971000045538,-0.00807362049818039,0.00178608950227499
1,-0.004617409,0.011077568,"('intelligent', 'unintelligent')",0.08487477,0.0886893,0.0401286818087101,0.04988343268632889,0.00975475087761879
