,ResMed_male,ResMed_female,tuple,average_male,average_female,female-male
5,-0.10242691,-0.09899152,"('creative', 'uncreative')",-0.1024269089102745,-0.0989915207028389,0.003435388207435608
6,-0.09463655,-0.09212614,"('capable', 'incapable')",-0.09463655203580856,-0.09212613850831985,0.0025104135274887085
4,0.04120488,0.06251386,"('rational', 'irrational')",0.04120488092303276,0.06251385807991028,0.021308977156877518
3,0.036512006,0.05043947,"('able', 'unable')",0.03651200607419014,0.05043946951627731,0.013927463442087173
1,0.035705782,0.030506827,"('intelligent', 'unintelligent')",0.03570578247308731,0.03050682693719864,-0.005198955535888672
0,0.027824879,0.0095141465,"('competent', 'incompetent')",0.027824878692626953,0.009514146484434605,-0.01831073220819235
2,-0.017612848,-0.034146365,"('intelligent', 'stupid')",-0.017612848430871964,-0.03414636477828026,-0.016533516347408295
7,-0.008854522,-0.00814025,"('practical', 'impractical')",-0.008854522369801998,-0.008140250109136105,0.0007142722606658936
