,Robert_male,Robert_female,tuple,Half_male,Half_female,International_male,International_female,average_male,average_female,female-male
5,-0.112094,-0.119887784,"('creative', 'uncreative')",-0.074528,-0.071434684,-0.12200729,-0.11464056,-0.10287642478942871,-0.10198767979939778,0.0008887449900309291
2,0.05068869,0.052137326,"('intelligent', 'stupid')",-0.041856382,-0.048342407,0.0011695327,-0.0063489676,0.003333947310845057,-0.000851349284251531,-0.004185296595096588
3,0.048083983,0.057008073,"('able', 'unable')",0.121592276,0.14816333,0.1131766,0.09824854,0.09428428610165913,0.10113998254140218,0.006855696439743042
6,-0.030617071,-0.02424989,"('capable', 'incapable')",-0.10563194,-0.10527374,-0.11211831,-0.09682173,-0.08278910319010417,-0.07544845342636108,0.007340649763743087
7,0.022279825,0.009712703,"('practical', 'impractical')",0.061127704,0.078200035,0.008239,0.000655524,0.03054884324471156,0.02952275425195694,-0.0010260889927546195
4,-0.016687293,-0.024675569,"('rational', 'irrational')",0.050202936,0.04919428,0.027949685,0.019367075,0.020488443473974865,0.014628595362106958,-0.005859848111867906
0,-0.011172593,-0.0049514864,"('competent', 'incompetent')",-0.028743103,-0.034502782,-0.0115038045,-0.0039770664,-0.01713983342051506,-0.014477111399173737,0.002662722021341324
1,0.008532866,0.0063630855,"('intelligent', 'unintelligent')",0.06678652,0.057055984,-0.026011018,-0.014023297,0.016436122357845306,0.016465256611506145,2.9134253660838966e-05
