,Rockwell_male,Rockwell_female,tuple,Automation_male,Automation_female,average_male,average_female,female-male
4,-0.14055188,-0.13236597,"('rational', 'irrational')",-0.032644987,-0.04393974,-0.08659843355417252,-0.08815285563468933,-0.0015544220805168152
5,-0.09308945,-0.08598234,"('creative', 'uncreative')",0.003752843,0.00954718,-0.044668301939964294,-0.03821757808327675,0.006450723856687546
0,0.08033169,0.06328871,"('competent', 'incompetent')",0.013302523,0.03511404,0.0468171052634716,0.04920137673616409,0.0023842714726924896
2,0.03831364,0.034567673,"('intelligent', 'stupid')",0.000136031,-0.019468812,0.01922483555972576,0.00754943024367094,-0.011675405316054821
7,-0.0130417785,-0.0026475887,"('practical', 'impractical')",0.066195585,0.06781661,0.026576902717351913,0.03258451074361801,0.006007608026266098
6,-0.008140946,-0.012892151,"('capable', 'incapable')",-0.07901518,-0.06953822,-0.04357806220650673,-0.041215185075998306,0.002362877130508423
1,-0.008108883,-0.0037939455,"('intelligent', 'unintelligent')",-0.04907862,-0.045587264,-0.028593752533197403,-0.02469060570001602,0.0039031468331813812
3,0.0032160694,0.017818026,"('able', 'unable')",-0.048915315,-0.026461087,-0.02284962311387062,-0.00432153046131134,0.01852809265255928
