,Rollins_male,Rollins_female,tuple,average_male,average_female,female-male
4,-0.12297757,-0.11663027,"('rational', 'irrational')",-0.12297756969928741,-0.11663027107715607,0.006347298622131348
5,-0.10103112,-0.123184934,"('creative', 'uncreative')",-0.1010311171412468,-0.123184934258461,-0.022153817117214203
0,0.07237346,0.07181027,"('competent', 'incompetent')",0.07237345725297928,0.0718102678656578,-0.0005631893873214722
6,0.07098444,0.07926713,"('capable', 'incapable')",0.07098443806171417,0.07926712930202484,0.008282691240310669
7,-0.041034877,-0.04516637,"('practical', 'impractical')",-0.04103487730026245,-0.045166369527578354,-0.004131492227315903
3,0.031213105,0.033244155,"('able', 'unable')",0.031213104724884033,0.03324415534734726,0.0020310506224632263
2,0.0184871,0.015214726,"('intelligent', 'stupid')",0.018487099558115005,0.015214726328849792,-0.003272373229265213
1,0.01791083,0.01923477,"('intelligent', 'unintelligent')",0.017910830676555634,0.01923477090895176,0.0013239402323961258
