,Roper_male,Roper_female,tuple,Technologies_male,Technologies_female,average_male,average_female,female-male
2,0.096882194,0.08985397,"('intelligent', 'stupid')",-0.060219824,-0.07023267,0.01833118498325348,0.00981065258383751,-0.00852053239941597
3,0.05195717,0.036775444,"('able', 'unable')",0.049809396,0.0571437,0.05088328570127487,0.04695957154035568,-0.0039237141609191895
7,-0.044654436,-0.03667962,"('practical', 'impractical')",0.045350242,0.041509427,0.0003479029983282089,0.0024149026721715927,0.002066999673843384
6,-0.04215202,-0.050892495,"('capable', 'incapable')",-0.058701407,-0.061793387,-0.05042671412229538,-0.05634294077754021,-0.005916226655244827
4,-0.02997844,-0.021916602,"('rational', 'irrational')",-0.048406024,-0.06244943,-0.03919222950935364,-0.04218301549553871,-0.002990785986185074
0,-0.02040428,-0.003936041,"('competent', 'incompetent')",0.03510259,0.054882664,0.007349155843257904,0.02547331154346466,0.018124155700206757
5,-0.016207173,-0.04047974,"('creative', 'uncreative')",-0.055901635,-0.041397434,-0.036054402589797974,-0.04093858599662781,-0.004884183406829834
1,-0.0061707254,0.0014966868,"('intelligent', 'unintelligent')",-0.030000392,-0.024963813,-0.018085557967424393,-0.01173356268554926,0.0063519952818751335
