,Ross_male,Ross_female,tuple,Stores_male,Stores_female,average_male,average_female,female-male
5,-0.1269766,-0.14142704,"('creative', 'uncreative')",-0.03472375,-0.031088911,-0.08085016906261444,-0.08625797927379608,-0.005407810211181641
4,-0.059705894,-0.05099265,"('rational', 'irrational')",0.002560869,-0.028575,-0.028572512790560722,-0.03978382423520088,-0.01121131144464016
2,0.04950569,0.020523999,"('intelligent', 'stupid')",0.016222982,-0.029277032,0.03286433592438698,-0.004376516677439213,-0.03724085260182619
3,0.019334635,0.040627614,"('able', 'unable')",0.067802444,0.08837792,0.04356854036450386,0.0645027682185173,0.020934227854013443
1,0.017181236,0.019643873,"('intelligent', 'unintelligent')",0.09580835,0.10188278,0.05649479478597641,0.06076332554221153,0.004268530756235123
0,0.010556756,0.019507252,"('competent', 'incompetent')",-0.05905762,-0.049858265,-0.02425043284893036,-0.015175506472587585,0.009074926376342773
6,0.0096978275,0.016424706,"('capable', 'incapable')",-0.09219917,-0.09511916,-0.041250672191381454,-0.03934722766280174,0.001903444528579712
7,-0.009029384,-0.009418191,"('practical', 'impractical')",0.029141102,0.04094762,0.01005585864186287,0.015764713287353516,0.005708854645490646
