,Royal_male,Royal_female,tuple,Caribbean_male,Caribbean_female,Group_male,Group_female,average_male,average_female,female-male
5,-0.17588498,-0.1535186,"('creative', 'uncreative')",-0.09435754,-0.088274166,-0.045939427,-0.050667785,-0.10539397597312927,-0.09748685359954834,0.007907122373580933
6,-0.069853365,-0.07604625,"('capable', 'incapable')",-0.076811425,-0.07427449,-0.1054052,-0.10317491,-0.08402333656946818,-0.08449854453404744,-0.00047520796457925507
3,0.055622946,0.07142016,"('able', 'unable')",0.11815928,0.1105096,0.07223469,0.08965085,0.0820056398709615,0.09052686889966328,0.008521229028701782
7,0.02590197,0.01645946,"('practical', 'impractical')",0.0056215674,0.0039197025,0.07082706,0.06171128,0.03411686420440674,0.02736348162094752,-0.006753382583459217
2,0.013769599,0.003397583,"('intelligent', 'stupid')",0.0038824196,0.0045033153,0.006392564,0.0035066525,0.008014860873421034,0.0038025168081124625,-0.004212344065308571
0,0.013459514,0.010715311,"('competent', 'incompetent')",-0.00064208114,-0.0051540653,-0.018240994,-0.013088708,-0.0018078535795211792,-0.002509153913706541,-0.0007013003341853619
1,0.00903611,0.017715555,"('intelligent', 'unintelligent')",0.015014213,0.017488556,0.021084711,0.026755482,0.015045010795195898,0.02065319816271464,0.0056081873675187435
4,-0.0014878951,0.0045948126,"('rational', 'irrational')",-0.03640264,-0.0369952,0.003967365,-0.004109691,-0.011307723820209503,-0.012170025457938513,-0.0008623016377290096
