,S&P_male,S&P_female,tuple,Global_male,Global_female,average_male,average_female,female-male
0,-0.08268818,-0.056460414,"('competent', 'incompetent')",0.03490924,0.027748661,-0.02388947084546089,-0.014355876483023167,0.009533594362437725
2,0.034943543,0.034867547,"('intelligent', 'stupid')",-0.013821629,-0.017263591,0.010560957714915276,0.008801978081464767,-0.0017589796334505081
5,0.019491522,-0.006829299,"('creative', 'uncreative')",-0.13439752,-0.13202697,-0.05745299905538559,-0.06942813098430634,-0.011975131928920746
3,-0.017782211,-0.018589016,"('able', 'unable')",0.103773154,0.11080089,0.04299547150731087,0.04610593616962433,0.0031104646623134613
1,-0.016672712,-0.01624626,"('intelligent', 'unintelligent')",-0.02057079,-0.014388364,-0.01862175017595291,-0.015317311510443687,0.003304438665509224
7,0.01588746,0.0078424895,"('practical', 'impractical')",-0.062225457,-0.058715396,-0.023168999701738358,-0.02543645352125168,-0.002267453819513321
6,0.010065298,0.011653086,"('capable', 'incapable')",-0.046946343,-0.049816553,-0.018440522253513336,-0.019081734120845795,-0.0006412118673324585
4,0.008629369,0.0078050885,"('rational', 'irrational')",-0.040227752,-0.03735723,-0.01579919084906578,-0.014776070602238178,0.0010231202468276024
