,Salesforce_male,Salesforce_female,tuple,average_male,average_female,female-male
5,-0.08260226,-0.09195399,"('creative', 'uncreative')",-0.08260226249694824,-0.09195399284362793,-0.009351730346679688
3,0.054757442,0.07263297,"('able', 'unable')",0.05475744232535362,0.07263296842575073,0.01787552610039711
6,-0.037286237,-0.041979875,"('capable', 'incapable')",-0.03728623688220978,-0.04197987541556358,-0.0046936385333538055
1,0.026230192,0.030546272,"('intelligent', 'unintelligent')",0.026230191811919212,0.030546272173523903,0.0043160803616046906
4,-0.024554372,-0.03237547,"('rational', 'irrational')",-0.02455437183380127,-0.03237546980381012,-0.00782109797000885
7,-0.016844528,-0.0143495,"('practical', 'impractical')",-0.016844527795910835,-0.014349499717354774,0.002495028078556061
2,0.014327315,-0.0032359867,"('intelligent', 'stupid')",0.01432731468230486,-0.00323598668910563,-0.01756330137141049
0,0.010787476,0.018824343,"('competent', 'incompetent')",0.010787475854158401,0.018824342638254166,0.008036866784095764
