,SBA_male,SBA_female,tuple,Communications_male,Communications_female,average_male,average_female,female-male
6,-0.091871284,-0.08457704,"('capable', 'incapable')",-0.07555654,-0.08008461,-0.08371391147375107,-0.08233082294464111,0.0013830885291099548
5,-0.067927994,-0.06924627,"('creative', 'uncreative')",-0.016136155,0.002500625,-0.04203207418322563,-0.033372823148965836,0.008659251034259796
3,0.034125898,0.032638732,"('able', 'unable')",-0.016777921,-0.018790819,0.008673988282680511,0.006923956796526909,-0.0017500314861536026
4,0.030192338,0.025824271,"('rational', 'irrational')",-0.100206435,-0.119269975,-0.0350070483982563,-0.04672285169363022,-0.011715803295373917
1,0.026909143,0.03418252,"('intelligent', 'unintelligent')",0.02819516,0.047293775,0.027552150189876556,0.040738146752119064,0.013185996562242508
2,0.020406172,0.013785789,"('intelligent', 'stupid')",0.006485463,-0.006142031,0.013445816934108734,0.0038218789268285036,-0.00962393800728023
0,0.016908957,0.016271267,"('competent', 'incompetent')",0.028339325,0.041229077,0.022624140605330467,0.02875017188489437,0.006126031279563904
7,0.00999401,-0.0047818352,"('practical', 'impractical')",-0.025714993,-0.024181763,-0.007860491052269936,-0.014481798745691776,-0.006621307693421841
