,Schlumberger_male,Schlumberger_female,tuple,average_male,average_female,female-male
7,-0.11638497,-0.11337727,"('practical', 'impractical')",-0.11638496816158295,-0.11337727308273315,0.0030076950788497925
0,0.09457237,0.102042824,"('competent', 'incompetent')",0.09457237273454666,0.10204282402992249,0.007470451295375824
5,-0.072958,-0.06737773,"('creative', 'uncreative')",-0.07295800000429153,-0.0673777312040329,0.0055802688002586365
3,-0.071026504,-0.077010944,"('able', 'unable')",-0.0710265040397644,-0.07701094448566437,-0.005984440445899963
2,0.056267485,0.03497305,"('intelligent', 'stupid')",0.05626748502254486,0.03497305139899254,-0.021294433623552322
6,0.03016398,0.030148854,"('capable', 'incapable')",0.030163979157805443,0.030148854479193687,-1.5124678611755371e-05
1,0.014128595,0.0146575365,"('intelligent', 'unintelligent')",0.014128594659268856,0.014657536521553993,0.0005289418622851372
4,0.012103914,0.011838118,"('rational', 'irrational')",0.012103914283216,0.011838117614388466,-0.0002657966688275337
