,Seagate_male,Seagate_female,tuple,Technology_male,Technology_female,average_male,average_female,female-male
3,-0.06439405,-0.040517304,"('able', 'unable')",-0.00589931,0.008344942,-0.03514667972922325,-0.01608618162572384,0.019060498103499413
7,-0.06055856,-0.045945324,"('practical', 'impractical')",-0.023970129,-0.020227615,-0.04226434603333473,-0.033086471259593964,0.009177874773740768
4,-0.042720344,-0.029784843,"('rational', 'irrational')",-0.063927725,-0.07325588,-0.05332403630018234,-0.05152036249637604,0.001803673803806305
0,0.04230908,0.0423148,"('competent', 'incompetent')",0.077857524,0.087146685,0.0600832998752594,0.06473074108362198,0.004647441208362579
5,-0.027495923,-0.007777463,"('creative', 'uncreative')",-0.13270712,-0.10357038,-0.08010151982307434,-0.05567391961812973,0.02442760020494461
6,0.010930345,-0.0043787723,"('capable', 'incapable')",-0.082549855,-0.087200075,-0.03580975532531738,-0.04578942432999611,-0.009979669004678726
1,0.0043633273,0.0075160945,"('intelligent', 'unintelligent')",-0.017232906,-0.013442564,-0.006434789393097162,-0.002963234670460224,0.003471554722636938
2,0.002688627,-0.016973041,"('intelligent', 'stupid')",0.0021123162,-0.013178409,0.0024004715960472822,-0.015075724571943283,-0.017476196167990565
