,Sealed_male,Sealed_female,tuple,Air_male,Air_female,average_male,average_female,female-male
5,-0.11683857,-0.13022904,"('creative', 'uncreative')",-0.077831574,-0.08102372,-0.09733507037162781,-0.10562638193368912,-0.00829131156206131
3,0.10736342,0.130541,"('able', 'unable')",0.06769941,0.08079036,0.08753141760826111,0.10566568374633789,0.018134266138076782
6,-0.063781016,-0.08428885,"('capable', 'incapable')",-0.060258348,-0.04927382,-0.06201968342065811,-0.06678133457899094,-0.004761651158332825
0,-0.04772152,-0.060472637,"('competent', 'incompetent')",0.028235048,0.04311063,-0.009743236005306244,-0.008681003004312515,0.0010622330009937286
4,-0.019703697,0.0001226277,"('rational', 'irrational')",0.00435253,-0.00031289595,-0.007675583474338055,-9.513412805972621e-05,0.0075804493462783284
1,0.016594375,0.003612964,"('intelligent', 'unintelligent')",0.020655189,0.025380768,0.01862478256225586,0.014496865682303905,-0.004127916879951954
2,0.009011814,-0.006163825,"('intelligent', 'stupid')",-0.015683671,-0.015742071,-0.0033359285444021225,-0.010952947661280632,-0.0076170191168785095
7,-0.007677998,0.026570307,"('practical', 'impractical')",-0.023991214,-0.041604713,-0.01583460532128811,-0.007517202757298946,0.008317402563989162
