,Sempra_male,Sempra_female,tuple,Energy_male,Energy_female,average_male,average_female,female-male
7,-0.052059364,-0.03339075,"('practical', 'impractical')",-0.03488957,-0.029364854,-0.0434744656085968,-0.031377799808979034,0.012096665799617767
5,-0.04988164,-0.01984791,"('creative', 'uncreative')",-0.005074311,-0.02356725,-0.02747797593474388,-0.021707579493522644,0.005770396441221237
0,0.049446557,0.039199054,"('competent', 'incompetent')",0.039062213,0.042480562,0.04425438493490219,0.04083980619907379,-0.0034145787358283997
2,0.04038615,0.0075446693,"('intelligent', 'stupid')",-0.065077595,-0.07664522,-0.012345721945166588,-0.03455027565360069,-0.022204553708434105
6,-0.024927538,-0.043752823,"('capable', 'incapable')",-0.06564437,-0.06611495,-0.04528595507144928,-0.054933883249759674,-0.009647928178310394
3,0.01989418,0.02530447,"('able', 'unable')",0.03048999,0.053108077,0.025192085653543472,0.03920627385377884,0.014014188200235367
1,0.01771969,0.018465921,"('intelligent', 'unintelligent')",0.0046072626,0.010602739,0.011163475923240185,0.014534329995512962,0.0033708540722727776
4,0.0075154714,0.029221896,"('rational', 'irrational')",-0.05856218,-0.055049308,-0.0255233533680439,-0.01291370578110218,0.012609647586941719
