,ServiceNow_male,ServiceNow_female,tuple,average_male,average_female,female-male
6,-0.092531234,-0.09343899,"('capable', 'incapable')",-0.0925312340259552,-0.09343899041414261,-0.0009077563881874084
0,-0.0779444,-0.07087932,"('competent', 'incompetent')",-0.07794439792633057,-0.07087931782007217,0.007065080106258392
3,0.076875515,0.09624672,"('able', 'unable')",0.07687551528215408,0.09624671936035156,0.01937120407819748
1,0.034519985,0.030942462,"('intelligent', 'unintelligent')",0.0345199853181839,0.030942462384700775,-0.0035775229334831238
4,0.034105547,0.040697545,"('rational', 'irrational')",0.03410554677248001,0.04069754481315613,0.006591998040676117
5,-0.023557954,-0.028546799,"('creative', 'uncreative')",-0.023557953536510468,-0.02854679897427559,-0.0049888454377651215
2,-0.00885707,-0.026564246,"('intelligent', 'stupid')",-0.008857069537043571,-0.02656424604356289,-0.017707176506519318
7,0.0007923543,0.0065357056,"('practical', 'impractical')",0.0007923542871139944,0.006535705644637346,0.005743351357523352
