,Sherwin-Williams_male,Sherwin-Williams_female,tuple,average_male,average_female,female-male
7,-0.12937924,-0.12505734,"('practical', 'impractical')",-0.1293792426586151,-0.12505733966827393,0.0043219029903411865
3,-0.116762936,-0.096131355,"('able', 'unable')",-0.11676293611526489,-0.0961313545703888,0.0206315815448761
0,0.11176855,0.09600659,"('competent', 'incompetent')",0.11176855117082596,0.09600658714771271,-0.01576196402311325
6,0.10022289,0.09890781,"('capable', 'incapable')",0.10022289305925369,0.09890781342983246,-0.0013150796294212341
4,-0.08254922,-0.10013349,"('rational', 'irrational')",-0.08254922181367874,-0.1001334935426712,-0.017584271728992462
5,-0.06493692,-0.06636396,"('creative', 'uncreative')",-0.06493692100048065,-0.06636396050453186,-0.0014270395040512085
2,0.039685115,0.039666068,"('intelligent', 'stupid')",0.03968511521816254,0.0396660678088665,-1.9047409296035767e-05
1,-0.0076310234,-0.014065511,"('intelligent', 'unintelligent')",-0.0076310234144330025,-0.014065510593354702,-0.0064344871789216995
