,Simon_male,Simon_female,tuple,Property_male,Property_female,Group_male,Group_female,average_male,average_female,female-male
5,-0.10912167,-0.10631467,"('creative', 'uncreative')",-0.025913771,-0.0088060675,-0.045939427,-0.050667785,-0.06032495697339376,-0.05526283880074819,0.005062118172645569
3,0.057327613,0.07972812,"('able', 'unable')",0.10039386,0.122434035,0.07223469,0.08965085,0.07665205498536427,0.09727099537849426,0.02061894039312999
6,-0.05394713,-0.050893247,"('capable', 'incapable')",-0.06815749,-0.074386895,-0.1054052,-0.10317491,-0.07583660384019215,-0.07615168392658234,-0.00031508008639018203
7,0.03306884,0.039674282,"('practical', 'impractical')",0.0085153105,0.003303351,0.07082706,0.06171128,0.037470402816931404,0.03489630421002706,-0.002574098606904343
0,0.017511316,0.0027588268,"('competent', 'incompetent')",-0.041948255,-0.031188386,-0.018240994,-0.013088708,-0.01422597716252009,-0.01383942241470019,0.0003865547478199005
4,0.010647343,0.00672221,"('rational', 'irrational')",-0.02030995,-0.027394589,0.003967365,-0.004109691,-0.0018984139896929264,-0.008260689675807953,-0.0063622756861150265
1,0.008727931,0.0031261034,"('intelligent', 'unintelligent')",0.020515094,0.018539304,0.021084711,0.026755482,0.016775912294785183,0.016140297055244446,-0.000635615239540737
2,-0.0004857861,-0.011541793,"('intelligent', 'stupid')",0.07304088,0.061685424,0.006392564,0.0035066525,0.02631588528553645,0.017883427441120148,-0.008432457844416302
