,Skyworks_male,Skyworks_female,tuple,Solutions_male,Solutions_female,average_male,average_female,female-male
4,-0.059304,-0.059793055,"('rational', 'irrational')",-0.027378712,-0.013343779,-0.04334135353565216,-0.03656841814517975,0.006772935390472412
6,-0.048206627,-0.05155304,"('capable', 'incapable')",-0.045517605,-0.045648374,-0.04686211794614792,-0.048600707203149796,-0.0017385892570018768
0,0.036090583,0.03338599,"('competent', 'incompetent')",0.0114883175,0.0016007783,0.023789450526237488,0.017493383958935738,-0.00629606656730175
3,0.02853326,0.03947292,"('able', 'unable')",0.048290752,0.06118524,0.038412004709243774,0.05032908171415329,0.011917077004909515
7,-0.025259908,-0.027700964,"('practical', 'impractical')",-0.024650255,-0.028223125,-0.024955082684755325,-0.02796204388141632,-0.0030069611966609955
5,-0.02006215,-0.013910088,"('creative', 'uncreative')",-0.028869094,-0.050181076,-0.024465622380375862,-0.03204558044672012,-0.007579958066344261
2,-0.0088852905,-0.018114636,"('intelligent', 'stupid')",-0.0131425625,-0.007964484,-0.011013926938176155,-0.013039560057222843,-0.002025633119046688
1,0.00039633512,0.0055080396,"('intelligent', 'unintelligent')",-0.022458259,-0.018734187,-0.011030961759388447,-0.006613073870539665,0.004417887888848782
