,Snap-on_male,Snap-on_female,tuple,average_male,average_female,female-male
6,-0.09892746,-0.088634364,"('capable', 'incapable')",-0.09892746061086655,-0.08863436430692673,0.01029309630393982
5,-0.0840629,-0.064277545,"('creative', 'uncreative')",-0.08406289666891098,-0.0642775446176529,0.019785352051258087
4,0.07963696,0.06633112,"('rational', 'irrational')",0.07963696122169495,0.06633111834526062,-0.013305842876434326
7,-0.064804666,-0.06451147,"('practical', 'impractical')",-0.06480466574430466,-0.06451147049665451,0.0002931952476501465
2,0.058632385,0.021093037,"('intelligent', 'stupid')",0.05863238498568535,0.021093036979436874,-0.037539348006248474
0,0.032548137,0.04732117,"('competent', 'incompetent')",0.03254813700914383,0.047321170568466187,0.014773033559322357
3,0.026233785,0.003988657,"('able', 'unable')",0.02623378485441208,0.003988657146692276,-0.022245127707719803
1,-0.003899274,-0.0047684573,"('intelligent', 'unintelligent')",-0.0038992739282548428,-0.004768457263708115,-0.0008691833354532719
