,Southern_male,Southern_female,tuple,Company_male,Company_female,average_male,average_female,female-male
5,-0.10436382,-0.11594835,"('creative', 'uncreative')",-0.10418273,-0.096098416,-0.10427327454090118,-0.1060233861207962,-0.0017501115798950195
7,0.04205683,0.04174335,"('practical', 'impractical')",0.06996697,0.06634621,0.056011900305747986,0.05404478311538696,-0.001967117190361023
4,-0.01777047,-0.029109044,"('rational', 'irrational')",0.017195245,0.005020061,-0.0002876119688153267,-0.012044491246342659,-0.011756879277527332
2,0.017198255,0.027234297,"('intelligent', 'stupid')",0.032683164,0.012360053,0.02494071051478386,0.019797176122665405,-0.005143534392118454
6,-0.013896533,0.014751132,"('capable', 'incapable')",-0.10877178,-0.11490957,-0.06133415549993515,-0.05007921904325485,0.011254936456680298
3,-0.0036308474,-0.011662078,"('able', 'unable')",0.060346927,0.06603282,0.028358040377497673,0.02718537114560604,-0.001172669231891632
0,0.002320698,0.0034935826,"('competent', 'incompetent')",-0.022272779,-9.499664e-05,-0.009976040571928024,0.0016992930322885513,0.011675333604216576
1,-0.0020290108,-0.0032358016,"('intelligent', 'unintelligent')",0.023542136,0.03339987,0.01075656246393919,0.015082033351063728,0.004325470887124538
