,Southwest_male,Southwest_female,tuple,Airlines_male,Airlines_female,average_male,average_female,female-male
5,-0.13622561,-0.14414851,"('creative', 'uncreative')",-0.03076258,-0.037774235,-0.08349409699440002,-0.09096137434244156,-0.007467277348041534
3,0.0961617,0.09666088,"('able', 'unable')",0.017097525,0.024926906,0.05662961304187775,0.06079389527440071,0.0041642822325229645
7,0.046427615,0.048318934,"('practical', 'impractical')",0.032122914,0.023513313,0.039275266230106354,0.035916123539209366,-0.003359142690896988
2,0.038331676,0.037526995,"('intelligent', 'stupid')",-0.025667215,-0.026146011,0.006332230754196644,0.005690491758286953,-0.0006417389959096909
6,-0.03442081,-0.030284198,"('capable', 'incapable')",-0.06931506,-0.071424104,-0.05186793580651283,-0.0508541502058506,0.0010137856006622314
4,-0.022148553,-0.026660819,"('rational', 'irrational')",-0.026189182,-0.023825536,-0.024168867617845535,-0.025243178009986877,-0.0010743103921413422
0,-0.007086945,-0.00863669,"('competent', 'incompetent')",0.024403404,0.028779866,0.008658229373395443,0.010071588680148125,0.0014133593067526817
1,-4.2606905e-05,-0.0024082512,"('intelligent', 'unintelligent')",0.025789605,0.031607773,0.012873499654233456,0.014599760994315147,0.0017262613400816917
