,Stanley_male,Stanley_female,tuple,Black_male,Black_female,&_male,&_female,Decker_male,Decker_female,average_male,average_female,female-male
5,-0.11009264,-0.123352356,"('creative', 'uncreative')",-0.094629884,-0.104511626,-0.043580506,-0.054771464,-0.120883495,-0.10454235,-0.09229663014411926,-0.09679444879293442,-0.004497818648815155
2,0.07569788,0.063769296,"('intelligent', 'stupid')",0.010350898,-0.0052931495,0.051717956,0.04445349,0.0053951405,-0.009952735,0.035790469497442245,0.0232442244887352,-0.012546245008707047
7,-0.057757907,-0.050498683,"('practical', 'impractical')",0.0024055846,0.020558238,-0.048612878,-0.06842974,-0.0253791,0.009503501,-0.032336074858903885,-0.022216670215129852,0.010119404643774033
4,-0.05602314,-0.041374885,"('rational', 'irrational')",0.04161249,0.043787442,-0.13764003,-0.14945811,-0.02041315,-0.01074831,-0.04311595484614372,-0.039448466151952744,0.003667488694190979
3,0.0404576,0.075302,"('able', 'unable')",0.13041398,0.15490983,0.04109473,0.042220853,-0.03517084,-0.008194107,0.04419887065887451,0.0660596415400505,0.021860770881175995
1,0.029421229,0.029092988,"('intelligent', 'unintelligent')",0.024513172,0.016225463,0.045052934,0.049999837,0.020876411,0.0012223687,0.02996593713760376,0.02413516491651535,-0.005830772221088409
0,-0.0051575694,-0.0031953214,"('competent', 'incompetent')",0.043461103,0.044362247,-0.009155776,0.0012747109,0.06708702,0.051996104,0.024058692157268524,0.023609435185790062,-0.0004492569714784622
6,-0.004503726,-0.004168027,"('capable', 'incapable')",-0.07628157,-0.080936104,-0.01493015,-0.0071977274,-0.015597271,-0.029246183,-0.02782817929983139,-0.03038701042532921,-0.002558831125497818
