,Starbucks_male,Starbucks_female,tuple,average_male,average_female,female-male
5,-0.11071512,-0.11414368,"('creative', 'uncreative')",-0.1107151210308075,-0.11414367705583572,-0.0034285560250282288
4,-0.0646123,-0.06075686,"('rational', 'irrational')",-0.06461229920387268,-0.0607568584382534,0.003855440765619278
1,0.023439936,0.035822928,"('intelligent', 'unintelligent')",0.023439936339855194,0.035822927951812744,0.01238299161195755
6,-0.01346025,-0.015143127,"('capable', 'incapable')",-0.01346024964004755,-0.015143127180635929,-0.001682877540588379
0,0.004425007,-0.023320355,"('competent', 'incompetent')",0.004425006918609142,-0.023320354521274567,-0.02774536143988371
2,0.0038337735,0.0045868717,"('intelligent', 'stupid')",0.003833773545920849,0.004586871713399887,0.0007530981674790382
7,-0.0036197593,-0.003784522,"('practical', 'impractical')",-0.0036197593435645103,-0.003784521948546171,-0.00016476260498166084
3,-0.0033579592,0.023141775,"('able', 'unable')",-0.0033579592127352953,0.023141775280237198,0.026499734492972493
