,State_male,State_female,tuple,Street_male,Street_female,Corporation_male,Corporation_female,average_male,average_female,female-male
5,-0.17588626,-0.1660003,"('creative', 'uncreative')",-0.08221918,-0.075697556,-0.08197817,-0.07486644,-0.11336120963096619,-0.10552143057187398,0.007839779059092208
3,0.13490397,0.14936948,"('able', 'unable')",0.122214645,0.11682853,0.02245296,0.04172615,0.0931905210018158,0.10264138380686443,0.00945086280504863
6,-0.078556255,-0.08108876,"('capable', 'incapable')",-0.13314669,-0.12748207,-0.08914686,-0.09466634,-0.10028326511383057,-0.10107905666033427,-0.0007957915465037074
0,-0.04617376,-0.042045794,"('competent', 'incompetent')",-0.039610703,-0.023400594,-0.0069387513,0.00029346623,-0.03090773771206538,-0.02171764274438222,0.009190094967683159
4,0.041644894,0.048036795,"('rational', 'irrational')",0.06600134,0.053417932,-0.006659922,-0.005100324,0.0336621031165123,0.03211813420057297,-0.001543968915939331
2,0.03857803,0.021021778,"('intelligent', 'stupid')",0.03397398,0.016274635,0.013934675,-0.0056333407,0.02882889409859975,0.01055435836315155,-0.0182745357354482
7,0.015967216,0.015908672,"('practical', 'impractical')",0.11719577,0.11350149,0.058297187,0.0635866,0.06382005910078685,0.06433225671450298,0.0005121976137161255
1,0.007753045,0.013588363,"('intelligent', 'unintelligent')",0.028961994,0.033943936,0.025585327,0.033832077,0.020766788472731907,0.02712145944436391,0.006354670971632004
