,Steris_male,Steris_female,tuple,average_male,average_female,female-male
0,0.06979892,0.05821452,"('competent', 'incompetent')",0.06979891657829285,0.058214519172906876,-0.011584397405385971
3,0.06486784,0.06521263,"('able', 'unable')",0.06486783921718597,0.06521262973546982,0.000344790518283844
7,-0.058791097,-0.048822977,"('practical', 'impractical')",-0.05879109725356102,-0.048822976648807526,0.009968120604753494
4,0.04455234,0.04508683,"('rational', 'irrational')",0.04455234110355377,0.045086830854415894,0.0005344897508621216
2,-0.036895853,-0.07193401,"('intelligent', 'stupid')",-0.03689585253596306,-0.07193400710821152,-0.03503815457224846
5,-0.019041736,0.018229082,"('creative', 'uncreative')",-0.01904173567891121,0.018229082226753235,0.037270817905664444
6,-0.015420591,0.003296594,"('capable', 'incapable')",-0.015420591458678246,0.003296593902632594,0.01871718536131084
1,0.012966418,-0.014450327,"('intelligent', 'unintelligent')",0.012966417707502842,-0.014450326561927795,-0.027416744269430637
