,Stryker_male,Stryker_female,tuple,Corporation_male,Corporation_female,average_male,average_female,female-male
5,-0.13756305,-0.13718374,"('creative', 'uncreative')",-0.08197817,-0.07486644,-0.10977061092853546,-0.1060250848531723,0.003745526075363159
3,0.07869206,0.08730218,"('able', 'unable')",0.02245296,0.04172615,0.050572510808706284,0.06451416015625,0.013941649347543716
4,-0.039556768,-0.040023148,"('rational', 'irrational')",-0.006659922,-0.005100324,-0.0231083445250988,-0.022561736404895782,0.0005466081202030182
0,0.03758041,0.047078714,"('competent', 'incompetent')",-0.0069387513,0.00029346623,0.015320828184485435,0.023686090484261513,0.008365262299776077
7,0.02695276,0.002860505,"('practical', 'impractical')",0.058297187,0.0635866,0.04262497276067734,0.03322355076670647,-0.009401421993970871
1,0.02427777,0.013512061,"('intelligent', 'unintelligent')",0.025585327,0.033832077,0.02493155002593994,0.023672068491578102,-0.0012594815343618393
6,-0.01894076,-0.01788774,"('capable', 'incapable')",-0.08914686,-0.09466634,-0.054043810814619064,-0.056277040392160416,-0.0022332295775413513
2,-0.017796578,0.016510412,"('intelligent', 'stupid')",0.013934675,-0.0056333407,-0.0019309516064822674,0.00543853547424078,0.007369487080723047
