,SVB_male,SVB_female,tuple,Financial_male,Financial_female,average_male,average_female,female-male
5,-0.13332768,-0.12713504,"('creative', 'uncreative')",-0.13608731,-0.1424287,-0.1347074955701828,-0.1347818672657013,-7.437169551849365e-05
3,-0.0686677,-0.06581432,"('able', 'unable')",0.05265288,0.06768411,-0.008007410913705826,0.000934891402721405,0.00894230231642723
2,0.06562971,0.053241357,"('intelligent', 'stupid')",0.054200027,0.05260942,0.05991487205028534,0.052925389260053635,-0.006989482790231705
0,0.052172296,0.062487133,"('competent', 'incompetent')",0.007329611,0.01521931,0.02975095435976982,0.03885322064161301,0.009102266281843185
6,-0.04532944,-0.04259328,"('capable', 'incapable')",-0.054879494,-0.05356338,-0.05010446906089783,-0.048078328371047974,0.0020261406898498535
1,0.0221691,0.02851492,"('intelligent', 'unintelligent')",0.0011748647,0.003082894,0.011671982705593109,0.015798907727003098,0.004126925021409988
7,-0.018456142,-0.027111419,"('practical', 'impractical')",-0.012875622,-0.009891839,-0.01566588133573532,-0.018501628190279007,-0.002835746854543686
4,-0.010471371,-0.003192594,"('rational', 'irrational')",-0.05656872,-0.06376427,-0.03352004662156105,-0.03347843140363693,4.161521792411804e-05
