,Synchrony_male,Synchrony_female,tuple,Financial_male,Financial_female,average_male,average_female,female-male
0,0.098873824,0.09989475,"('competent', 'incompetent')",0.007329611,0.01521931,0.05310171842575073,0.05755702778697014,0.004455309361219406
1,-0.043043394,-0.036269784,"('intelligent', 'unintelligent')",0.0011748647,0.003082894,-0.020934265106916428,-0.01659344509243965,0.004340820014476776
7,-0.04023225,-0.04731407,"('practical', 'impractical')",-0.012875622,-0.009891839,-0.026553936302661896,-0.028602954000234604,-0.002049017697572708
5,0.036089633,0.014560444,"('creative', 'uncreative')",-0.13608731,-0.1424287,-0.04999884217977524,-0.06393412500619888,-0.013935282826423645
6,-0.013340657,-0.0067145564,"('capable', 'incapable')",-0.054879494,-0.05356338,-0.03411007672548294,-0.03013896755874157,0.003971109166741371
3,-0.007741808,0.0181002,"('able', 'unable')",0.05265288,0.06768411,0.02245553582906723,0.042892154306173325,0.020436618477106094
4,0.007520988,0.007835446,"('rational', 'irrational')",-0.05656872,-0.06376427,-0.024523865431547165,-0.027964409440755844,-0.003440544009208679
2,-0.003667684,-0.013854897,"('intelligent', 'stupid')",0.054200027,0.05260942,0.025266172364354134,0.01937726140022278,-0.005888910964131355
