,Synopsys_male,Synopsys_female,tuple,average_male,average_female,female-male
3,-0.06619611,-0.053011842,"('able', 'unable')",-0.06619610637426376,-0.05301184207201004,0.013184264302253723
1,-0.044301327,-0.046580575,"('intelligent', 'unintelligent')",-0.04430132731795311,-0.04658057540655136,-0.0022792480885982513
0,0.034154344,0.035624444,"('competent', 'incompetent')",0.034154344350099564,0.03562444448471069,0.0014701001346111298
2,-0.02343435,-0.030243903,"('intelligent', 'stupid')",-0.02343435026705265,-0.030243903398513794,-0.0068095531314611435
5,0.017347801,0.0007676422,"('creative', 'uncreative')",0.017347801476716995,0.0007676422246731818,-0.016580159252043813
7,0.00622747,0.012874379,"('practical', 'impractical')",0.006227470003068447,0.012874378822743893,0.0066469088196754456
4,-0.0059109377,0.0067444844,"('rational', 'irrational')",-0.005910937674343586,0.006744484417140484,0.01265542209148407
6,-0.0015956075,0.00022535444,"('capable', 'incapable')",-0.0015956074930727482,0.00022535443713422865,0.0018209619302069768
