,Sysco_male,Sysco_female,tuple,average_male,average_female,female-male
0,0.050998904,0.043352913,"('competent', 'incompetent')",0.050998903810977936,0.04335291311144829,-0.007645990699529648
5,-0.044970736,-0.046931375,"('creative', 'uncreative')",-0.044970735907554626,-0.046931374818086624,-0.0019606389105319977
3,-0.038828097,-0.024808511,"('able', 'unable')",-0.03882809728384018,-0.02480851113796234,0.014019586145877838
2,-0.0236105,-0.02655798,"('intelligent', 'stupid')",-0.023610500618815422,-0.026557980105280876,-0.002947479486465454
4,-0.021228502,-0.0213578,"('rational', 'irrational')",-0.021228501573204994,-0.02135780081152916,-0.00012929923832416534
6,0.017877353,0.025198063,"('capable', 'incapable')",0.017877353355288506,0.025198062881827354,0.007320709526538849
1,-0.009103268,-0.009350878,"('intelligent', 'unintelligent')",-0.009103268384933472,-0.009350878186523914,-0.00024760980159044266
7,-0.0065704663,-0.0071972,"('practical', 'impractical')",-0.006570466328412294,-0.007197199854999781,-0.0006267335265874863
