,T-Mobile_male,T-Mobile_female,tuple,US_male,US_female,average_male,average_female,female-male
0,0.13349372,0.12804388,"('competent', 'incompetent')",-0.0048804563,-0.04881926,0.06430663168430328,0.0396123081445694,-0.024694323539733887
5,-0.12906066,-0.10748105,"('creative', 'uncreative')",-0.08546307,-0.07941249,-0.10726186633110046,-0.0934467688202858,0.013815097510814667
3,-0.11822789,-0.10229315,"('able', 'unable')",0.06928693,0.08867387,-0.024470482021570206,-0.006809640675783157,0.01766084134578705
7,-0.10689392,-0.107699625,"('practical', 'impractical')",0.020202747,0.025616894,-0.04334558546543121,-0.04104136675596237,0.0023042187094688416
2,0.0361951,0.023735054,"('intelligent', 'stupid')",-0.03560826,-0.023279026,0.0002934187650680542,0.00022801384329795837,-6.540492177009583e-05
6,-0.03336325,-0.026467323,"('capable', 'incapable')",-0.07921195,-0.07010987,-0.056287601590156555,-0.04828859493136406,0.007999006658792496
4,0.021781834,0.019738149,"('rational', 'irrational')",0.03355312,0.07795054,0.02766747772693634,0.0488443449139595,0.021176867187023163
1,-0.004431005,-0.004632575,"('intelligent', 'unintelligent')",-0.020501977,-0.021633452,-0.01246649120002985,-0.013133013620972633,-0.0006665224209427834
