,Take-Two_male,Take-Two_female,tuple,Interactive_male,Interactive_female,average_male,average_female,female-male
5,-0.11877011,-0.12608379,"('creative', 'uncreative')",0.035942357,0.032640018,-0.04141387343406677,-0.04672188684344292,-0.005308013409376144
0,0.09209561,0.097273044,"('competent', 'incompetent')",0.048939984,0.033679098,0.07051780074834824,0.06547607481479645,-0.005041725933551788
2,0.051178504,0.053202063,"('intelligent', 'stupid')",0.003549657,-0.003905908,0.027364080771803856,0.02464807778596878,-0.0027160029858350754
6,-0.05089198,-0.046603534,"('capable', 'incapable')",-0.07204446,-0.07463026,-0.0614682212471962,-0.06061689555644989,0.0008513256907463074
7,-0.041589454,-0.044552386,"('practical', 'impractical')",0.0152211785,0.01670225,-0.013184137642383575,-0.013925068080425262,-0.000740930438041687
3,-0.041396264,-0.020147976,"('able', 'unable')",0.02293048,0.048452664,-0.009232891723513603,0.014152344316244125,0.02338523603975773
4,0.030706095,0.05129975,"('rational', 'irrational')",-0.10180027,-0.09310388,-0.03554708883166313,-0.020902063697576523,0.014645025134086609
1,0.0050512343,0.006489507,"('intelligent', 'unintelligent')",-0.08301649,-0.07470142,-0.03898262977600098,-0.03410595655441284,0.004876673221588135
