,Tapestry_male,Tapestry_female,tuple,average_male,average_female,female-male
6,-0.0817873,-0.077029906,"('capable', 'incapable')",-0.08178730309009552,-0.07702990621328354,0.004757396876811981
4,-0.06757454,-0.07832637,"('rational', 'irrational')",-0.06757453829050064,-0.07832636684179306,-0.01075182855129242
5,-0.04054454,-0.022150997,"('creative', 'uncreative')",-0.0405445396900177,-0.022150997072458267,0.018393542617559433
3,0.032399807,0.03437758,"('able', 'unable')",0.03239980712532997,0.034377578645944595,0.001977771520614624
1,0.030365864,0.033225633,"('intelligent', 'unintelligent')",0.03036586381494999,0.03322563320398331,0.0028597693890333176
0,0.018704731,0.022434197,"('competent', 'incompetent')",0.01870473101735115,0.02243419736623764,0.00372946634888649
7,0.016779663,0.016476769,"('practical', 'impractical')",0.016779663041234016,0.016476769000291824,-0.0003028940409421921
2,-0.008775023,-0.023851566,"('intelligent', 'stupid')",-0.008775022812187672,-0.023851566016674042,-0.01507654320448637
