,Target_male,Target_female,tuple,Corporation_male,Corporation_female,average_male,average_female,female-male
5,-0.12951289,-0.15165825,"('creative', 'uncreative')",-0.08197817,-0.07486644,-0.10574553161859512,-0.11326234042644501,-0.007516808807849884
3,0.09377596,0.08595662,"('able', 'unable')",0.02245296,0.04172615,0.05811445787549019,0.06384138762950897,0.005726929754018784
4,-0.05428669,-0.057396132,"('rational', 'irrational')",-0.006659922,-0.005100324,-0.03047330491244793,-0.03124822862446308,-0.000774923712015152
7,-0.034741286,-0.03029568,"('practical', 'impractical')",0.058297187,0.0635866,0.011777950450778008,0.016645461320877075,0.004867510870099068
6,-0.020786528,-0.018926868,"('capable', 'incapable')",-0.08914686,-0.09466634,-0.05496669560670853,-0.0567966029047966,-0.0018299072980880737
0,0.018606625,0.017215004,"('competent', 'incompetent')",-0.0069387513,0.00029346623,0.005833936855196953,0.00875423476099968,0.0029202979058027267
2,0.017168285,0.020491231,"('intelligent', 'stupid')",0.013934675,-0.0056333407,0.015551479533314705,0.007428945042192936,-0.008122534491121769
1,0.010831447,0.015017129,"('intelligent', 'unintelligent')",0.025585327,0.033832077,0.01820838823914528,0.024424603208899498,0.006216214969754219
