,TE_male,TE_female,tuple,Connectivity_male,Connectivity_female,average_male,average_female,female-male
5,-0.057271466,-0.054544166,"('creative', 'uncreative')",-0.11893662,-0.1128761,-0.08810403943061829,-0.08371013402938843,0.004393905401229858
7,-0.056094076,-0.05539275,"('practical', 'impractical')",-0.042821504,-0.02667065,-0.04945778846740723,-0.04103169962763786,0.008426088839769363
6,-0.03560792,-0.020951673,"('capable', 'incapable')",-0.041716333,-0.062254485,-0.038662128150463104,-0.04160308092832565,-0.002940952777862549
3,0.029268784,0.033012543,"('able', 'unable')",-0.043803792,0.0015620979,-0.007267503999173641,0.017287319526076317,0.024554823525249958
1,0.022537174,0.027610876,"('intelligent', 'unintelligent')",-0.024080414,-0.019634131,-0.0007716203108429909,0.003988372161984444,0.0047599924728274345
0,0.021437982,0.021186283,"('competent', 'incompetent')",-0.0319318,-0.039493404,-0.005246908403933048,-0.009153560735285282,-0.003906652331352234
2,0.010961126,-0.01894797,"('intelligent', 'stupid')",0.10562007,0.08993534,0.058290597051382065,0.03549368679523468,-0.022796910256147385
4,-0.0075772307,-0.0019490834,"('rational', 'irrational')",-0.049295325,-0.022916067,-0.02843627706170082,-0.012432575225830078,0.016003701835870743
