,Teledyne_male,Teledyne_female,tuple,Technologies_male,Technologies_female,average_male,average_female,female-male
0,0.10249506,0.10214154,"('competent', 'incompetent')",0.03510259,0.054882664,0.06879882514476776,0.07851210236549377,0.009713277220726013
3,-0.0928548,-0.07766183,"('able', 'unable')",0.049809396,0.0571437,-0.021522700786590576,-0.01025906391441822,0.011263636872172356
7,-0.056201514,-0.06574792,"('practical', 'impractical')",0.045350242,0.041509427,-0.005425635725259781,-0.012119244784116745,-0.006693609058856964
2,-0.031112304,-0.04534952,"('intelligent', 'stupid')",-0.060219824,-0.07023267,-0.04566606506705284,-0.0577910915017128,-0.012125026434659958
4,0.025531692,0.025080597,"('rational', 'irrational')",-0.048406024,-0.06244943,-0.011437165550887585,-0.018684417009353638,-0.007247251458466053
5,0.01996906,0.021246824,"('creative', 'uncreative')",-0.055901635,-0.041397434,-0.017966289073228836,-0.01007530465722084,0.007890984416007996
1,-0.017021678,-0.024482772,"('intelligent', 'unintelligent')",-0.030000392,-0.024963813,-0.02351103536784649,-0.024723291397094727,-0.0012122560292482376
6,-0.0093714865,-0.00014053131,"('capable', 'incapable')",-0.058701407,-0.061793387,-0.03403644636273384,-0.03096695989370346,0.0030694864690303802
