,Teleflex_male,Teleflex_female,tuple,average_male,average_female,female-male
0,0.124564946,0.120342016,"('competent', 'incompetent')",0.12456494569778442,0.12034201622009277,-0.00422292947769165
7,-0.096574396,-0.09892697,"('practical', 'impractical')",-0.09657439589500427,-0.09892696887254715,-0.002352572977542877
3,-0.055628046,-0.03983862,"('able', 'unable')",-0.05562804639339447,-0.03983861953020096,0.015789426863193512
1,-0.0122364685,-0.011126463,"('intelligent', 'unintelligent')",-0.012236468493938446,-0.011126463301479816,0.0011100051924586296
6,-0.0110601345,-0.011861741,"('capable', 'incapable')",-0.011060134507715702,-0.011861740611493587,-0.0008016061037778854
2,0.009160436,0.00092465995,"('intelligent', 'stupid')",0.009160435758531094,0.0009246599511243403,-0.008235775807406753
5,0.0040554837,0.018694922,"('creative', 'uncreative')",0.004055483732372522,0.0186949223279953,0.014639438595622778
4,0.0023468211,0.0047306675,"('rational', 'irrational')",0.002346821129322052,0.00473066745325923,0.0023838463239371777
