,Teradyne_male,Teradyne_female,tuple,average_male,average_female,female-male
0,0.055295568,0.052321438,"('competent', 'incompetent')",0.05529556795954704,0.05232143774628639,-0.0029741302132606506
4,0.043974336,0.044235125,"('rational', 'irrational')",0.04397433623671532,0.04423512518405914,0.0002607889473438263
6,-0.03527015,-0.027231317,"('capable', 'incapable')",-0.03527015075087547,-0.02723131701350212,0.008038833737373352
5,-0.030861275,-0.021886751,"('creative', 'uncreative')",-0.030861275270581245,-0.021886751055717468,0.008974524214863777
7,-0.028006103,-0.022787819,"('practical', 'impractical')",-0.02800610288977623,-0.02278781868517399,0.0052182842046022415
3,-0.027803743,-0.007461442,"('able', 'unable')",-0.02780374325811863,-0.007461442146450281,0.02034230111166835
1,0.01451071,-0.0069906614,"('intelligent', 'unintelligent')",0.014510709792375565,-0.006990661378949881,-0.021501371171325445
2,0.007120333,-0.0008963352,"('intelligent', 'stupid')",0.007120333146303892,-0.0008963351720012724,-0.008016668318305165
