,Tesla_male,Tesla_female,tuple,average_male,average_female,female-male
5,-0.08491893,-0.09421043,"('creative', 'uncreative')",-0.08491893112659454,-0.0942104309797287,-0.009291499853134155
0,0.079403125,0.06964797,"('competent', 'incompetent')",0.07940312474966049,0.06964796781539917,-0.009755156934261322
4,-0.07660343,-0.056568276,"('rational', 'irrational')",-0.07660342752933502,-0.05656827613711357,0.02003515139222145
6,-0.04071325,-0.04302895,"('capable', 'incapable')",-0.04071325063705444,-0.043028950691223145,-0.002315700054168701
1,-0.033702675,-0.04019856,"('intelligent', 'unintelligent')",-0.03370267525315285,-0.04019856080412865,-0.0064958855509757996
7,-0.027265335,-0.024254944,"('practical', 'impractical')",-0.027265334501862526,-0.024254944175481796,0.0030103903263807297
2,0.019159611,0.024736635,"('intelligent', 'stupid')",0.01915961131453514,0.024736635386943817,0.005577024072408676
3,-0.016840274,-0.0034490013,"('able', 'unable')",-0.016840273514389992,-0.0034490013495087624,0.01339127216488123
