,Texas_male,Texas_female,tuple,Instruments_male,Instruments_female,average_male,average_female,female-male
5,-0.10566863,-0.11522659,"('creative', 'uncreative')",0.028091297,0.028172767,-0.03878866508603096,-0.04352691024541855,-0.0047382451593875885
3,0.05930847,0.077168405,"('able', 'unable')",0.06171758,0.077268854,0.060513027012348175,0.07721862941980362,0.016705602407455444
2,0.053702746,0.03714314,"('intelligent', 'stupid')",-0.0323654,-0.036474306,0.010668672621250153,0.0003344174474477768,-0.010334255173802376
4,-0.036117706,-0.023131965,"('rational', 'irrational')",-0.047310576,-0.04639436,-0.0417141392827034,-0.0347631610929966,0.006950978189706802
7,-0.03035731,-0.017834613,"('practical', 'impractical')",0.07220714,0.07586599,0.020924914628267288,0.029015690088272095,0.008090775460004807
1,-0.015232148,-0.012931203,"('intelligent', 'unintelligent')",-0.018914318,-0.010086809,-0.01707323268055916,-0.011509005911648273,0.005564226768910885
6,0.010169318,0.006239928,"('capable', 'incapable')",-0.10339565,-0.10861795,-0.046613164246082306,-0.051189009100198746,-0.00457584485411644
0,-0.0052144867,-0.0071095023,"('competent', 'incompetent')",-0.017281279,-0.0010118005,-0.01124788261950016,-0.004060651175677776,0.007187231443822384
