,Textron_male,Textron_female,tuple,average_male,average_female,female-male
3,0.106490746,0.09314967,"('able', 'unable')",0.10649074614048004,0.09314966946840286,-0.013341076672077179
6,-0.05031672,-0.029851655,"('capable', 'incapable')",-0.05031672120094299,-0.029851654544472694,0.0204650666564703
1,-0.04169235,-0.03975189,"('intelligent', 'unintelligent')",-0.041692350059747696,-0.039751891046762466,0.0019404590129852295
4,-0.03456705,-0.037644424,"('rational', 'irrational')",-0.03456705063581467,-0.03764442354440689,-0.003077372908592224
5,0.014676945,0.00849528,"('creative', 'uncreative')",0.01467694528400898,0.008495279587805271,-0.006181665696203709
0,0.006276546,0.013277182,"('competent', 'incompetent')",0.00627654604613781,0.01327718235552311,0.0070006363093853
7,0.0042136265,-0.0053920937,"('practical', 'impractical')",0.004213626496493816,-0.005392093677073717,-0.009605720173567533
2,-0.0001032952,-0.0048038876,"('intelligent', 'stupid')",-0.00010329519864171743,-0.004803887568414211,-0.004700592369772494
