,The_male,The_female,tuple,Cooper_male,Cooper_female,Companies_male,Companies_female,average_male,average_female,female-male
6,-0.089783,-0.08982393,"('capable', 'incapable')",-0.05878149,-0.05456229,-0.10498464,-0.10774191,-0.08451637625694275,-0.08404270807902019,0.0004736681779225621
3,0.068289384,0.092548385,"('able', 'unable')",0.042665407,0.037876267,0.01578776,0.023329385,0.04224751889705658,0.051251341899236046,0.009003823002179466
1,0.06614535,0.059723496,"('intelligent', 'unintelligent')",0.016288286,0.032804787,0.049375955,0.057373043,0.04393653074900309,0.04996711015701294,0.006030579408009849
2,-0.042048465,-0.037528012,"('intelligent', 'stupid')",0.015085284,-0.0003132243,0.017323487,-0.0041556205,-0.0032132317622502646,-0.013998953004678091,-0.010785721242427826
7,0.041253705,0.04017101,"('practical', 'impractical')",0.019099051,0.023008367,0.048505656,0.053407084,0.036286137998104095,0.03886215388774872,0.002576015889644623
0,-0.034609113,-0.03933411,"('competent', 'incompetent')",0.04348624,0.056794677,-0.03707501,-0.021511063,-0.009399293611447016,-0.0013501656552155812,0.008049127956231434
5,-0.013718287,-0.02344003,"('creative', 'uncreative')",-0.11424085,-0.10855978,-0.054621387,-0.052113697,-0.06086017191410065,-0.061371167500813804,-0.0005109955867131574
4,-0.0023101661,-0.0022200262,"('rational', 'irrational')",-0.016676912,-0.039552335,-0.021590585,-0.031877685,-0.013525888323783875,-0.024550015727678936,-0.011024127403895061
