,The_male,The_female,tuple,Hartford_male,Hartford_female,average_male,average_female,female-male
6,-0.089783,-0.08982393,"('capable', 'incapable')",0.044634853,0.044531073,-0.02257407270371914,-0.022646429017186165,-7.235631346702576e-05
3,0.068289384,0.092548385,"('able', 'unable')",-0.0054789484,0.007558517,0.031405217945575714,0.05005345121026039,0.018648233264684677
1,0.06614535,0.059723496,"('intelligent', 'unintelligent')",0.008033647,0.011867437,0.037089500576257706,0.03579546511173248,-0.0012940354645252228
2,-0.042048465,-0.037528012,"('intelligent', 'stupid')",0.06504222,0.040003613,0.011496877297759056,0.001237800344824791,-0.010259076952934265
7,0.041253705,0.04017101,"('practical', 'impractical')",-0.10385821,-0.09936406,-0.03130225092172623,-0.029596524313092232,0.001705726608633995
0,-0.034609113,-0.03933411,"('competent', 'incompetent')",0.0105753485,0.019755643,-0.012016882188618183,-0.009789234027266502,0.0022276481613516808
5,-0.013718287,-0.02344003,"('creative', 'uncreative')",-0.04727525,-0.06707024,-0.030496768653392792,-0.045255132019519806,-0.014758363366127014
4,-0.0023101661,-0.0022200262,"('rational', 'irrational')",-0.08857773,-0.085037775,-0.04544394835829735,-0.04362890124320984,0.0018150471150875092
