,The_male,The_female,tuple,Walt_male,Walt_female,Disney_male,Disney_female,Company_male,Company_female,average_male,average_female,female-male
6,-0.089783,-0.08982393,"('capable', 'incapable')",-0.027273552,-0.034091245,-0.048305016,-0.047637995,-0.10877178,-0.11490957,-0.06853333860635757,-0.07161568850278854,-0.0030823498964309692
3,0.068289384,0.092548385,"('able', 'unable')",0.0415056,0.06272474,-0.015403548,-0.020082492,0.060346927,0.06603282,0.03868459165096283,0.050305865705013275,0.011621274054050446
1,0.06614535,0.059723496,"('intelligent', 'unintelligent')",0.02900915,0.037236508,-0.0074755056,-0.0060763927,0.023542136,0.03339987,0.027805283665657043,0.03107086941599846,0.0032655857503414154
2,-0.042048465,-0.037528012,"('intelligent', 'stupid')",0.042493153,0.032372426,-0.0070182243,-0.011692763,0.032683164,0.012360053,0.006527407094836235,-0.0011220737360417843,-0.007649480830878019
7,0.041253705,0.04017101,"('practical', 'impractical')",-0.033096883,-0.037137587,-0.042082936,-0.05400756,0.06996697,0.06634621,0.009010214358568192,0.0038430187851190567,-0.005167195573449135
0,-0.034609113,-0.03933411,"('competent', 'incompetent')",0.06359152,0.058716062,0.08308823,0.08095247,-0.022272779,-9.499664e-05,0.022449463605880737,0.025059856474399567,0.0026103928685188293
5,-0.013718287,-0.02344003,"('creative', 'uncreative')",-0.05911411,-0.05975918,-0.0077237366,-0.017070603,-0.10418273,-0.096098416,-0.0461847148835659,-0.04909205436706543,-0.002907339483499527
4,-0.0023101661,-0.0022200262,"('rational', 'irrational')",-0.0551836,-0.061778393,-0.16086882,-0.15120633,0.017195245,0.005020061,-0.050291839987039566,-0.052546169608831406,-0.0022543296217918396
