,The_male,The_female,tuple,Hershey_male,Hershey_female,Company_male,Company_female,average_male,average_female,female-male
6,-0.089783,-0.08982393,"('capable', 'incapable')",0.041644074,0.042875927,-0.10877178,-0.11490957,-0.05230356752872467,-0.05395252505938212,-0.001648957530657448
3,0.068289384,0.092548385,"('able', 'unable')",-0.012868853,0.011605857,0.060346927,0.06603282,0.03858915468056997,0.056729018688201904,0.018139864007631935
1,0.06614535,0.059723496,"('intelligent', 'unintelligent')",0.028109793,0.017263936,0.023542136,0.03339987,0.03926576177279154,0.03679576516151428,-0.00246999661127726
2,-0.042048465,-0.037528012,"('intelligent', 'stupid')",0.027844321,0.02840919,0.032683164,0.012360053,0.006159673134485881,0.0010804105550050735,-0.005079262579480807
7,0.041253705,0.04017101,"('practical', 'impractical')",-0.08612606,-0.08335751,0.06996697,0.06634621,0.008364872386058172,0.007719902942577998,-0.000644969443480174
0,-0.034609113,-0.03933411,"('competent', 'incompetent')",0.056589473,0.070921205,-0.022272779,-9.499664e-05,-9.74728415409724e-05,0.010497366388638815,0.010594839230179787
5,-0.013718287,-0.02344003,"('creative', 'uncreative')",-0.033649467,-0.050084315,-0.10418273,-0.096098416,-0.05051682889461517,-0.05654091636339823,-0.006024087468783058
4,-0.0023101661,-0.0022200262,"('rational', 'irrational')",-0.03429631,-0.04278785,0.017195245,0.005020061,-0.006470410153269768,-0.013329272468884787,-0.006858862315615019
