,The_male,The_female,tuple,Mosaic_male,Mosaic_female,Company_male,Company_female,average_male,average_female,female-male
6,-0.089783,-0.08982393,"('capable', 'incapable')",-0.12366873,-0.110554546,-0.10877178,-0.11490957,-0.1074078381061554,-0.1050960123538971,0.0023118257522583008
3,0.068289384,0.092548385,"('able', 'unable')",0.060507342,0.070351124,0.060346927,0.06603282,0.06304788589477539,0.07631077369054158,0.01326288779576619
1,0.06614535,0.059723496,"('intelligent', 'unintelligent')",0.0012620277,-0.00067367725,0.023542136,0.03339987,0.030316504339377087,0.030816562473773956,0.0005000581343968698
2,-0.042048465,-0.037528012,"('intelligent', 'stupid')",-0.003468443,-0.006981678,0.032683164,0.012360053,-0.004277914762496948,-0.010716545085112253,-0.006438630322615305
7,0.041253705,0.04017101,"('practical', 'impractical')",0.02630435,0.02674999,0.06996697,0.06634621,0.0458416740099589,0.04442240297794342,-0.0014192710320154803
0,-0.034609113,-0.03933411,"('competent', 'incompetent')",0.0065759826,0.006958048,-0.022272779,-9.499664e-05,-0.016768636802832287,-0.010823685675859451,0.005944951126972835
5,-0.013718287,-0.02344003,"('creative', 'uncreative')",-0.048684757,-0.022558928,-0.10418273,-0.096098416,-0.055528591076533,-0.0473657896121343,0.008162801464398697
4,-0.0023101661,-0.0022200262,"('rational', 'irrational')",-0.031485584,-0.02835278,0.017195245,0.005020061,-0.005533502126733462,-0.008517581348617872,-0.00298407922188441
