,The_male,The_female,tuple,Travelers_male,Travelers_female,Companies_male,Companies_female,average_male,average_female,female-male
6,-0.089783,-0.08982393,"('capable', 'incapable')",-0.12157362,-0.10229844,-0.10498464,-0.10774191,-0.10544708371162415,-0.09995476404825847,0.005492319663365677
3,0.068289384,0.092548385,"('able', 'unable')",0.1443645,0.14212975,0.01578776,0.023329385,0.07614721854527791,0.08600250879923503,0.009855290253957122
1,0.06614535,0.059723496,"('intelligent', 'unintelligent')",0.025076298,0.027710099,0.049375955,0.057373043,0.046865870555241905,0.048268879453341164,0.0014030088980992589
2,-0.042048465,-0.037528012,"('intelligent', 'stupid')",0.07348073,0.049031448,0.017323487,-0.0041556205,0.01625191792845726,0.002449271734803915,-0.013802646193653345
7,0.041253705,0.04017101,"('practical', 'impractical')",-0.0073791877,0.006330274,0.048505656,0.053407084,0.02746005853017171,0.03330278893311819,0.005842730402946476
0,-0.034609113,-0.03933411,"('competent', 'incompetent')",-0.022531364,-0.010326432,-0.03707501,-0.021511063,-0.0314051608244578,-0.023723868032296497,0.007681292792161305
5,-0.013718287,-0.02344003,"('creative', 'uncreative')",-0.1032415,-0.09771358,-0.054621387,-0.052113697,-0.05719372630119324,-0.05775576829910278,-0.0005620419979095459
4,-0.0023101661,-0.0022200262,"('rational', 'irrational')",0.045170106,0.010693549,-0.021590585,-0.031877685,0.007089785610636075,-0.007801387459039688,-0.014891173069675762
