,Thermo_male,Thermo_female,tuple,Fisher_male,Fisher_female,Scientific_male,Scientific_female,average_male,average_female,female-male
6,-0.034778666,-0.04552578,"('capable', 'incapable')",-0.0022279122,-0.01615028,-0.04221063,-0.060495764,-0.026405736804008484,-0.04072394222021103,-0.014318205416202545
2,0.031944767,0.0100367535,"('intelligent', 'stupid')",0.041226298,0.024258306,0.010734512,-0.002738364,0.027968525886535645,0.010518898566563925,-0.017449627319971718
3,0.029382166,0.03346309,"('able', 'unable')",-0.029382851,-0.014980835,0.03864407,0.060212884,0.012881128738323847,0.026231713593006134,0.013350584854682287
7,-0.025408546,-0.010726122,"('practical', 'impractical')",-0.023713788,-0.010616709,0.017029364,0.020232787,-0.01069765662153562,-0.0003700144588947296,0.01032764216264089
5,-0.021938344,-0.0036491419,"('creative', 'uncreative')",-0.087915435,-0.08117643,-0.15894341,-0.13504772,-0.08959906299908955,-0.07329109807809193,0.01630796492099762
1,0.016709998,0.011878807,"('intelligent', 'unintelligent')",0.017018622,0.022101443,-0.013531201,-0.010915916,0.006732473770777385,0.007688111315170924,0.0009556375443935394
4,0.0005016584,0.010058033,"('rational', 'irrational')",-0.062128548,-0.05292034,-0.042057212,-0.0347767,-0.034561365842819214,-0.025879668692747753,0.00868169715007146
0,0.00034608087,0.0056466213,"('competent', 'incompetent')",0.008419314,0.010869033,-0.021490168,-0.015334711,-0.004241590698560079,0.0003936473901073138,0.004635238088667393
