,TJX_male,TJX_female,tuple,Companies_male,Companies_female,average_male,average_female,female-male
7,-0.059150636,-0.076670095,"('practical', 'impractical')",0.048505656,0.053407084,-0.005322489887475967,-0.011631505563855171,-0.006309015676379204
2,0.054891802,0.045985714,"('intelligent', 'stupid')",0.017323487,-0.0041556205,0.03610764443874359,0.020915046334266663,-0.015192598104476929
6,-0.051801708,-0.029937731,"('capable', 'incapable')",-0.10498464,-0.10774191,-0.07839317619800568,-0.06883981823921204,0.00955335795879364
3,-0.039578293,-0.041075934,"('able', 'unable')",0.01578776,0.023329385,-0.011895266361534595,-0.00887327454984188,0.0030219918116927147
4,0.032087512,0.013898539,"('rational', 'irrational')",-0.021590585,-0.031877685,0.005248463712632656,-0.008989572525024414,-0.01423803623765707
0,0.020842178,0.0319166,"('competent', 'incompetent')",-0.03707501,-0.021511063,-0.008116415701806545,0.005202768370509148,0.013319184072315693
5,-0.012017352,-0.018692,"('creative', 'uncreative')",-0.054621387,-0.052113697,-0.033319368958473206,-0.035402849316596985,-0.0020834803581237793
1,0.011862813,0.011777353,"('intelligent', 'unintelligent')",0.049375955,0.057373043,0.030619382858276367,0.0345751978456974,0.003955814987421036
