,Tractor_male,Tractor_female,tuple,Supply_male,Supply_female,Company_male,Company_female,average_male,average_female,female-male
6,-0.09134077,-0.09924023,"('capable', 'incapable')",-0.04055455,-0.049577795,-0.10877178,-0.11490957,-0.08022236824035645,-0.08790919184684753,-0.007686823606491089
5,-0.0848349,-0.06429246,"('creative', 'uncreative')",-0.09193964,-0.07219968,-0.10418273,-0.096098416,-0.09365242719650269,-0.07753018538157146,0.01612224181493123
3,0.058607534,0.10716839,"('able', 'unable')",0.034518395,0.07431396,0.060346927,0.06603282,0.05115761856238047,0.08250505725542705,0.03134743869304658
2,0.05234362,0.03603817,"('intelligent', 'stupid')",0.0950801,0.040726256,0.032683164,0.012360053,0.06003562609354655,0.029708159466584522,-0.030327466626962025
1,0.022190113,0.031609096,"('intelligent', 'unintelligent')",0.05258889,0.054645564,0.023542136,0.03339987,0.03277371327082316,0.03988484044869741,0.007111127177874252
0,-0.014253458,-0.037637483,"('competent', 'incompetent')",-0.014210969,-0.01491472,-0.022272779,-9.499664e-05,-0.016912401964267094,-0.017549066493908565,-0.0006366645296414716
4,0.008413013,0.0065282905,"('rational', 'irrational')",-0.014048271,-0.005114652,0.017195245,0.005020061,0.0038533291469017663,0.002144566426674525,-0.0017087627202272415
7,0.0076256655,0.021794552,"('practical', 'impractical')",-0.024519293,0.00087974424,0.06996697,0.06634621,0.017691115538279217,0.0296735018491745,0.011982386310895283
