,TransDigm_male,TransDigm_female,tuple,Group_male,Group_female,average_male,average_female,female-male
0,0.0784008,0.07206945,"('competent', 'incompetent')",-0.018240994,-0.013088708,0.030079901218414307,0.02949037216603756,-0.0005895290523767471
7,-0.055295847,-0.062185585,"('practical', 'impractical')",0.07082706,0.06171128,0.007765606045722961,-0.00023715198040008545,-0.008002758026123047
5,0.048044093,0.06775403,"('creative', 'uncreative')",-0.045939427,-0.050667785,0.001052333042025566,0.008543122559785843,0.007490789517760277
3,0.039419718,0.072885565,"('able', 'unable')",0.07223469,0.08965085,0.05582720413804054,0.08126820623874664,0.0254410021007061
6,-0.038268846,-0.036760733,"('capable', 'incapable')",-0.1054052,-0.10317491,-0.07183702290058136,-0.06996782124042511,0.00186920166015625
1,-0.03553121,-0.036563497,"('intelligent', 'unintelligent')",0.021084711,0.026755482,-0.0072232503443956375,-0.004904007539153099,0.0023192428052425385
4,0.027201433,0.03385891,"('rational', 'irrational')",0.003967365,-0.004109691,0.015584398992359638,0.014874609187245369,-0.0007097898051142693
2,-0.007446921,-0.021605372,"('intelligent', 'stupid')",0.006392564,0.0035066525,-0.0005271784029901028,-0.00904935970902443,-0.008522181306034327
