,Trane_male,Trane_female,tuple,Technologies_male,Technologies_female,average_male,average_female,female-male
6,-0.07517611,-0.08587603,"('capable', 'incapable')",-0.058701407,-0.061793387,-0.06693875789642334,-0.07383470982313156,-0.0068959519267082214
5,-0.06223986,-0.031864863,"('creative', 'uncreative')",-0.055901635,-0.041397434,-0.05907074734568596,-0.03663114830851555,0.02243959903717041
4,0.04237265,0.056155503,"('rational', 'irrational')",-0.048406024,-0.06244943,-0.0030166860669851303,-0.003146963194012642,-0.0001302771270275116
2,0.034088504,-0.0027986052,"('intelligent', 'stupid')",-0.060219824,-0.07023267,-0.013065660372376442,-0.03651563450694084,-0.0234499741345644
7,-0.032799926,-0.023446294,"('practical', 'impractical')",0.045350242,0.041509427,0.006275158375501633,0.0090315667912364,0.002756408415734768
0,0.02518398,0.020343805,"('competent', 'incompetent')",0.03510259,0.054882664,0.030143285170197487,0.03761323541402817,0.007469950243830681
3,0.018487997,0.037116323,"('able', 'unable')",0.049809396,0.0571437,0.034148696810007095,0.04713001102209091,0.012981314212083817
1,0.011748645,0.019613545,"('intelligent', 'unintelligent')",-0.030000392,-0.024963813,-0.009125873446464539,-0.0026751337572932243,0.006450739689171314
