,Trimble_male,Trimble_female,tuple,average_male,average_female,female-male
2,0.05147853,0.005771921,"('intelligent', 'stupid')",0.05147853121161461,0.005771921016275883,-0.045706610195338726
3,-0.050835475,-0.005838515,"('able', 'unable')",-0.05083547532558441,-0.005838514771312475,0.044996960554271936
7,-0.037148315,-0.035666373,"('practical', 'impractical')",-0.03714831545948982,-0.03566637262701988,0.0014819428324699402
5,-0.033783957,0.005401299,"('creative', 'uncreative')",-0.03378395736217499,0.0054012988694012165,0.039185256231576204
0,-0.033076525,-0.019364756,"('competent', 'incompetent')",-0.03307652473449707,-0.01936475560069084,0.013711769133806229
4,-0.027515046,0.02558206,"('rational', 'irrational')",-0.027515046298503876,0.02558206021785736,0.05309710651636124
1,0.026065266,0.039279595,"('intelligent', 'unintelligent')",0.026065265759825706,0.039279595017433167,0.01321432925760746
6,0.017495481,-0.027774924,"('capable', 'incapable')",0.01749548129737377,-0.027774924412369728,-0.0452704057097435
