,Truist_male,Truist_female,tuple,Financial_male,Financial_female,average_male,average_female,female-male
6,-0.06991268,-0.05544061,"('capable', 'incapable')",-0.054879494,-0.05356338,-0.0623960867524147,-0.05450199544429779,0.007894091308116913
5,-0.041448854,-0.0099732885,"('creative', 'uncreative')",-0.13608731,-0.1424287,-0.08876807987689972,-0.07620099186897278,0.012567088007926941
7,-0.025336698,-0.027613085,"('practical', 'impractical')",-0.012875622,-0.009891839,-0.01910616084933281,-0.018752461299300194,0.00035369955003261566
0,0.024769505,0.029889142,"('competent', 'incompetent')",0.007329611,0.01521931,0.01604955829679966,0.022554226219654083,0.0065046679228544235
2,0.019792784,0.0054986863,"('intelligent', 'stupid')",0.054200027,0.05260942,0.03699640557169914,0.029054053127765656,-0.007942352443933487
3,-0.0116009945,-0.020918012,"('able', 'unable')",0.05265288,0.06768411,0.020525943487882614,0.023383047431707382,0.002857103943824768
4,-0.011451411,-0.009446779,"('rational', 'irrational')",-0.05656872,-0.06376427,-0.034010063856840134,-0.03660552203655243,-0.0025954581797122955
1,0.0029297657,-0.0065630972,"('intelligent', 'unintelligent')",0.0011748647,0.003082894,0.002052315277978778,-0.0017401016084477305,-0.0037924168864265084
