,Twitter_male,Twitter_female,tuple,average_male,average_female,female-male
4,-0.13970776,-0.13820669,"('rational', 'irrational')",-0.1397077590227127,-0.13820669054985046,0.0015010684728622437
5,-0.09830069,-0.10915829,"('creative', 'uncreative')",-0.09830068796873093,-0.10915829241275787,-0.010857604444026947
6,-0.097037524,-0.09092113,"('capable', 'incapable')",-0.09703752398490906,-0.09092112630605698,0.006116397678852081
0,0.069201194,0.061677653,"('competent', 'incompetent')",0.06920119374990463,0.06167765334248543,-0.007523540407419205
3,0.044803984,0.054135468,"('able', 'unable')",0.044803984463214874,0.05413546785712242,0.009331483393907547
1,0.032899328,0.032792218,"('intelligent', 'unintelligent')",0.03289932757616043,0.032792218029499054,-0.00010710954666137695
7,0.012435293,-0.004676149,"('practical', 'impractical')",0.012435292825102806,-0.0046761492267251015,-0.017111442051827908
2,-0.010395954,-0.014821524,"('intelligent', 'stupid')",-0.010395954363048077,-0.014821523800492287,-0.00442556943744421
