,Tyler_male,Tyler_female,tuple,Technologies_male,Technologies_female,average_male,average_female,female-male
5,-0.10524991,-0.13835672,"('creative', 'uncreative')",-0.055901635,-0.041397434,-0.08057577162981033,-0.08987707644701004,-0.009301304817199707
4,-0.07044113,-0.04828628,"('rational', 'irrational')",-0.048406024,-0.06244943,-0.059423573315143585,-0.055367857217788696,0.004055716097354889
2,0.047675077,0.041809678,"('intelligent', 'stupid')",-0.060219824,-0.07023267,-0.006272373721003532,-0.014211494475603104,-0.007939120754599571
3,0.042996082,0.050636232,"('able', 'unable')",0.049809396,0.0571437,0.046402737498283386,0.05388996750116348,0.0074872300028800964
7,-0.039627846,-0.033682153,"('practical', 'impractical')",0.045350242,0.041509427,0.0028611980378627777,0.00391363725066185,0.0010524392127990723
0,0.01774581,0.016403968,"('competent', 'incompetent')",0.03510259,0.054882664,0.02642419934272766,0.0356433168053627,0.00921911746263504
6,-0.00677752,-0.018712657,"('capable', 'incapable')",-0.058701407,-0.061793387,-0.032739464193582535,-0.04025302082300186,-0.007513556629419327
1,0.0023575206,-0.0016804719,"('intelligent', 'unintelligent')",-0.030000392,-0.024963813,-0.0138214360922575,-0.013322142884135246,0.0004992932081222534
