,Tyson_male,Tyson_female,tuple,Foods_male,Foods_female,average_male,average_female,female-male
5,-0.13382995,-0.16463056,"('creative', 'uncreative')",-0.04533239,-0.035517674,-0.08958116918802261,-0.10007411986589432,-0.010492950677871704
3,0.11770041,0.110306434,"('able', 'unable')",0.03826741,0.040949687,0.07798391580581665,0.07562805712223053,-0.0023558586835861206
6,-0.040271007,-0.04758777,"('capable', 'incapable')",-0.11080012,-0.10729506,-0.07553556561470032,-0.07744141668081284,-0.0019058510661125183
2,0.030330013,0.020498484,"('intelligent', 'stupid')",-0.008729932,-0.022246247,0.010800041258335114,-0.0008738813921809196,-0.011673922650516033
7,0.029403744,0.033548713,"('practical', 'impractical')",0.0018602948,-0.0019649905,0.01563202030956745,0.015791861340403557,0.00015984103083610535
0,-0.028132109,-0.020187458,"('competent', 'incompetent')",-0.039036497,-0.03737347,-0.03358430415391922,-0.028780464082956314,0.004803840070962906
1,0.0232791,0.025301615,"('intelligent', 'unintelligent')",-0.004192687,0.0024359964,0.009543206542730331,0.013868805952370167,0.004325599409639835
4,-0.0059052524,0.003558401,"('rational', 'irrational')",0.058660302,0.056349035,0.026377525180578232,0.029953718185424805,0.003576193004846573
