,U.S._male,U.S._female,tuple,Bancorp_male,Bancorp_female,average_male,average_female,female-male
0,0.08310965,0.06621481,"('competent', 'incompetent')",0.07772927,0.07863354,0.08041945844888687,0.07242417335510254,-0.007995285093784332
5,-0.06138746,-0.059614737,"('creative', 'uncreative')",-0.15264937,-0.16359964,-0.10701841861009598,-0.11160718649625778,-0.004588767886161804
2,-0.055075426,-0.057613574,"('intelligent', 'stupid')",0.06840645,0.06624419,0.006665511056780815,0.004315309226512909,-0.002350201830267906
7,-0.053512882,-0.04355208,"('practical', 'impractical')",-0.020163871,-0.024671437,-0.03683837503194809,-0.03411175683140755,0.0027266182005405426
4,0.03171355,0.029106136,"('rational', 'irrational')",-0.033291183,-0.029435191,-0.0007888171821832657,-0.00016452744603157043,0.0006242897361516953
6,-0.021517387,-0.011959613,"('capable', 'incapable')",-0.05399143,-0.041650724,-0.03775440901517868,-0.026805168017745018,0.010949240997433662
3,-0.011338289,-0.0027257516,"('able', 'unable')",-0.02428069,-0.025027364,-0.017809489741921425,-0.013876558281481266,0.003932931460440159
1,-0.0057048053,-0.001687858,"('intelligent', 'unintelligent')",0.015860751,0.0077833273,0.005077973008155823,0.003047734498977661,-0.0020302385091781616
