,UDR_male,UDR_female,tuple,average_male,average_female,female-male
5,-0.07658906,-0.066519514,"('creative', 'uncreative')",-0.07658906280994415,-0.06651951372623444,0.010069549083709717
6,-0.07182109,-0.06890053,"('capable', 'incapable')",-0.07182109355926514,-0.06890053302049637,0.0029205605387687683
2,0.046495207,0.041823123,"('intelligent', 'stupid')",0.04649520665407181,0.0418231226503849,-0.004672084003686905
0,0.03843964,0.039296508,"('competent', 'incompetent')",0.038439638912677765,0.039296507835388184,0.0008568689227104187
7,-0.02018054,-0.029730849,"('practical', 'impractical')",-0.020180540159344673,-0.029730848968029022,-0.009550308808684349
3,0.010147421,0.018930797,"('able', 'unable')",0.010147420689463615,0.018930796533823013,0.008783375844359398
4,-0.0037844982,0.00927433,"('rational', 'irrational')",-0.0037844981998205185,0.009274329990148544,0.013058828189969063
1,0.0029892726,0.0021261345,"('intelligent', 'unintelligent')",0.0029892725870013237,0.002126134466379881,-0.0008631381206214428
