,Ulta_male,Ulta_female,tuple,Beauty_male,Beauty_female,average_male,average_female,female-male
5,-0.07035658,-0.07725325,"('creative', 'uncreative')",-0.015261332,-0.037467446,-0.042808953672647476,-0.05736035108566284,-0.014551397413015366
7,-0.060125265,-0.061369453,"('practical', 'impractical')",0.055480763,0.051759604,-0.0023222509771585464,-0.004804924130439758,-0.002482673153281212
0,0.05533293,0.058168173,"('competent', 'incompetent')",-0.12854989,-0.0961902,-0.03660847991704941,-0.019011013209819794,0.017597466707229614
6,0.055116903,0.06840551,"('capable', 'incapable')",-0.13963154,-0.15415709,-0.042257316410541534,-0.04287578910589218,-0.000618472695350647
2,-0.04256985,-0.050722215,"('intelligent', 'stupid')",-0.027248345,-0.011833642,-0.03490909934043884,-0.03127792850136757,0.003631170839071274
3,-0.036815956,-0.03265176,"('able', 'unable')",0.15904821,0.13233711,0.06111612915992737,0.049842674285173416,-0.011273454874753952
1,0.03218704,0.025411507,"('intelligent', 'unintelligent')",0.036756992,0.046670023,0.0344720184803009,0.036040764302015305,0.0015687458217144012
4,0.00020986292,0.0001872715,"('rational', 'irrational')",0.0579078,0.010919489,0.029058832675218582,0.005553380120545626,-0.023505452554672956
