,Under_male,Under_female,tuple,Armour_male,Armour_female,(Class_male,(Class_female,C)_male,C)_female,average_male,average_female,female-male
5,-0.11453942,-0.12302391,"('creative', 'uncreative')",-0.12368471,-0.09957549,0.04402673,0.018332925,-0.023490516,0.018075036,-0.05442197993397713,-0.04654785990715027,0.007874120026826859
6,-0.08548137,-0.080846384,"('capable', 'incapable')",-0.022820486,-0.033775304,-0.1314472,-0.1336964,-0.05150457,-0.059213478,-0.07281340658664703,-0.07688289135694504,-0.004069484770298004
1,0.07397728,0.06370147,"('intelligent', 'unintelligent')",0.004645199,0.007548432,0.061842702,0.07000121,0.06674457,0.07243831,0.05180243402719498,0.05342235416173935,0.0016199201345443726
3,0.07002909,0.097630955,"('able', 'unable')",0.11954741,0.15658267,0.17448343,0.19871874,0.030459715,0.044430364,0.0986299067735672,0.12434068322181702,0.025710776448249817
0,-0.026781343,-0.013507307,"('competent', 'incompetent')",-0.026635865,-0.03930966,-0.11206448,-0.10064655,-0.10370773,-0.10003078,-0.06729735434055328,-0.06337357312440872,0.003923781216144562
7,0.02583783,0.039278828,"('practical', 'impractical')",-0.04060455,-0.036578014,0.11315178,0.09748604,0.07935402,0.056123003,0.044434770941734314,0.03907746449112892,-0.0053573064506053925
2,-0.024648111,-0.045892145,"('intelligent', 'stupid')",-0.03435921,-0.043065928,-0.041183397,-0.0369232,0.0014192748,0.0034100767,-0.02469285950064659,-0.03061779774725437,-0.0059249382466077805
4,0.012145036,0.023068473,"('rational', 'irrational')",-0.023994181,-0.01773443,0.016083097,0.008118572,0.023837721,0.020028595,0.0070179179310798645,0.008370302617549896,0.0013523846864700317
