,Under_male,Under_female,tuple,Armour_male,Armour_female,(Class_male,(Class_female,A)_male,A)_female,average_male,average_female,female-male
5,-0.11453942,-0.12302391,"('creative', 'uncreative')",-0.12368471,-0.09957549,0.04402673,0.018332925,-0.035963476,-0.040092994,-0.05754021927714348,-0.06108986586332321,-0.0035496465861797333
6,-0.08548137,-0.080846384,"('capable', 'incapable')",-0.022820486,-0.033775304,-0.1314472,-0.1336964,-0.11728098,-0.10834561,-0.08925750851631165,-0.08916592597961426,9.15825366973877e-05
1,0.07397728,0.06370147,"('intelligent', 'unintelligent')",0.004645199,0.007548432,0.061842702,0.07000121,0.12534745,0.12241906,0.06645315885543823,0.06591754406690598,-0.0005356147885322571
3,0.07002909,0.097630955,"('able', 'unable')",0.11954741,0.15658267,0.17448343,0.19871874,0.065938644,0.082216226,0.10749964416027069,0.133787140250206,0.026287496089935303
0,-0.026781343,-0.013507307,"('competent', 'incompetent')",-0.026635865,-0.03930966,-0.11206448,-0.10064655,-0.09084427,-0.09227567,-0.06408149003982544,-0.0614347979426384,0.0026466920971870422
7,0.02583783,0.039278828,"('practical', 'impractical')",-0.04060455,-0.036578014,0.11315178,0.09748604,0.0029052966,0.00568902,0.02532258816063404,0.026468968018889427,0.0011463798582553864
2,-0.024648111,-0.045892145,"('intelligent', 'stupid')",-0.03435921,-0.043065928,-0.041183397,-0.0369232,-0.012446848,-0.017661806,-0.02815939113497734,-0.0358857698738575,-0.0077263787388801575
4,0.012145036,0.023068473,"('rational', 'irrational')",-0.023994181,-0.01773443,0.016083097,0.008118572,0.06515643,0.033136457,0.01734759472310543,0.011647267267107964,-0.005700327455997467
