,Union_male,Union_female,tuple,Pacific_male,Pacific_female,average_male,average_female,female-male
6,-0.10431975,-0.08862622,"('capable', 'incapable')",-0.0582774,-0.054021955,-0.0812985748052597,-0.07132408767938614,0.009974487125873566
5,-0.059973728,-0.073029,"('creative', 'uncreative')",-0.10163998,-0.10382021,-0.08080685138702393,-0.08842460811138153,-0.007617756724357605
1,0.05030146,0.053241327,"('intelligent', 'unintelligent')",-0.012194562,-0.0029192683,0.019053447991609573,0.025161029770970345,0.006107581779360771
4,0.03137478,0.0367981,"('rational', 'irrational')",-0.008457583,-0.0077433414,0.01145859807729721,0.014527379535138607,0.0030687814578413963
0,0.027259586,0.030064402,"('competent', 'incompetent')",0.03630892,0.046361495,0.03178425133228302,0.03821294754743576,0.0064286962151527405
7,-0.026257955,-0.02362657,"('practical', 'impractical')",-0.042554803,-0.045761295,-0.034406378865242004,-0.03469393402338028,-0.00028755515813827515
3,0.02280183,0.026788704,"('able', 'unable')",0.08191378,0.08119984,0.05235780403017998,0.05399427190423012,0.0016364678740501404
2,0.012241656,0.002404929,"('intelligent', 'stupid')",0.0311826,0.01531128,0.021712128072977066,0.00885810423642397,-0.012854023836553097
