,United_male,United_female,tuple,Rentals_male,Rentals_female,average_male,average_female,female-male
6,-0.06995679,-0.07577601,"('capable', 'incapable')",-0.07301204,-0.06715614,-0.07148441672325134,-0.07146607339382172,1.8343329429626465e-05
3,0.053505324,0.07970231,"('able', 'unable')",0.0032598462,0.02128464,0.02838258445262909,0.050493475049734116,0.022110890597105026
5,-0.042944916,-0.086480476,"('creative', 'uncreative')",-0.07676518,-0.079546064,-0.05985504761338234,-0.08301326632499695,-0.02315821871161461
4,-0.041761614,0.008593933,"('rational', 'irrational')",-0.019731693,-0.020414807,-0.03074665367603302,-0.00591043708845973,0.02483621658757329
7,0.016635714,0.023695732,"('practical', 'impractical')",0.009064642,-0.0020529104,0.01285017840564251,0.010821410454809666,-0.0020287679508328438
0,0.015162031,0.02437578,"('competent', 'incompetent')",-0.04392719,-0.038020268,-0.014382578432559967,-0.006822244264185429,0.007560334168374538
1,-0.009084418,0.00067762745,"('intelligent', 'unintelligent')",0.065428264,0.06556612,0.028171923011541367,0.033121876418590546,0.004949953407049179
2,0.004376796,-0.008551405,"('intelligent', 'stupid')",0.0770857,0.051205102,0.04073125123977661,0.02132684923708439,-0.019404402002692223
