,United_male,United_female,tuple,Parcel_male,Parcel_female,Service_male,Service_female,average_male,average_female,female-male
6,-0.06995679,-0.07577601,"('capable', 'incapable')",-0.18651262,-0.18594861,-0.14453942,-0.14338623,-0.13366960485776266,-0.13503694534301758,-0.0013673404852549143
3,0.053505324,0.07970231,"('able', 'unable')",0.14476514,0.15198034,0.06911915,0.079287626,0.08912987510363261,0.10365675886472066,0.014526883761088044
5,-0.042944916,-0.086480476,"('creative', 'uncreative')",-0.053802468,-0.041622095,-0.014633698,-0.004357934,-0.037127027908960976,-0.04415350159009298,-0.007026473681132003
4,-0.041761614,0.008593933,"('rational', 'irrational')",0.0622572,0.054989252,0.048375845,0.038643952,0.02295714368422826,0.034075712164243065,0.011118568480014804
7,0.016635714,0.023695732,"('practical', 'impractical')",0.13692278,0.12875448,-0.0057612984,0.0051887254,0.04926573236783346,0.05254631241162618,0.0032805800437927246
0,0.015162031,0.02437578,"('competent', 'incompetent')",-0.11904649,-0.098189205,-0.099455416,-0.097052395,-0.06777995824813843,-0.056955272952715554,0.010824685295422874
1,-0.009084418,0.00067762745,"('intelligent', 'unintelligent')",0.028646298,0.037090942,0.0586153,0.06627942,0.026059061288833618,0.034682661294937134,0.008623600006103516
2,0.004376796,-0.008551405,"('intelligent', 'stupid')",0.05301486,0.040135745,0.00569689,-0.01165756,0.021029514571030933,0.006642260278264682,-0.01438725429276625
