,UnitedHealth_male,UnitedHealth_female,tuple,Group_male,Group_female,average_male,average_female,female-male
7,-0.17756672,-0.17501605,"('practical', 'impractical')",0.07082706,0.06171128,-0.053369831293821335,-0.056652382016181946,-0.003282550722360611
0,0.15097883,0.12942925,"('competent', 'incompetent')",-0.018240994,-0.013088708,0.06636892259120941,0.058170270174741745,-0.008198652416467667
4,0.051553622,0.058199473,"('rational', 'irrational')",0.003967365,-0.004109691,0.027760492637753487,0.027044890448451042,-0.0007156021893024445
6,-0.03986871,-0.043352913,"('capable', 'incapable')",-0.1054052,-0.10317491,-0.07263695448637009,-0.07326391339302063,-0.0006269589066505432
3,0.036002632,0.04588714,"('able', 'unable')",0.07223469,0.08965085,0.05411866307258606,0.06776899099349976,0.013650327920913696
5,-0.022884129,-0.021023186,"('creative', 'uncreative')",-0.045939427,-0.050667785,-0.034411776810884476,-0.03584548458456993,-0.0014337077736854553
2,0.009364403,0.00074815017,"('intelligent', 'stupid')",0.006392564,0.0035066525,0.007878483273088932,0.0021274012979120016,-0.00575108197517693
1,-0.0021780177,-0.004959102,"('intelligent', 'unintelligent')",0.021084711,0.026755482,0.009453346952795982,0.01089818961918354,0.001444842666387558
