,United_male,United_female,tuple,Airlines_male,Airlines_female,average_male,average_female,female-male
6,-0.06995679,-0.07577601,"('capable', 'incapable')",-0.06931506,-0.071424104,-0.06963592767715454,-0.07360005378723145,-0.003964126110076904
3,0.053505324,0.07970231,"('able', 'unable')",0.017097525,0.024926906,0.03530142456293106,0.05231460928916931,0.01701318472623825
5,-0.042944916,-0.086480476,"('creative', 'uncreative')",-0.03076258,-0.037774235,-0.03685374557971954,-0.062127355486154556,-0.025273609906435013
4,-0.041761614,0.008593933,"('rational', 'irrational')",-0.026189182,-0.023825536,-0.033975400030612946,-0.0076158014126122,0.026359598618000746
7,0.016635714,0.023695732,"('practical', 'impractical')",0.032122914,0.023513313,0.024379312992095947,0.02360452339053154,-0.0007747896015644073
0,0.015162031,0.02437578,"('competent', 'incompetent')",0.024403404,0.028779866,0.019782718271017075,0.026577822864055634,0.006795104593038559
1,-0.009084418,0.00067762745,"('intelligent', 'unintelligent')",0.025789605,0.031607773,0.008352593518793583,0.016142699867486954,0.007790106348693371
2,0.004376796,-0.008551405,"('intelligent', 'stupid')",-0.025667215,-0.026146011,-0.01064520888030529,-0.01734870858490467,-0.0067034997045993805
