,Universal_male,Universal_female,tuple,Health_male,Health_female,Services_male,Services_female,average_male,average_female,female-male
5,-0.12843733,-0.11282796,"('creative', 'uncreative')",0.015489037,0.012640493,-0.006061723,-0.013786001,-0.039670005440711975,-0.03799115618069967,0.0016788492600123064
0,0.07655977,0.06908867,"('competent', 'incompetent')",0.0042324564,-0.0005051364,-0.11489722,-0.10913509,-0.011368331809838613,-0.013517186045646667,-0.002148854235808054
2,0.057293028,0.038839128,"('intelligent', 'stupid')",-0.044926696,-0.063964,0.02319728,-0.007672766,0.011854536831378937,-0.010932547350724539,-0.022787084182103477
7,-0.05705482,-0.057597924,"('practical', 'impractical')",-0.12880506,-0.120200574,-0.011741714,-0.0031877963,-0.06586719552675883,-0.06032876173655192,0.005538433790206916
4,-0.039067313,-0.053184476,"('rational', 'irrational')",-0.014249657,0.0037049723,-0.003905393,0.005056871,-0.01907412086923917,-0.014807544648647308,0.004266576220591862
6,-0.035807803,-0.024548408,"('capable', 'incapable')",-0.07099335,-0.07140867,-0.11026695,-0.11131189,-0.0723560353120168,-0.06908965110778809,0.0032663842042287144
1,0.012128349,0.0074515454,"('intelligent', 'unintelligent')",0.017156268,0.0145699885,0.08487477,0.0886893,0.03805313011010488,0.03690360983212789,-0.0011495202779769897
3,0.0034638483,0.013075619,"('able', 'unable')",0.06018505,0.07193597,0.038890615,0.058799874,0.03417983651161194,0.04793715476989746,0.013757318258285522
