,Valero_male,Valero_female,tuple,Energy_male,Energy_female,average_male,average_female,female-male
0,0.057532005,0.0688074,"('competent', 'incompetent')",0.039062213,0.042480562,0.048297107219696045,0.05564398318529129,0.007346875965595245
5,-0.032229707,-0.034978233,"('creative', 'uncreative')",-0.005074311,-0.02356725,-0.01865200884640217,-0.029272742569446564,-0.010620733723044395
7,-0.030290117,-0.03042754,"('practical', 'impractical')",-0.03488957,-0.029364854,-0.03258984535932541,-0.029896195977926254,0.0026936493813991547
2,0.020803224,0.004523036,"('intelligent', 'stupid')",-0.065077595,-0.07664522,-0.02213718555867672,-0.03606108948588371,-0.013923903927206993
1,-0.013462566,-0.017681623,"('intelligent', 'unintelligent')",0.0046072626,0.010602739,-0.00442765187472105,-0.0035394420847296715,0.0008882097899913788
4,0.006154983,0.031441048,"('rational', 'irrational')",-0.05856218,-0.055049308,-0.026203596964478493,-0.011804129928350449,0.014399467036128044
6,0.004046902,0.009216603,"('capable', 'incapable')",-0.06564437,-0.06611495,-0.030798733234405518,-0.028449172154068947,0.0023495610803365707
3,-0.003082742,-0.015993565,"('able', 'unable')",0.03048999,0.053108077,0.013703623786568642,0.01855725608766079,0.004853632301092148
