,Ventas_male,Ventas_female,tuple,average_male,average_female,female-male
5,-0.10131759,-0.06443752,"('creative', 'uncreative')",-0.10131759196519852,-0.06443752348423004,0.036880068480968475
0,0.057934392,0.050866727,"('competent', 'incompetent')",0.057934392243623734,0.05086672678589821,-0.007067665457725525
2,0.033142664,0.009016756,"('intelligent', 'stupid')",0.03314266353845596,0.00901675596833229,-0.024125907570123672
7,-0.03201178,-0.03126161,"('practical', 'impractical')",-0.03201178088784218,-0.031261611729860306,0.0007501691579818726
6,-0.031303503,-0.047769766,"('capable', 'incapable')",-0.03130350261926651,-0.04776976630091667,-0.016466263681650162
1,0.022865806,0.023427678,"('intelligent', 'unintelligent')",0.02286580577492714,0.023427678272128105,0.0005618724972009659
4,-0.0038011551,0.021330835,"('rational', 'irrational')",-0.00380115513689816,0.021330835297703743,0.025131990434601903
3,-0.0032180338,0.018876297,"('able', 'unable')",-0.003218033816665411,0.018876297399401665,0.022094331216067076
