,Verisign_male,Verisign_female,tuple,average_male,average_female,female-male
7,-0.101038,-0.092070654,"('practical', 'impractical')",-0.10103800147771835,-0.09207065403461456,0.00896734744310379
5,-0.07085106,-0.043337435,"('creative', 'uncreative')",-0.07085105776786804,-0.04333743453025818,0.027513623237609863
0,0.06362369,0.06043219,"('competent', 'incompetent')",0.06362368911504745,0.06043218821287155,-0.0031915009021759033
3,-0.06234382,-0.028772129,"('able', 'unable')",-0.06234382092952728,-0.028772128745913506,0.03357169218361378
4,-0.059681498,-0.06724342,"('rational', 'irrational')",-0.059681497514247894,-0.06724341958761215,-0.007561922073364258
2,0.0338004,0.024310987,"('intelligent', 'stupid')",0.0338004007935524,0.024310987442731857,-0.009489413350820541
6,0.029626427,0.004489134,"('capable', 'incapable')",0.029626427218317986,0.004489134065806866,-0.02513729315251112
1,0.009014939,0.0075717713,"('intelligent', 'unintelligent')",0.009014938957989216,0.007571771275252104,-0.001443167682737112
