,Verizon_male,Verizon_female,tuple,Communications_male,Communications_female,average_male,average_female,female-male
7,-0.14714329,-0.14368542,"('practical', 'impractical')",-0.025714993,-0.024181763,-0.08642914146184921,-0.08393359184265137,0.0024955496191978455
0,0.124683306,0.12557651,"('competent', 'incompetent')",0.028339325,0.041229077,0.07651131600141525,0.08340279757976532,0.006891481578350067
6,0.083137356,0.07721414,"('capable', 'incapable')",-0.07555654,-0.08008461,0.0037904083728790283,-0.0014352351427078247,-0.005225643515586853
5,-0.07410821,-0.074153215,"('creative', 'uncreative')",-0.016136155,0.002500625,-0.0451221838593483,-0.035826295614242554,0.009295888245105743
4,-0.070755534,-0.056253728,"('rational', 'irrational')",-0.100206435,-0.119269975,-0.08548098802566528,-0.08776184916496277,-0.0022808611392974854
1,-0.055678543,-0.052001446,"('intelligent', 'unintelligent')",0.02819516,0.047293775,-0.01374169159680605,-0.002353835850954056,0.011387855745851994
2,-0.013758512,-0.02007964,"('intelligent', 'stupid')",0.006485463,-0.006142031,-0.003636524546891451,-0.013110836036503315,-0.009474311489611864
3,-0.0001687559,0.008345196,"('able', 'unable')",-0.016777921,-0.018790819,-0.008473338559269905,-0.005222811363637447,0.0032505271956324577
