,Verisk_male,Verisk_female,tuple,Analytics_male,Analytics_female,average_male,average_female,female-male
5,-0.08251225,-0.06616254,"('creative', 'uncreative')",-0.09977904,-0.08870543,-0.09114564955234528,-0.0774339884519577,0.013711661100387573
0,0.07139368,0.06447105,"('competent', 'incompetent')",0.03628544,0.023178302,0.05383956432342529,0.04382467642426491,-0.010014887899160385
7,-0.055351373,-0.060647927,"('practical', 'impractical')",0.041797765,0.040921725,-0.006776804104447365,-0.009863100945949554,-0.0030862968415021896
6,-0.018666346,-0.021682762,"('capable', 'incapable')",-0.048919436,-0.0422276,-0.0337928906083107,-0.031955182552337646,0.001837708055973053
2,0.012142527,-8.544651e-05,"('intelligent', 'stupid')",-0.04468042,-0.05004152,-0.01626894623041153,-0.02506348304450512,-0.00879453681409359
4,-0.010328574,0.0031043666,"('rational', 'irrational')",-0.011516432,-0.024122713,-0.010922502726316452,-0.010509173385798931,0.0004133293405175209
1,0.004334361,-0.0017463572,"('intelligent', 'unintelligent')",-0.012632563,-0.012229603,-0.0041491007432341576,-0.006987980101257563,-0.002838879358023405
3,0.0013277056,0.017183976,"('able', 'unable')",0.034309145,0.040629707,0.017818424850702286,0.028906840831041336,0.01108841598033905
