,Vertex_male,Vertex_female,tuple,Pharmaceuticals_male,Pharmaceuticals_female,average_male,average_female,female-male
3,-0.096884474,0.022233516,"('able', 'unable')",0.018466895,0.028070249,-0.0392087884247303,0.02515188232064247,0.06436067074537277
5,-0.09347169,-0.10258684,"('creative', 'uncreative')",-0.06806732,-0.0697973,-0.08076950907707214,-0.0861920714378357,-0.00542256236076355
4,-0.083829954,-0.058983993,"('rational', 'irrational')",0.045100138,0.04282531,-0.01936490833759308,-0.008079340681433678,0.011285567656159401
0,0.07886194,0.0674597,"('competent', 'incompetent')",-0.005979182,0.004956756,0.0364413782954216,0.03620822727680206,-0.00023315101861953735
2,0.02592023,-0.016433666,"('intelligent', 'stupid')",-0.033291664,-0.03146321,-0.003685716539621353,-0.023948438465595245,-0.020262721925973892
1,-0.015139074,-0.00417581,"('intelligent', 'unintelligent')",-0.0067602787,-0.007117711,-0.010949676856398582,-0.0056467605754733086,0.005302916280925274
6,-0.005284468,-0.009814187,"('capable', 'incapable')",-0.067542925,-0.05658509,-0.03641369566321373,-0.03319963812828064,0.00321405753493309
7,-0.0018524321,0.012552831,"('practical', 'impractical')",0.065341555,0.048761226,0.03174456208944321,0.030657028779387474,-0.0010875333100557327
