,VF_male,VF_female,tuple,Corporation_male,Corporation_female,average_male,average_female,female-male
5,-0.14759314,-0.13922316,"('creative', 'uncreative')",-0.08197817,-0.07486644,-0.11478565633296967,-0.10704480111598969,0.0077408552169799805
7,-0.05426856,-0.06151791,"('practical', 'impractical')",0.058297187,0.0635866,0.002014312893152237,0.0010343454778194427,-0.0009799674153327942
3,-0.051400576,-0.029962143,"('able', 'unable')",0.02245296,0.04172615,-0.014473807998001575,0.005882003344595432,0.020355811342597008
2,0.04964903,0.045671128,"('intelligent', 'stupid')",0.013934675,-0.0056333407,0.03179185092449188,0.020018894225358963,-0.01177295669913292
1,0.028873602,0.027379235,"('intelligent', 'unintelligent')",0.025585327,0.033832077,0.027229465544223785,0.030605655163526535,0.0033761896193027496
6,-0.024728088,-0.014104955,"('capable', 'incapable')",-0.08914686,-0.09466634,-0.05693747475743294,-0.05438564717769623,0.0025518275797367096
0,0.022109522,0.022949275,"('competent', 'incompetent')",-0.0069387513,0.00029346623,0.0075853848829865456,0.011621369980275631,0.004035985097289085
4,0.0014334188,0.006989624,"('rational', 'irrational')",-0.006659922,-0.005100324,-0.0026132515631616116,0.0009446500334888697,0.0035579015966504812
