,ViacomCBS_male,ViacomCBS_female,tuple,average_male,average_female,female-male
6,-0.05164584,-0.049359165,"('capable', 'incapable')",-0.05164584144949913,-0.049359165132045746,0.0022866763174533844
1,-0.040949408,-0.03647265,"('intelligent', 'unintelligent')",-0.04094940796494484,-0.03647264838218689,0.00447675958275795
2,0.03284515,0.018529465,"('intelligent', 'stupid')",0.0328451506793499,0.018529465422034264,-0.014315685257315636
7,-0.029526057,-0.038701832,"('practical', 'impractical')",-0.029526056721806526,-0.03870183229446411,-0.009175775572657585
0,0.028588638,0.033073913,"('competent', 'incompetent')",0.028588637709617615,0.03307391330599785,0.004485275596380234
5,-0.02469321,-0.02447841,"('creative', 'uncreative')",-0.024693209677934647,-0.024478409439325333,0.00021480023860931396
4,-0.0053319326,0.003260293,"('rational', 'irrational')",-0.005331932567059994,0.0032602930441498756,0.00859222561120987
3,-0.0011662062,0.015234994,"('able', 'unable')",-0.0011662062024697661,0.015234993770718575,0.01640119997318834
