,Viatris_male,Viatris_female,tuple,average_male,average_female,female-male
5,-0.10339994,-0.073433734,"('creative', 'uncreative')",-0.10339993983507156,-0.07343373447656631,0.02996620535850525
7,-0.0850754,-0.05734187,"('practical', 'impractical')",-0.08507540076971054,-0.05734186992049217,0.02773353084921837
0,0.042852763,0.025646405,"('competent', 'incompetent')",0.04285276308655739,0.025646405294537544,-0.017206357792019844
1,0.035112437,0.037339825,"('intelligent', 'unintelligent')",0.03511243686079979,0.03733982518315315,0.002227388322353363
6,0.030423267,0.005260731,"('capable', 'incapable')",0.03042326681315899,0.005260731093585491,-0.025162535719573498
4,-0.024300363,0.0013178339,"('rational', 'irrational')",-0.024300362914800644,0.0013178338995203376,0.02561819681432098
2,0.010257734,-0.017510109,"('intelligent', 'stupid')",0.01025773398578167,-0.017510108649730682,-0.027767842635512352
3,-0.004659672,0.014860158,"('able', 'unable')",-0.004659671802073717,0.01486015785485506,0.019519829656928778
