,Visa_male,Visa_female,tuple,average_male,average_female,female-male
5,-0.09478481,-0.09230544,"('creative', 'uncreative')",-0.09478481113910675,-0.09230543673038483,0.002479374408721924
7,-0.071219474,-0.07172805,"('practical', 'impractical')",-0.07121947407722473,-0.07172805070877075,-0.0005085766315460205
2,0.058624707,0.055091336,"('intelligent', 'stupid')",0.05862470716238022,0.055091336369514465,-0.003533370792865753
4,-0.04801705,-0.0348522,"('rational', 'irrational')",-0.048017051070928574,-0.034852199256420135,0.013164851814508438
0,0.044222865,0.0423708,"('competent', 'incompetent')",0.044222865253686905,0.04237079992890358,-0.0018520653247833252
3,-0.031821042,-0.02756432,"('able', 'unable')",-0.03182104229927063,-0.02756432071328163,0.004256721585988998
6,0.0076024737,0.0070344736,"('capable', 'incapable')",0.007602473720908165,0.0070344735868275166,-0.0005680001340806484
1,-0.0010326979,-0.0022833364,"('intelligent', 'unintelligent')",-0.0010326978517696261,-0.0022833363618701696,-0.0012506385101005435
