,Vornado_male,Vornado_female,tuple,Realty_male,Realty_female,Trust_male,Trust_female,average_male,average_female,female-male
5,-0.06334714,-0.031954743,"('creative', 'uncreative')",-0.108653076,-0.106147446,-0.02192124,-0.041660763,-0.06464048226674397,-0.05992098649342855,0.004719495773315423
6,-0.04189593,-0.05925846,"('capable', 'incapable')",-0.07620914,-0.06434299,-0.1105964,-0.09390199,-0.07623382409413655,-0.07250114778677623,0.003732676307360322
4,0.040962897,0.061088108,"('rational', 'irrational')",0.02181944,0.01759541,-0.019425986,-0.013134194,0.014452117184797922,0.021849773824214935,0.007397656639417013
7,-0.03921822,-0.026247784,"('practical', 'impractical')",-0.039317068,-0.050735347,-0.0068705706,0.0014532756,-0.028468618790308636,-0.02517661948998769,0.0032919993003209455
2,0.038701016,0.011059878,"('intelligent', 'stupid')",0.08057999,0.07230626,-0.025893396,-0.040751908,0.031129203736782074,0.01420474424958229,-0.016924459487199783
0,0.01438291,0.016759094,"('competent', 'incompetent')",0.048141032,0.06518263,-0.0057503134,-0.005969198,0.018924544254938763,0.025324175755182903,0.006399631500244141
1,-0.012969811,-0.0039492534,"('intelligent', 'unintelligent')",-0.008170877,-0.011758192,0.03046172,0.027639596,0.003107010697325071,0.003977383176485698,0.0008703724791606269
3,0.010453687,0.021134997,"('able', 'unable')",0.0037134718,0.001067681,0.10887621,0.123291165,0.041014457742373146,0.048497945070266724,0.007483487327893577
