,Vulcan_male,Vulcan_female,tuple,Materials_male,Materials_female,average_male,average_female,female-male
5,-0.086462125,-0.07490645,"('creative', 'uncreative')",0.05070476,0.07814936,-0.017878683283925056,0.0016214549541473389,0.019500138238072395
6,-0.0642426,-0.060285795,"('capable', 'incapable')",-0.10427107,-0.10915026,-0.08425683528184891,-0.08471802622079849,-0.00046119093894958496
3,0.055999905,0.046300497,"('able', 'unable')",-0.0028133998,0.0096497,0.026593253016471863,0.02797509729862213,0.0013818442821502686
2,0.050942156,0.032398265,"('intelligent', 'stupid')",0.03115487,0.028787583,0.04104851186275482,0.03059292398393154,-0.01045558787882328
4,-0.029976709,-0.0283604,"('rational', 'irrational')",-0.049103893,-0.063611165,-0.03954030200839043,-0.04598578065633774,-0.006445478647947311
1,0.010250002,0.0169417,"('intelligent', 'unintelligent')",0.019534366,0.029206105,0.014892184175550938,0.02307390235364437,0.008181718178093433
7,-0.0043618237,-0.002272566,"('practical', 'impractical')",0.048187163,0.041006528,0.021912669762969017,0.019366981461644173,-0.0025456883013248444
0,-0.0024112598,0.009753661,"('competent', 'incompetent')",-0.031369645,-0.015695322,-0.016890453174710274,-0.002970830537378788,0.013919622637331486
