,W._male,W._female,tuple,R._male,R._female,Berkley_male,Berkley_female,Corporation_male,Corporation_female,average_male,average_female,female-male
3,0.10276199,0.10806541,"('able', 'unable')",0.05563592,0.071816295,0.018769871,0.030446934,0.02245296,0.04172615,0.049905188381671906,0.06301369518041611,0.013108506798744202
0,-0.10015885,-0.0871152,"('competent', 'incompetent')",-0.05583305,-0.07943086,0.052262735,0.06708874,-0.0069387513,0.00029346623,-0.027666976675391197,-0.024790965020656586,0.0028760116547346115
1,0.070944384,0.065837726,"('intelligent', 'unintelligent')",0.059316345,0.05623768,-0.008086924,-0.0072825328,0.025585327,0.033832077,0.03693978488445282,0.03715623915195465,0.00021645426750183105
2,-0.05840822,-0.06750611,"('intelligent', 'stupid')",0.003037252,-0.009359054,0.014532558,0.0005560249,0.013934675,-0.0056333407,-0.006725933402776718,-0.020485620945692062,-0.013759687542915344
7,0.055346638,0.053908184,"('practical', 'impractical')",-0.0013951113,0.02161219,-0.09666658,-0.103695616,0.058297187,0.0635866,0.0038955332711338997,0.008852839469909668,0.004957306198775768
6,-0.041397568,-0.03886156,"('capable', 'incapable')",-0.077948116,-0.08040328,0.08405925,0.0796387,-0.08914686,-0.09466634,-0.031108321622014046,-0.03357312083244324,-0.0024647992104291916
4,-0.026299078,-0.044473745,"('rational', 'irrational')",0.0059764325,-0.001771583,-0.011957722,-0.005922476,-0.006659922,-0.005100324,-0.009735072031617165,-0.01431703194975853,-0.004581959918141365
5,-0.008191127,-0.010486363,"('creative', 'uncreative')",-0.02436976,-0.011912751,-0.08562653,-0.092681035,-0.08197817,-0.07486644,-0.05004139617085457,-0.047486647963523865,0.0025547482073307037
