,W._male,W._female,tuple,Grainger_male,Grainger_female,average_male,average_female,female-male
3,0.10276199,0.10806541,"('able', 'unable')",0.02958995,0.030707167,0.06617596745491028,0.06938628852367401,0.003210321068763733
0,-0.10015885,-0.0871152,"('competent', 'incompetent')",-0.010648366,-0.010776592,-0.05540360510349274,-0.048945896327495575,0.006457708775997162
1,0.070944384,0.065837726,"('intelligent', 'unintelligent')",0.01762766,0.011468733,0.04428602010011673,0.03865322843194008,-0.005632791668176651
2,-0.05840822,-0.06750611,"('intelligent', 'stupid')",0.053235974,0.04241481,-0.00258612260222435,-0.012545650824904442,-0.009959528222680092
7,0.055346638,0.053908184,"('practical', 'impractical')",-0.08483952,-0.07150753,-0.014746442437171936,-0.00879967212677002,0.0059467703104019165
6,-0.041397568,-0.03886156,"('capable', 'incapable')",-0.002019283,-0.009095982,-0.021708425134420395,-0.02397877164185047,-0.0022703465074300766
4,-0.026299078,-0.044473745,"('rational', 'irrational')",0.018381333,0.025897661,-0.003958872519433498,-0.009288041852414608,-0.00532916933298111
5,-0.008191127,-0.010486363,"('creative', 'uncreative')",-0.06999404,-0.07411916,-0.03909258544445038,-0.04230276122689247,-0.003210175782442093
