,Wabtec_male,Wabtec_female,tuple,average_male,average_female,female-male
3,-0.04577609,-0.039381366,"('able', 'unable')",-0.045776091516017914,-0.03938136622309685,0.006394725292921066
0,0.038042456,0.0407179,"('competent', 'incompetent')",0.03804245591163635,0.040717899799346924,0.0026754438877105713
6,-0.03680548,-0.04141839,"('capable', 'incapable')",-0.03680548071861267,-0.04141838848590851,-0.004612907767295837
5,-0.031239903,-0.00062909763,"('creative', 'uncreative')",-0.03123990260064602,-0.0006290976307354867,0.030610804969910532
4,0.030777058,0.028352708,"('rational', 'irrational')",0.030777057632803917,0.028352707624435425,-0.002424350008368492
2,0.019071445,0.00050832285,"('intelligent', 'stupid')",0.019071444869041443,0.0005083228461444378,-0.018563122022897005
1,-0.009261606,-0.015659383,"('intelligent', 'unintelligent')",-0.009261606261134148,-0.015659382566809654,-0.006397776305675507
7,-0.0007527227,-0.003134306,"('practical', 'impractical')",-0.0007527227280661464,-0.0031343060545623302,-0.002381583326496184
