,Walgreens_male,Walgreens_female,tuple,Boots_male,Boots_female,Alliance_male,Alliance_female,average_male,average_female,female-male
5,-0.083093494,-0.08140364,"('creative', 'uncreative')",-0.04188461,-0.036887605,-0.11820502,-0.1455185,-0.0810610403617223,-0.08793658018112183,-0.00687553981939952
7,-0.04880548,-0.04431462,"('practical', 'impractical')",-0.051181667,-0.035965305,-0.00049965264,0.0045034406,-0.03349560002485911,-0.025258826712767284,0.008236773312091824
0,0.034434095,0.04964837,"('competent', 'incompetent')",0.016240148,-0.0037892512,0.019617185,0.019993765,0.023430476586023968,0.021950962642828625,-0.001479513943195343
3,-0.025778832,-0.022169659,"('able', 'unable')",0.03384153,0.08457262,0.063255854,0.06407002,0.02377285063266754,0.042157659928003945,0.018384809295336403
1,0.01665912,0.0123708565,"('intelligent', 'unintelligent')",0.029919853,0.019107834,0.01118211,0.015003089,0.01925369476278623,0.015493925660848618,-0.0037597691019376107
2,-0.010065053,-0.03143254,"('intelligent', 'stupid')",0.032711387,0.022727286,-0.027692012,-0.030290801,-0.0016818928221861522,-0.012998685240745544,-0.011316792418559393
4,0.009738066,0.01691533,"('rational', 'irrational')",-0.024325008,-0.0034151077,0.006812418,0.017602613,-0.002591507819791635,0.01036761204401652,0.012959119863808155
6,0.0040635555,0.0089390995,"('capable', 'incapable')",-0.05928453,-0.0748692,-0.036064073,-0.041584812,-0.03042834997177124,-0.03583830346663793,-0.005409953494866691
