,Walmart_male,Walmart_female,tuple,average_male,average_female,female-male
5,-0.09650668,-0.09763744,"('creative', 'uncreative')",-0.09650667756795883,-0.09763743728399277,-0.0011307597160339355
0,0.07205396,0.07098258,"('competent', 'incompetent')",0.07205396145582199,0.07098258286714554,-0.0010713785886764526
7,-0.05006536,-0.05426964,"('practical', 'impractical')",-0.050065360963344574,-0.054269641637802124,-0.00420428067445755
4,-0.040886797,-0.030160438,"('rational', 'irrational')",-0.04088679701089859,-0.030160438269376755,0.010726358741521835
3,0.014981525,0.026983827,"('able', 'unable')",0.014981525018811226,0.026983827352523804,0.012002302333712578
2,-0.0125927115,-0.01903421,"('intelligent', 'stupid')",-0.012592711485922337,-0.019034210592508316,-0.0064414991065859795
6,0.001793375,-0.003146026,"('capable', 'incapable')",0.0017933750059455633,-0.003146026050671935,-0.004939401056617498
1,-6.266266e-05,0.0014586042,"('intelligent', 'unintelligent')",-6.266265700105578e-05,0.0014586042379960418,0.0015212668949970976
