,Waste_male,Waste_female,tuple,Management_male,Management_female,average_male,average_female,female-male
6,-0.09346972,-0.09780824,"('capable', 'incapable')",-0.13624273,-0.13711311,-0.11485622823238373,-0.11746067553758621,-0.002604447305202484
5,0.09082009,0.128622,"('creative', 'uncreative')",-0.070006,-0.074840836,0.010407045483589172,0.026890579611063004,0.01648353412747383
7,0.06964831,0.07205713,"('practical', 'impractical')",-0.032057166,-0.039240032,0.018795572221279144,0.01640854775905609,-0.002387024462223053
2,0.051517867,0.04120626,"('intelligent', 'stupid')",0.05194671,0.04946969,0.05173228681087494,0.045337975025177,-0.006394311785697937
3,0.047278434,0.05208846,"('able', 'unable')",0.010845897,0.014026066,0.029062164947390556,0.03305726498365402,0.003995100036263466
1,0.027100476,0.032972112,"('intelligent', 'unintelligent')",0.030144008,0.030840583,0.02862224169075489,0.03190634772181511,0.003284106031060219
4,0.021150278,0.03683593,"('rational', 'irrational')",-0.068254866,-0.07602517,-0.023552294820547104,-0.019594620913267136,0.003957673907279968
0,-0.017876059,-0.004740087,"('competent', 'incompetent')",0.028774243,0.05600379,0.005449092015624046,0.025631852447986603,0.020182760432362556
