,Waters_male,Waters_female,tuple,Corporation_male,Corporation_female,average_male,average_female,female-male
5,-0.08213403,-0.07842901,"('creative', 'uncreative')",-0.08197817,-0.07486644,-0.08205610513687134,-0.07664772868156433,0.005408376455307007
7,-0.06915967,-0.053052403,"('practical', 'impractical')",0.058297187,0.0635866,-0.005431242287158966,0.005267098546028137,0.010698340833187103
6,-0.06838984,-0.08850005,"('capable', 'incapable')",-0.08914686,-0.09466634,-0.07876835018396378,-0.09158319234848022,-0.012814842164516449
2,0.049243998,0.01255304,"('intelligent', 'stupid')",0.013934675,-0.0056333407,0.031589336693286896,0.003459849627688527,-0.02812948706559837
3,0.046720643,0.056586232,"('able', 'unable')",0.02245296,0.04172615,0.03458680212497711,0.04915618896484375,0.014569386839866638
0,-0.04269829,-0.023864087,"('competent', 'incompetent')",-0.0069387513,0.00029346623,-0.02481852099299431,-0.011785310693085194,0.013033210299909115
1,0.030066496,0.028807104,"('intelligent', 'unintelligent')",0.025585327,0.033832077,0.027825910598039627,0.03131958842277527,0.0034936778247356415
4,-0.02755538,-0.006627863,"('rational', 'irrational')",-0.006659922,-0.005100324,-0.017107650637626648,-0.005864093080163002,0.011243557557463646
