,WEC_male,WEC_female,tuple,Energy_male,Energy_female,Group_male,Group_female,average_male,average_female,female-male
5,-0.100616954,-0.1024716,"('creative', 'uncreative')",-0.005074311,-0.02356725,-0.045939427,-0.050667785,-0.05054356654485067,-0.05890221397082011,-0.008358647425969437
7,-0.068685025,-0.079527535,"('practical', 'impractical')",-0.03488957,-0.029364854,0.07082706,0.06171128,-0.0109158456325531,-0.015727035701274872,-0.004811190068721771
3,-0.058899093,-0.04075047,"('able', 'unable')",0.03048999,0.053108077,0.07223469,0.08965085,0.014608529706796011,0.034002818167209625,0.019394288460413613
2,0.0586492,0.0606161,"('intelligent', 'stupid')",-0.065077595,-0.07664522,0.006392564,0.0035066525,-1.1943435917297998e-05,-0.004174155493577321,-0.004162212057660023
6,-0.036824893,-0.023748122,"('capable', 'incapable')",-0.06564437,-0.06611495,-0.1054052,-0.10317491,-0.06929148733615875,-0.0643459955851237,0.00494549175103505
0,0.03397911,0.031814214,"('competent', 'incompetent')",0.039062213,0.042480562,-0.018240994,-0.013088708,0.018266774713993073,0.02040202294786771,0.0021352482338746377
1,0.026693441,0.013537491,"('intelligent', 'unintelligent')",0.0046072626,0.010602739,0.021084711,0.026755482,0.017461805293957394,0.01696523775657018,-0.0004965675373872144
4,-0.0065773507,0.004770666,"('rational', 'irrational')",-0.05856218,-0.055049308,0.003967365,-0.004109691,-0.020390722900629044,-0.01812944437066714,0.0022612785299619027
