,Welltower_male,Welltower_female,tuple,average_male,average_female,female-male
6,-0.073112614,-0.07728406,"('capable', 'incapable')",-0.0731126144528389,-0.0772840604186058,-0.004171445965766907
2,0.044771284,0.03464545,"('intelligent', 'stupid')",0.044771283864974976,0.0346454493701458,-0.010125834494829178
5,-0.04423338,-0.057234716,"('creative', 'uncreative')",-0.04423338174819946,-0.057234715670347214,-0.01300133392214775
4,0.04387581,0.08144374,"('rational', 'irrational')",0.043875809758901596,0.08144374191761017,0.03756793215870857
0,-0.01886063,-0.028771091,"('competent', 'incompetent')",-0.018860630691051483,-0.028771091252565384,-0.0099104605615139
3,0.016397148,0.049814057,"('able', 'unable')",0.016397148370742798,0.04981405660510063,0.033416908234357834
7,-0.01469843,-0.018618593,"('practical', 'impractical')",-0.014698429964482784,-0.018618592992424965,-0.003920163027942181
1,0.00047185397,-0.012143363,"('intelligent', 'unintelligent')",0.0004718539712484926,-0.012143363244831562,-0.012615217216080055
