,Wells_male,Wells_female,tuple,Fargo_male,Fargo_female,average_male,average_female,female-male
4,-0.13276945,-0.12499664,"('rational', 'irrational')",-0.09160592,-0.0677707,-0.11218768358230591,-0.09638366848230362,0.01580401510000229
7,-0.05957553,-0.055511918,"('practical', 'impractical')",-0.050501153,-0.049183656,-0.055038340389728546,-0.05234778672456741,0.002690553665161133
2,0.045781463,0.045901228,"('intelligent', 'stupid')",0.07246366,0.060343027,0.059122562408447266,0.05312212556600571,-0.006000436842441559
5,-0.044541854,-0.04794693,"('creative', 'uncreative')",-0.15702404,-0.16348264,-0.10078294575214386,-0.10571478307247162,-0.004931837320327759
3,-0.036220867,-0.026047073,"('able', 'unable')",-0.013103102,0.01598412,-0.02466198429465294,-0.005031476728618145,0.019630507566034794
6,0.013704341,-0.0024399352,"('capable', 'incapable')",0.01988983,0.007945882,0.016797084361314774,0.0027529734652489424,-0.014044110896065831
1,-0.011761002,-0.0004158042,"('intelligent', 'unintelligent')",0.0064302245,0.0037690802,-0.0026653888635337353,0.0016766379121690989,0.004342026775702834
0,0.008452195,0.005703285,"('competent', 'incompetent')",0.091708854,0.09005684,0.050080522894859314,0.047880060970783234,-0.0022004619240760803
