,Western_male,Western_female,tuple,Union_male,Union_female,average_male,average_female,female-male
5,-0.06136118,-0.0716003,"('creative', 'uncreative')",-0.059973728,-0.073029,-0.060667455196380615,-0.07231464982032776,-0.011647194623947144
6,-0.057994086,-0.028783116,"('capable', 'incapable')",-0.10431975,-0.08862622,-0.08115691691637039,-0.058704666793346405,0.022452250123023987
4,-0.03930675,-0.055642992,"('rational', 'irrational')",0.03137478,0.0367981,-0.003965985029935837,-0.00942244566977024,-0.005456460639834404
3,0.025017275,0.015244349,"('able', 'unable')",0.02280183,0.026788704,0.02390955202281475,0.021016526967287064,-0.002893025055527687
0,0.021650447,0.030744769,"('competent', 'incompetent')",0.027259586,0.030064402,0.02445501647889614,0.03040458634495735,0.005949569866061211
1,-0.013922424,-0.015252316,"('intelligent', 'unintelligent')",0.05030146,0.053241327,0.01818951778113842,0.01899450644850731,0.0008049886673688889
2,0.0133878905,0.021455634,"('intelligent', 'stupid')",0.012241656,0.002404929,0.012814773246645927,0.011930281296372414,-0.0008844919502735138
7,0.0065549086,-0.00984628,"('practical', 'impractical')",-0.026257955,-0.02362657,-0.009851522743701935,-0.016736425459384918,-0.006884902715682983
