,West_male,West_female,tuple,Pharmaceutical_male,Pharmaceutical_female,Services_male,Services_female,average_male,average_female,female-male
3,0.124674566,0.14148659,"('able', 'unable')",0.048454594,0.063283086,0.038890615,0.058799874,0.07067325711250305,0.08785651127497356,0.017183254162470504
4,-0.057297185,-0.058640514,"('rational', 'irrational')",0.008381126,0.007434746,-0.003905393,0.005056871,-0.01760714997847875,-0.015382965405782064,0.002224184572696684
6,-0.055209372,-0.056565918,"('capable', 'incapable')",-0.08118215,-0.086660884,-0.11026695,-0.11131189,-0.08221949140230815,-0.08484622836112976,-0.00262673695882161
7,0.0386159,0.045252997,"('practical', 'impractical')",0.032976646,0.033083454,-0.011741714,-0.0031877963,0.019950278103351593,0.025049549837907154,0.005099271734555561
5,-0.037772983,-0.057133652,"('creative', 'uncreative')",-0.09389056,-0.091474175,-0.006061723,-0.013786001,-0.04590842127799988,-0.05413127442200979,-0.00822285314400991
2,0.02806393,0.018364223,"('intelligent', 'stupid')",0.027193097,0.027114537,0.02319728,-0.007672766,0.026151436070601147,0.012601998945077261,-0.013549437125523886
0,-0.015144599,-0.0011675614,"('competent', 'incompetent')",-0.006735688,-0.00047230537,-0.11489722,-0.10913509,-0.045592501759529114,-0.036924985547860466,0.008667516211668648
1,-0.010449317,-0.01995706,"('intelligent', 'unintelligent')",-0.016632892,-0.008690217,0.08487477,0.0886893,0.019264187663793564,0.02001400664448738,0.0007498189806938171
