,Western_male,Western_female,tuple,Digital_male,Digital_female,average_male,average_female,female-male
5,-0.06136118,-0.0716003,"('creative', 'uncreative')",0.020927057,0.030094642,-0.020217061042785645,-0.020752830430865288,-0.0005357693880796432
6,-0.057994086,-0.028783116,"('capable', 'incapable')",-0.09819268,-0.09514702,-0.07809337973594666,-0.06196507066488266,0.016128309071063995
4,-0.03930675,-0.055642992,"('rational', 'irrational')",-0.13626768,-0.13055645,-0.0877872109413147,-0.09309972077608109,-0.005312509834766388
3,0.025017275,0.015244349,"('able', 'unable')",0.06055237,0.087995015,0.04278482124209404,0.05161968246102333,0.00883486121892929
0,0.021650447,0.030744769,"('competent', 'incompetent')",0.035084795,0.026985329,0.028367619961500168,0.02886504866182804,0.0004974287003278732
1,-0.013922424,-0.015252316,"('intelligent', 'unintelligent')",-0.009161901,-0.009048001,-0.011542161926627159,-0.012150159105658531,-0.0006079971790313721
2,0.0133878905,0.021455634,"('intelligent', 'stupid')",-0.025926292,-0.03169127,-0.0062692007049918175,-0.005117818713188171,0.001151381991803646
7,0.0065549086,-0.00984628,"('practical', 'impractical')",0.045566365,0.041944906,0.026060637086629868,0.01604931242763996,-0.010011324658989906
