,WestRock_male,WestRock_female,tuple,average_male,average_female,female-male
5,-0.1149882,-0.093521014,"('creative', 'uncreative')",-0.11498820036649704,-0.09352101385593414,0.021467186510562897
2,0.044245895,0.040105525,"('intelligent', 'stupid')",0.044245894998311996,0.04010552540421486,-0.0041403695940971375
4,-0.026097221,-0.01663887,"('rational', 'irrational')",-0.026097221300005913,-0.016638869419693947,0.009458351880311966
3,0.0148125645,0.036694385,"('able', 'unable')",0.014812564477324486,0.03669438511133194,0.021881820634007454
7,-0.011890741,-0.0026951018,"('practical', 'impractical')",-0.011890741065144539,-0.0026951017789542675,0.009195639286190271
6,0.007817478,0.002127797,"('capable', 'incapable')",0.00781747791916132,0.002127797110006213,-0.0056896808091551065
0,0.0064931754,-0.007579145,"('competent', 'incompetent')",0.0064931754022836685,-0.007579145021736622,-0.01407232042402029
1,0.0051941625,0.0078644175,"('intelligent', 'unintelligent')",0.005194162484258413,0.007864417508244514,0.002670255023986101
