,Weyerhaeuser_male,Weyerhaeuser_female,tuple,average_male,average_female,female-male
7,-0.1768963,-0.17570615,"('practical', 'impractical')",-0.17689630389213562,-0.175706148147583,0.0011901557445526123
0,0.087741844,0.09788517,"('competent', 'incompetent')",0.08774184435606003,0.09788516908884048,0.010143324732780457
3,-0.07211831,-0.07426714,"('able', 'unable')",-0.07211831212043762,-0.07426714152097702,-0.002148829400539398
2,0.06377276,0.05593108,"('intelligent', 'stupid')",0.0637727603316307,0.055931080132722855,-0.007841680198907852
5,-0.060260672,-0.06562749,"('creative', 'uncreative')",-0.060260672122240067,-0.06562749296426773,-0.005366820842027664
4,0.034558106,0.040093426,"('rational', 'irrational')",0.03455810621380806,0.040093425661325455,0.005535319447517395
1,-0.01904533,-0.020378688,"('intelligent', 'unintelligent')",-0.019045330584049225,-0.020378688350319862,-0.0013333577662706375
6,0.018540323,0.019839538,"('capable', 'incapable')",0.01854032278060913,0.019839538261294365,0.001299215480685234
