,Whirlpool_male,Whirlpool_female,tuple,Corporation_male,Corporation_female,average_male,average_female,female-male
0,0.1074938,0.12792863,"('competent', 'incompetent')",-0.0069387513,0.00029346623,0.050277527421712875,0.06411104649305344,0.013833519071340561
7,-0.07897548,-0.0916012,"('practical', 'impractical')",0.058297187,0.0635866,-0.010339144617319107,-0.01400730013847351,-0.0036681555211544037
4,-0.05637243,-0.06913954,"('rational', 'irrational')",-0.006659922,-0.005100324,-0.0315161757171154,-0.03711993247270584,-0.005603756755590439
6,0.0138768805,0.020387005,"('capable', 'incapable')",-0.08914686,-0.09466634,-0.037634991109371185,-0.03713966906070709,0.000495322048664093
2,0.012904666,0.012812359,"('intelligent', 'stupid')",0.013934675,-0.0056333407,0.01341967098414898,0.0035895092878490686,-0.00983016169629991
3,-0.011787314,-0.025203904,"('able', 'unable')",0.02245296,0.04172615,0.005332822911441326,0.008261122740805149,0.002928299829363823
1,0.00896842,-0.008462803,"('intelligent', 'unintelligent')",0.025585327,0.033832077,0.01727687381207943,0.012684636749327183,-0.004592237062752247
5,0.003556492,-0.0009764548,"('creative', 'uncreative')",-0.08197817,-0.07486644,-0.03921084105968475,-0.037921447306871414,0.0012893937528133392
