,Williams_male,Williams_female,tuple,Companies_male,Companies_female,average_male,average_female,female-male
4,-0.12960622,-0.123176396,"('rational', 'irrational')",-0.021590585,-0.031877685,-0.07559840381145477,-0.07752703875303268,-0.0019286349415779114
3,0.051605843,0.040575918,"('able', 'unable')",0.01578776,0.023329385,0.03369680047035217,0.03195264935493469,-0.0017441511154174805
6,-0.03884919,-0.019501943,"('capable', 'incapable')",-0.10498464,-0.10774191,-0.07191691547632217,-0.06362192332744598,0.00829499214887619
5,-0.03764098,-0.057225768,"('creative', 'uncreative')",-0.054621387,-0.052113697,-0.0461311861872673,-0.05466973036527634,-0.008538544178009033
0,0.028001962,0.045286253,"('competent', 'incompetent')",-0.03707501,-0.021511063,-0.0045365234836936,0.011887595057487488,0.016424118541181087
2,0.024392717,0.024700062,"('intelligent', 'stupid')",0.017323487,-0.0041556205,0.020858101546764374,0.010272220708429813,-0.01058588083833456
1,0.022086192,0.023504369,"('intelligent', 'unintelligent')",0.049375955,0.057373043,0.03573107346892357,0.0404387041926384,0.0047076307237148285
7,0.0151241245,0.02285989,"('practical', 'impractical')",0.048505656,0.053407084,0.03181489184498787,0.03813348710536957,0.006318595260381699
