,Willis_male,Willis_female,tuple,Towers_male,Towers_female,Watson_male,Watson_female,average_male,average_female,female-male
4,-0.054978896,-0.040163275,"('rational', 'irrational')",-0.039702278,-0.035550766,-0.018881962,-0.01087466,-0.03785437842210134,-0.02886289854844411,0.00899147987365723
3,0.048516706,0.062449604,"('able', 'unable')",0.094762124,0.084057115,0.045809913,0.05349516,0.06302958230177562,0.06666729847590129,0.0036377161741256714
5,-0.044163916,-0.050544668,"('creative', 'uncreative')",-0.11954789,-0.13286054,-0.07421283,-0.088085696,-0.07930821180343628,-0.09049696723620097,-0.011188755432764694
7,-0.031067278,-0.026675783,"('practical', 'impractical')",0.015028603,0.019173615,-0.01873565,-0.026085597,-0.011591441929340363,-0.011195921649535498,0.00039552027980486494
2,0.01963636,-1.3091978e-05,"('intelligent', 'stupid')",0.04519002,0.01979214,0.09300225,0.088859804,0.052609543005625405,0.03621295094490051,-0.016396592060724892
1,0.017443184,0.017504225,"('intelligent', 'unintelligent')",0.034553826,0.04325629,0.023332594,0.024097966,0.025109867254892986,0.0282861590385437,0.003176291783650715
6,-0.0161227,-0.01995097,"('capable', 'incapable')",-0.048184592,-0.0517566,-0.026088303,-0.031405155,-0.030131866534550984,-0.03437090913454691,-0.00423904259999593
0,0.009675095,0.01850586,"('competent', 'incompetent')",0.008942135,0.020750608,-0.008788861,0.006097168,0.003276122733950615,0.015117878715197245,0.01184175598124663
