,Wynn_male,Wynn_female,tuple,Resorts_male,Resorts_female,average_male,average_female,female-male
5,-0.18180709,-0.18497254,"('creative', 'uncreative')",-0.12981044,-0.13698691,-0.15580876171588898,-0.1609797179698944,-0.005170956254005432
0,0.076951675,0.07950088,"('competent', 'incompetent')",-0.006000412,-0.004604272,0.035475630313158035,0.037448301911354065,0.0019726715981960297
4,-0.07348468,-0.06563331,"('rational', 'irrational')",-0.06994805,-0.084362894,-0.07171636819839478,-0.07499810308218002,-0.003281734883785248
7,-0.060698617,-0.05494225,"('practical', 'impractical')",0.016138123,0.013319373,-0.022280246019363403,-0.02081143856048584,0.0014688074588775635
3,-0.036706217,-0.016194077,"('able', 'unable')",0.061200853,0.061748113,0.012247318401932716,0.022777017205953598,0.010529698804020882
2,0.028755194,0.0108197965,"('intelligent', 'stupid')",0.071362995,0.065242834,0.05005909502506256,0.03803131729364395,-0.01202777773141861
6,0.028688246,0.019763196,"('capable', 'incapable')",-0.06944711,-0.057999115,-0.020379431545734406,-0.01911795884370804,0.0012614727020263672
1,0.003015746,-0.0032241964,"('intelligent', 'unintelligent')",0.031895436,0.028165115,0.01745559088885784,0.012470459565520287,-0.004985131323337555
