,Xcel_male,Xcel_female,tuple,Energy_male,Energy_female,average_male,average_female,female-male
5,-0.07678529,-0.07274495,"('creative', 'uncreative')",-0.005074311,-0.02356725,-0.040929801762104034,-0.04815610125660896,-0.007226299494504929
0,0.069069214,0.07396274,"('competent', 'incompetent')",0.039062213,0.042480562,0.05406571179628372,0.05822165310382843,0.004155941307544708
7,-0.031073684,-0.048521426,"('practical', 'impractical')",-0.03488957,-0.029364854,-0.03298162668943405,-0.03894314169883728,-0.005961515009403229
6,0.028192012,0.02888331,"('capable', 'incapable')",-0.06564437,-0.06611495,-0.018726177513599396,-0.01861581951379776,0.00011035799980163574
2,-0.016114999,-0.0006099297,"('intelligent', 'stupid')",-0.065077595,-0.07664522,-0.04059629887342453,-0.03862757235765457,0.0019687265157699585
3,-0.003532122,0.002073751,"('able', 'unable')",0.03048999,0.053108077,0.01347893476486206,0.027590913698077202,0.014111978933215141
4,-0.00089403143,-0.0053034523,"('rational', 'irrational')",-0.05856218,-0.055049308,-0.029728105291724205,-0.030176380649209023,-0.0004482753574848175
1,-0.00077290024,0.002127539,"('intelligent', 'unintelligent')",0.0046072626,0.010602739,0.0019171811873093247,0.006365139037370682,0.004447957850061357
