,Xilinx_male,Xilinx_female,tuple,average_male,average_female,female-male
5,-0.12891173,-0.1369574,"('creative', 'uncreative')",-0.12891173362731934,-0.13695740699768066,-0.008045673370361328
0,0.12337786,0.12954393,"('competent', 'incompetent')",0.12337785959243774,0.12954393029212952,0.0061660706996917725
7,-0.086676806,-0.08871786,"('practical', 'impractical')",-0.08667680621147156,-0.08871786296367645,-0.002041056752204895
4,-0.07129227,-0.064956956,"('rational', 'irrational')",-0.07129227370023727,-0.06495695561170578,0.006335318088531494
3,-0.068776734,-0.05342744,"('able', 'unable')",-0.06877673417329788,-0.05342743918299675,0.015349294990301132
6,0.052557305,0.058957167,"('capable', 'incapable')",0.05255730450153351,0.058957166969776154,0.006399862468242645
1,-0.045768403,-0.039743178,"('intelligent', 'unintelligent')",-0.04576840251684189,-0.039743177592754364,0.006025224924087524
2,-0.020226467,-0.028735988,"('intelligent', 'stupid')",-0.02022646740078926,-0.028735987842082977,-0.008509520441293716
