,Xylem_male,Xylem_female,tuple,average_male,average_female,female-male
0,0.05064702,0.05867938,"('competent', 'incompetent')",0.05064702033996582,0.058679379522800446,0.008032359182834625
7,-0.049303256,-0.05521505,"('practical', 'impractical')",-0.04930325597524643,-0.05521504953503609,-0.005911793559789658
4,0.036493234,0.053130962,"('rational', 'irrational')",0.03649323433637619,0.05313096195459366,0.016637727618217468
6,-0.03163902,-0.008972083,"('capable', 'incapable')",-0.03163902088999748,-0.00897208321839571,0.022666937671601772
5,-0.03133677,0.010362743,"('creative', 'uncreative')",-0.031336769461631775,0.010362743400037289,0.041699512861669064
1,0.012958834,0.0052483813,"('intelligent', 'unintelligent')",0.012958833947777748,0.005248381290584803,-0.0077104526571929455
2,0.0072693718,-0.036484286,"('intelligent', 'stupid')",0.0072693717665970325,-0.036484286189079285,-0.04375365795567632
3,-0.0029755475,0.0040873983,"('able', 'unable')",-0.0029755474533885717,0.004087398294359446,0.007062945747748017
