,Yum!_male,Yum!_female,tuple,Brands_male,Brands_female,average_male,average_female,female-male
7,-0.11451018,-0.1074429,"('practical', 'impractical')",0.0060534193,-0.00010300318,-0.05422838032245636,-0.053772952407598495,0.0004554279148578644
0,0.10929875,0.10772435,"('competent', 'incompetent')",0.018575791,0.016808469,0.06393726915121078,0.062266409397125244,-0.0016708597540855408
5,-0.058089968,-0.061502773,"('creative', 'uncreative')",-0.10751212,-0.1009526,-0.08280104398727417,-0.08122768998146057,0.0015733540058135986
3,-0.056537524,-0.0553325,"('able', 'unable')",0.040701613,0.067288406,-0.00791795551776886,0.005977952852845192,0.013895908370614052
2,-0.04101922,-0.04783581,"('intelligent', 'stupid')",0.017031524,-0.00267768,-0.011993847787380219,-0.025256743654608727,-0.013262895867228508
4,0.023841957,0.014988306,"('rational', 'irrational')",-0.04174971,-0.054097496,-0.008953875862061977,-0.01955459453165531,-0.010600718669593334
1,-0.018347759,-0.014213303,"('intelligent', 'unintelligent')",0.04282979,0.04982045,0.012241015210747719,0.017803572118282318,0.005562556907534599
6,0.001728486,0.003580209,"('capable', 'incapable')",-0.05724465,-0.051725466,-0.027758082374930382,-0.02407262846827507,0.0036854539066553116
