,Zebra_male,Zebra_female,tuple,Technologies_male,Technologies_female,average_male,average_female,female-male
4,-0.08317425,-0.069135696,"('rational', 'irrational')",-0.048406024,-0.06244943,-0.06579013913869858,-0.06579256057739258,-2.421438694000244e-06
5,-0.06813133,-0.06558695,"('creative', 'uncreative')",-0.055901635,-0.041397434,-0.062016479671001434,-0.053492188453674316,0.008524291217327118
6,-0.04463348,-0.04414558,"('capable', 'incapable')",-0.058701407,-0.061793387,-0.05166744440793991,-0.05296948552131653,-0.0013020411133766174
0,0.03848403,0.026785433,"('competent', 'incompetent')",0.03510259,0.054882664,0.036793310195207596,0.04083404690027237,0.0040407367050647736
1,-0.01785282,-0.021367816,"('intelligent', 'unintelligent')",-0.030000392,-0.024963813,-0.02392660640180111,-0.023165814578533173,0.0007607918232679367
7,0.014347892,0.017503098,"('practical', 'impractical')",0.045350242,0.041509427,0.029849067330360413,0.02950626239180565,-0.0003428049385547638
3,0.0018701062,0.02046212,"('able', 'unable')",0.049809396,0.0571437,0.025839751586318016,0.03880291059613228,0.012963159009814262
2,-0.0010404557,-0.00872017,"('intelligent', 'stupid')",-0.060219824,-0.07023267,-0.030630139634013176,-0.0394764170050621,-0.008846277371048927
