,Zimmer_male,Zimmer_female,tuple,Biomet_male,Biomet_female,average_male,average_female,female-male
7,-0.10067545,-0.08971726,"('practical', 'impractical')",-0.011878166,-0.010660211,-0.05627680569887161,-0.050188735127449036,0.006088070571422577
5,-0.08515213,-0.07023881,"('creative', 'uncreative')",-0.050862864,-0.054165166,-0.06800749897956848,-0.062201984226703644,0.005805514752864838
0,0.05947165,0.06052189,"('competent', 'incompetent')",0.05105403,0.044901595,0.055262841284275055,0.052711740136146545,-0.0025511011481285095
2,0.03293122,0.012418509,"('intelligent', 'stupid')",-0.027884146,-0.02891071,0.002523536793887615,-0.008246099576354027,-0.010769636370241642
3,-0.027451945,-0.013014271,"('able', 'unable')",-0.0071556144,0.013916685,-0.01730377972126007,0.00045120716094970703,0.017754986882209778
4,0.023113014,0.036845967,"('rational', 'irrational')",0.044109665,0.05105522,0.03361133858561516,0.04395059496164322,0.010339256376028061
6,-0.012660731,-0.01587152,"('capable', 'incapable')",-0.011678483,-0.012000256,-0.012169606983661652,-0.013935888186097145,-0.0017662812024354935
1,0.0049354243,0.0015186089,"('intelligent', 'unintelligent')",-0.05112575,-0.048007384,-0.023095162585377693,-0.02324438840150833,-0.00014922581613063812
