,Zions_male,Zions_female,tuple,Bancorp_male,Bancorp_female,average_male,average_female,female-male
7,-0.0784,-0.07173271,"('practical', 'impractical')",-0.020163871,-0.024671437,-0.04928193613886833,-0.04820207133889198,0.0010798647999763489
0,0.06706982,0.06353189,"('competent', 'incompetent')",0.07772927,0.07863354,0.07239954173564911,0.0710827112197876,-0.0013168305158615112
5,-0.061994176,-0.060441628,"('creative', 'uncreative')",-0.15264937,-0.16359964,-0.10732177644968033,-0.11202063411474228,-0.004698857665061951
3,0.05386637,0.07292702,"('able', 'unable')",-0.02428069,-0.025027364,0.01479284092783928,0.02394982799887657,0.009156987071037292
6,-0.038107164,-0.04295297,"('capable', 'incapable')",-0.05399143,-0.041650724,-0.046049296855926514,-0.04230184853076935,0.0037474483251571655
2,0.033952504,0.029505666,"('intelligent', 'stupid')",0.06840645,0.06624419,0.05117947608232498,0.04787492752075195,-0.0033045485615730286
1,0.02834173,0.026807835,"('intelligent', 'unintelligent')",0.015860751,0.0077833273,0.02210124023258686,0.017295580357313156,-0.0048056598752737045
4,-0.010514263,0.0027196698,"('rational', 'irrational')",-0.033291183,-0.029435191,-0.021902723237872124,-0.01335776038467884,0.008544962853193283
