,Zoetis_male,Zoetis_female,tuple,average_male,average_female,female-male
5,-0.08860858,-0.08568175,"('creative', 'uncreative')",-0.08860857784748077,-0.08568175137042999,0.0029268264770507812
7,-0.073893085,-0.06144972,"('practical', 'impractical')",-0.07389308512210846,-0.061449721455574036,0.012443363666534424
0,0.073544726,0.06817504,"('competent', 'incompetent')",0.07354472577571869,0.06817504018545151,-0.005369685590267181
6,0.0600512,0.06228909,"('capable', 'incapable')",0.06005119904875755,0.06228908896446228,0.002237889915704727
4,-0.05008781,-0.046565328,"('rational', 'irrational')",-0.050087809562683105,-0.046565327793359756,0.003522481769323349
2,0.04459808,0.029738158,"('intelligent', 'stupid')",0.04459808021783829,0.029738157987594604,-0.014859922230243683
3,-0.027329192,-0.018840346,"('able', 'unable')",-0.02732919156551361,-0.018840346485376358,0.008488845080137253
1,0.0064125326,0.007521317,"('intelligent', 'unintelligent')",0.0064125326462090015,0.00752131687477231,0.0011087842285633087
